datetime,pm25,hour,day,month,aqi
2025-09-25 06:00:00+05:30,31.0,6,25,9,124.0
2025-09-25 07:00:00+05:30,32.0,7,25,9,128.0
2025-09-25 08:00:00+05:30,25.0,8,25,9,100.0
2025-09-25 09:00:00+05:30,26.0,9,25,9,104.0
2025-09-25 10:00:00+05:30,25.0,10,25,9,100.0
2025-09-25 11:00:00+05:30,23.0,11,25,9,92.0
2025-09-25 12:00:00+05:30,21.0,12,25,9,84.0
2025-09-25 13:00:00+05:30,25.0,13,25,9,100.0
2025-09-25 14:00:00+05:30,21.0,14,25,9,84.0
2025-09-25 15:00:00+05:30,17.0,15,25,9,68.0
2025-09-25 16:00:00+05:30,23.0,16,25,9,92.0
2025-09-25 17:00:00+05:30,23.0,17,25,9,92.0
2025-09-25 18:00:00+05:30,21.0,18,25,9,84.0
2025-09-25 19:00:00+05:30,28.0,19,25,9,112.0
2025-09-25 20:00:00+05:30,27.0,20,25,9,108.0
2025-09-25 21:00:00+05:30,36.0,21,25,9,144.0
2025-09-25 22:00:00+05:30,36.0,22,25,9,144.0
2025-09-25 23:00:00+05:30,33.0,23,25,9,132.0
2025-09-26 00:00:00+05:30,27.0,0,26,9,108.0
2025-09-26 01:00:00+05:30,27.0,1,26,9,108.0
2025-09-26 02:00:00+05:30,23.0,2,26,9,92.0
2025-09-26 03:00:00+05:30,23.0,3,26,9,92.0
2025-09-26 04:00:00+05:30,27.0,4,26,9,108.0
2025-09-26 05:00:00+05:30,30.0,5,26,9,120.0
2025-09-26 06:00:00+05:30,41.0,6,26,9,164.0
2025-09-26 07:00:00+05:30,43.0,7,26,9,172.0
2025-09-26 08:00:00+05:30,41.0,8,26,9,164.0
2025-09-26 09:00:00+05:30,44.0,9,26,9,176.0
2025-09-26 10:00:00+05:30,42.0,10,26,9,168.0
2025-09-26 11:00:00+05:30,30.0,11,26,9,120.0
2025-09-26 12:00:00+05:30,26.0,12,26,9,104.0
2025-09-26 13:00:00+05:30,24.0,13,26,9,96.0
2025-09-26 14:00:00+05:30,25.0,14,26,9,100.0
2025-09-26 15:00:00+05:30,29.0,15,26,9,116.0
2025-09-26 16:00:00+05:30,13.0,16,26,9,52.0
2025-09-26 17:00:00+05:30,33.0,17,26,9,132.0
2025-09-26 18:00:00+05:30,18.0,18,26,9,72.0
2025-09-26 19:00:00+05:30,23.0,19,26,9,92.0
2025-09-26 20:00:00+05:30,26.0,20,26,9,104.0
2025-09-26 21:00:00+05:30,33.0,21,26,9,132.0
2025-09-26 22:00:00+05:30,30.0,22,26,9,120.0
2025-09-26 23:00:00+05:30,32.0,23,26,9,128.0
2025-09-27 00:00:00+05:30,39.0,0,27,9,156.0
2025-09-27 01:00:00+05:30,32.0,1,27,9,128.0
2025-09-27 02:00:00+05:30,35.0,2,27,9,140.0
2025-09-27 03:00:00+05:30,35.0,3,27,9,140.0
2025-09-27 04:00:00+05:30,40.0,4,27,9,160.0
2025-09-27 05:00:00+05:30,48.0,5,27,9,192.0
2025-09-27 06:00:00+05:30,44.0,6,27,9,176.0
2025-09-27 07:00:00+05:30,51.0,7,27,9,204.0
2025-09-27 08:00:00+05:30,53.0,8,27,9,212.0
2025-09-27 09:00:00+05:30,54.0,9,27,9,216.0
2025-09-27 10:00:00+05:30,58.0,10,27,9,232.0
2025-09-27 11:00:00+05:30,62.0,11,27,9,248.0
2025-09-27 12:00:00+05:30,61.0,12,27,9,244.0
2025-09-27 13:00:00+05:30,61.0,13,27,9,244.0
2025-09-27 14:00:00+05:30,60.0,14,27,9,240.0
2025-09-27 15:00:00+05:30,54.0,15,27,9,216.0
2025-09-27 16:00:00+05:30,56.0,16,27,9,224.0
2025-09-27 17:00:00+05:30,61.0,17,27,9,244.0
2025-09-27 18:00:00+05:30,70.0,18,27,9,280.0
2025-09-27 19:00:00+05:30,65.0,19,27,9,260.0
2025-09-27 20:00:00+05:30,68.0,20,27,9,272.0
2025-09-27 21:00:00+05:30,77.0,21,27,9,308.0
2025-09-27 22:00:00+05:30,85.0,22,27,9,340.0
2025-09-27 23:00:00+05:30,83.0,23,27,9,332.0
2025-09-28 00:00:00+05:30,87.0,0,28,9,348.0
2025-09-28 01:00:00+05:30,87.0,1,28,9,348.0
2025-09-28 02:00:00+05:30,79.0,2,28,9,316.0
2025-09-28 03:00:00+05:30,61.0,3,28,9,244.0
2025-09-28 04:00:00+05:30,30.0,4,28,9,120.0
2025-09-28 05:00:00+05:30,26.0,5,28,9,104.0
2025-09-28 06:00:00+05:30,19.0,6,28,9,76.0
2025-09-28 07:00:00+05:30,17.0,7,28,9,68.0
2025-09-28 08:00:00+05:30,20.0,8,28,9,80.0
2025-09-28 09:00:00+05:30,23.0,9,28,9,92.0
2025-09-28 10:00:00+05:30,22.0,10,28,9,88.0
2025-09-28 11:00:00+05:30,28.0,11,28,9,112.0
2025-09-28 12:00:00+05:30,15.0,12,28,9,60.0
2025-09-28 13:00:00+05:30,17.0,13,28,9,68.0
2025-09-28 14:00:00+05:30,8.0,14,28,9,32.0
2025-09-28 15:00:00+05:30,7.0,15,28,9,28.0
2025-09-28 16:00:00+05:30,8.0,16,28,9,32.0
2025-09-28 17:00:00+05:30,17.0,17,28,9,68.0
2025-09-28 18:00:00+05:30,22.0,18,28,9,88.0
2025-09-28 19:00:00+05:30,24.0,19,28,9,96.0
2025-09-28 20:00:00+05:30,25.0,20,28,9,100.0
2025-09-28 21:00:00+05:30,33.0,21,28,9,132.0
2025-09-28 22:00:00+05:30,36.0,22,28,9,144.0
2025-09-28 23:00:00+05:30,36.0,23,28,9,144.0
2025-09-29 00:00:00+05:30,39.0,0,29,9,156.0
2025-09-29 01:00:00+05:30,38.0,1,29,9,152.0
2025-09-29 02:00:00+05:30,39.0,2,29,9,156.0
2025-09-29 03:00:00+05:30,34.0,3,29,9,136.0
2025-09-29 04:00:00+05:30,33.0,4,29,9,132.0
2025-09-29 05:00:00+05:30,31.0,5,29,9,124.0
2025-09-29 06:00:00+05:30,35.0,6,29,9,140.0
2025-09-29 07:00:00+05:30,39.0,7,29,9,156.0
2025-09-29 08:00:00+05:30,48.0,8,29,9,192.0
2025-09-29 09:00:00+05:30,32.0,9,29,9,128.0
2025-09-29 10:00:00+05:30,36.0,10,29,9,144.0
2025-09-29 11:00:00+05:30,28.0,11,29,9,112.0
2025-09-29 12:00:00+05:30,26.0,12,29,9,104.0
2025-09-29 13:00:00+05:30,26.0,13,29,9,104.0
2025-09-29 14:00:00+05:30,21.0,14,29,9,84.0
2025-09-29 15:00:00+05:30,26.0,15,29,9,104.0
2025-09-29 16:00:00+05:30,28.0,16,29,9,112.0
2025-09-29 17:00:00+05:30,28.0,17,29,9,112.0
2025-09-29 18:00:00+05:30,27.0,18,29,9,108.0
2025-09-29 19:00:00+05:30,29.0,19,29,9,116.0
2025-09-29 20:00:00+05:30,40.0,20,29,9,160.0
2025-09-29 21:00:00+05:30,46.0,21,29,9,184.0
2025-09-29 22:00:00+05:30,45.0,22,29,9,180.0
2025-09-29 23:00:00+05:30,43.0,23,29,9,172.0
2025-09-30 00:00:00+05:30,52.0,0,30,9,208.0
2025-09-30 01:00:00+05:30,46.0,1,30,9,184.0
2025-09-30 02:00:00+05:30,43.0,2,30,9,172.0
2025-09-30 03:00:00+05:30,42.0,3,30,9,168.0
2025-09-30 04:00:00+05:30,49.0,4,30,9,196.0
2025-09-30 05:00:00+05:30,48.0,5,30,9,192.0
2025-09-30 06:00:00+05:30,46.0,6,30,9,184.0
2025-09-30 07:00:00+05:30,48.0,7,30,9,192.0
2025-09-30 08:00:00+05:30,53.0,8,30,9,212.0
2025-09-30 09:00:00+05:30,44.0,9,30,9,176.0
2025-09-30 10:00:00+05:30,48.0,10,30,9,192.0
2025-09-30 11:00:00+05:30,35.0,11,30,9,140.0
2025-09-30 12:00:00+05:30,34.0,12,30,9,136.0
2025-09-30 13:00:00+05:30,3.0,13,30,9,12.0
2025-09-30 14:00:00+05:30,8.0,14,30,9,32.0
2025-09-30 15:00:00+05:30,8.0,15,30,9,32.0
2025-09-30 16:00:00+05:30,19.0,16,30,9,76.0
2025-09-30 17:00:00+05:30,16.0,17,30,9,64.0
2025-09-30 18:00:00+05:30,27.0,18,30,9,108.0
2025-09-30 19:00:00+05:30,27.0,19,30,9,108.0
2025-09-30 20:00:00+05:30,45.0,20,30,9,180.0
2025-09-30 21:00:00+05:30,50.0,21,30,9,200.0
2025-09-30 22:00:00+05:30,34.0,22,30,9,136.0
2025-09-30 23:00:00+05:30,22.0,23,30,9,88.0
2025-10-01 00:00:00+05:30,13.0,0,1,10,52.0
2025-10-01 01:00:00+05:30,12.0,1,1,10,48.0
2025-10-01 02:00:00+05:30,9.0,2,1,10,36.0
2025-10-01 03:00:00+05:30,13.0,3,1,10,52.0
2025-10-01 04:00:00+05:30,12.0,4,1,10,48.0
2025-10-01 05:00:00+05:30,14.0,5,1,10,56.0
2025-10-01 06:00:00+05:30,13.0,6,1,10,52.0
2025-10-01 07:00:00+05:30,14.0,7,1,10,56.0
2025-10-01 08:00:00+05:30,47.0,8,1,10,188.0
2025-10-01 09:00:00+05:30,53.0,9,1,10,212.0
2025-10-01 10:00:00+05:30,41.0,10,1,10,164.0
2025-10-01 11:00:00+05:30,51.0,11,1,10,204.0
2025-10-01 12:00:00+05:30,53.0,12,1,10,212.0
2025-10-01 13:00:00+05:30,43.0,13,1,10,172.0
2025-10-01 14:00:00+05:30,50.0,14,1,10,200.0
2025-10-01 15:00:00+05:30,50.0,15,1,10,200.0
2025-10-01 16:00:00+05:30,54.0,16,1,10,216.0
2025-10-01 17:00:00+05:30,49.0,17,1,10,196.0
2025-10-01 18:00:00+05:30,41.0,18,1,10,164.0
2025-10-01 19:00:00+05:30,59.0,19,1,10,236.0
2025-10-01 20:00:00+05:30,56.0,20,1,10,224.0
2025-10-01 21:00:00+05:30,53.0,21,1,10,212.0
2025-10-01 22:00:00+05:30,62.0,22,1,10,248.0
2025-10-01 23:00:00+05:30,81.0,23,1,10,324.0
2025-10-02 00:00:00+05:30,44.0,0,2,10,176.0
2025-10-02 01:00:00+05:30,33.0,1,2,10,132.0
2025-10-02 02:00:00+05:30,30.0,2,2,10,120.0
2025-10-02 03:00:00+05:30,27.0,3,2,10,108.0
2025-10-02 04:00:00+05:30,29.0,4,2,10,116.0
2025-10-02 05:00:00+05:30,24.0,5,2,10,96.0
2025-10-02 06:00:00+05:30,21.0,6,2,10,84.0
2025-10-02 07:00:00+05:30,29.0,7,2,10,116.0
2025-10-02 08:00:00+05:30,26.0,8,2,10,104.0
2025-10-02 09:00:00+05:30,36.0,9,2,10,144.0
2025-10-02 10:00:00+05:30,53.0,10,2,10,212.0
2025-10-02 11:00:00+05:30,44.0,11,2,10,176.0
2025-10-02 12:00:00+05:30,52.0,12,2,10,208.0
2025-10-02 13:00:00+05:30,55.0,13,2,10,220.0
2025-10-02 14:00:00+05:30,63.0,14,2,10,252.0
2025-10-02 15:00:00+05:30,48.0,15,2,10,192.0
2025-10-02 16:00:00+05:30,48.0,16,2,10,192.0
2025-10-02 17:00:00+05:30,46.0,17,2,10,184.0
2025-10-02 18:00:00+05:30,51.0,18,2,10,204.0
2025-10-02 19:00:00+05:30,26.0,19,2,10,104.0
2025-10-02 20:00:00+05:30,12.0,20,2,10,48.0
2025-10-02 21:00:00+05:30,25.0,21,2,10,100.0
2025-10-02 22:00:00+05:30,38.0,22,2,10,152.0
2025-10-02 23:00:00+05:30,42.0,23,2,10,168.0
2025-10-03 00:00:00+05:30,34.0,0,3,10,136.0
2025-10-03 01:00:00+05:30,26.0,1,3,10,104.0
2025-10-03 02:00:00+05:30,28.0,2,3,10,112.0
2025-10-03 03:00:00+05:30,26.0,3,3,10,104.0
2025-10-03 04:00:00+05:30,24.0,4,3,10,96.0
2025-10-03 05:00:00+05:30,22.0,5,3,10,88.0
2025-10-03 06:00:00+05:30,25.0,6,3,10,100.0
2025-10-03 07:00:00+05:30,24.0,7,3,10,96.0
2025-10-03 08:00:00+05:30,23.0,8,3,10,92.0
2025-10-03 09:00:00+05:30,27.0,9,3,10,108.0
2025-10-03 10:00:00+05:30,25.0,10,3,10,100.0
2025-10-03 11:00:00+05:30,18.0,11,3,10,72.0
2025-10-03 12:00:00+05:30,17.0,12,3,10,68.0
2025-10-03 13:00:00+05:30,16.0,13,3,10,64.0
2025-10-03 14:00:00+05:30,11.0,14,3,10,44.0
2025-10-03 15:00:00+05:30,44.0,15,3,10,176.0
2025-10-03 16:00:00+05:30,37.0,16,3,10,148.0
2025-10-03 17:00:00+05:30,29.0,17,3,10,116.0
2025-10-03 18:00:00+05:30,20.0,18,3,10,80.0
2025-10-03 19:00:00+05:30,18.0,19,3,10,72.0
2025-10-03 20:00:00+05:30,30.0,20,3,10,120.0
2025-10-03 21:00:00+05:30,36.0,21,3,10,144.0
2025-10-03 22:00:00+05:30,34.0,22,3,10,136.0
2025-10-03 23:00:00+05:30,37.0,23,3,10,148.0
2025-10-04 00:00:00+05:30,42.0,0,4,10,168.0
2025-10-04 01:00:00+05:30,42.0,1,4,10,168.0
2025-10-04 02:00:00+05:30,36.0,2,4,10,144.0
2025-10-04 03:00:00+05:30,54.0,3,4,10,216.0
2025-10-04 04:00:00+05:30,70.0,4,4,10,280.0
2025-10-04 05:00:00+05:30,56.0,5,4,10,224.0
2025-10-04 06:00:00+05:30,54.0,6,4,10,216.0
2025-10-04 07:00:00+05:30,51.0,7,4,10,204.0
2025-10-04 08:00:00+05:30,79.0,8,4,10,316.0
2025-10-04 09:00:00+05:30,98.0,9,4,10,392.0
2025-10-04 10:00:00+05:30,65.0,10,4,10,260.0
2025-10-04 11:00:00+05:30,40.0,11,4,10,160.0
2025-10-04 12:00:00+05:30,46.0,12,4,10,184.0
2025-10-04 13:00:00+05:30,36.0,13,4,10,144.0
2025-10-04 14:00:00+05:30,44.0,14,4,10,176.0
2025-10-04 15:00:00+05:30,42.0,15,4,10,168.0
2025-10-04 16:00:00+05:30,39.0,16,4,10,156.0
2025-10-04 17:00:00+05:30,40.0,17,4,10,160.0
2025-10-04 18:00:00+05:30,50.0,18,4,10,200.0
2025-10-04 19:00:00+05:30,63.0,19,4,10,252.0
2025-10-04 20:00:00+05:30,79.0,20,4,10,316.0
2025-10-04 21:00:00+05:30,77.0,21,4,10,308.0
2025-10-04 22:00:00+05:30,83.0,22,4,10,332.0
2025-10-04 23:00:00+05:30,70.0,23,4,10,280.0
2025-10-05 00:00:00+05:30,76.0,0,5,10,304.0
2025-10-05 01:00:00+05:30,73.0,1,5,10,292.0
2025-10-05 02:00:00+05:30,65.0,2,5,10,260.0
2025-10-05 03:00:00+05:30,70.0,3,5,10,280.0
2025-10-05 04:00:00+05:30,72.0,4,5,10,288.0
2025-10-05 05:00:00+05:30,78.0,5,5,10,312.0
2025-10-05 06:00:00+05:30,77.0,6,5,10,308.0
2025-10-05 07:00:00+05:30,69.0,7,5,10,276.0
2025-10-05 08:00:00+05:30,54.0,8,5,10,216.0
2025-10-05 09:00:00+05:30,37.0,9,5,10,148.0
2025-10-05 10:00:00+05:30,25.0,10,5,10,100.0
2025-10-05 11:00:00+05:30,26.0,11,5,10,104.0
2025-10-05 12:00:00+05:30,40.0,12,5,10,160.0
2025-10-05 13:00:00+05:30,74.0,13,5,10,296.0
2025-10-05 14:00:00+05:30,69.0,14,5,10,276.0
2025-10-05 15:00:00+05:30,58.0,15,5,10,232.0
2025-10-05 16:00:00+05:30,39.0,16,5,10,156.0
2025-10-05 17:00:00+05:30,40.0,17,5,10,160.0
2025-10-05 18:00:00+05:30,43.0,18,5,10,172.0
2025-10-05 19:00:00+05:30,44.0,19,5,10,176.0
2025-10-05 20:00:00+05:30,57.0,20,5,10,228.0
2025-10-05 21:00:00+05:30,65.0,21,5,10,260.0
2025-10-05 22:00:00+05:30,63.0,22,5,10,252.0
2025-10-05 23:00:00+05:30,73.0,23,5,10,292.0
2025-10-06 00:00:00+05:30,57.0,0,6,10,228.0
2025-10-06 01:00:00+05:30,13.0,1,6,10,52.0
2025-10-06 02:00:00+05:30,12.0,2,6,10,48.0
2025-10-06 03:00:00+05:30,12.0,3,6,10,48.0
2025-10-06 04:00:00+05:30,13.0,4,6,10,52.0
2025-10-06 05:00:00+05:30,11.0,5,6,10,44.0
2025-10-06 06:00:00+05:30,14.0,6,6,10,56.0
2025-10-06 07:00:00+05:30,16.0,7,6,10,64.0
2025-10-06 08:00:00+05:30,18.0,8,6,10,72.0
2025-10-06 09:00:00+05:30,26.0,9,6,10,104.0
2025-10-06 10:00:00+05:30,33.0,10,6,10,132.0
2025-10-06 11:00:00+05:30,37.0,11,6,10,148.0
2025-10-06 12:00:00+05:30,33.0,12,6,10,132.0
2025-10-06 13:00:00+05:30,34.0,13,6,10,136.0
2025-10-06 14:00:00+05:30,35.0,14,6,10,140.0
2025-10-06 15:00:00+05:30,26.0,15,6,10,104.0
2025-10-06 16:00:00+05:30,22.0,16,6,10,88.0
2025-10-06 17:00:00+05:30,22.0,17,6,10,88.0
2025-10-06 18:00:00+05:30,19.0,18,6,10,76.0
2025-10-06 19:00:00+05:30,30.0,19,6,10,120.0
2025-10-06 20:00:00+05:30,19.0,20,6,10,76.0
2025-10-06 21:00:00+05:30,33.0,21,6,10,132.0
2025-10-06 22:00:00+05:30,37.0,22,6,10,148.0
2025-10-06 23:00:00+05:30,31.0,23,6,10,124.0
2025-10-07 00:00:00+05:30,27.0,0,7,10,108.0
2025-10-07 01:00:00+05:30,26.0,1,7,10,104.0
2025-10-07 02:00:00+05:30,26.0,2,7,10,104.0
2025-10-07 03:00:00+05:30,21.0,3,7,10,84.0
2025-10-07 04:00:00+05:30,22.0,4,7,10,88.0
2025-10-07 05:00:00+05:30,19.0,5,7,10,76.0
2025-10-07 06:00:00+05:30,9.0,6,7,10,36.0
2025-10-07 07:00:00+05:30,18.0,7,7,10,72.0
2025-10-07 08:00:00+05:30,18.0,8,7,10,72.0
2025-10-07 09:00:00+05:30,22.0,9,7,10,88.0
2025-10-07 10:00:00+05:30,15.0,10,7,10,60.0
2025-10-07 11:00:00+05:30,10.0,11,7,10,40.0
2025-10-07 12:00:00+05:30,14.0,12,7,10,56.0
2025-10-07 13:00:00+05:30,25.0,13,7,10,100.0
2025-10-07 14:00:00+05:30,16.0,14,7,10,64.0
2025-10-07 15:00:00+05:30,12.0,15,7,10,48.0
2025-10-07 16:00:00+05:30,22.0,16,7,10,88.0
2025-10-07 17:00:00+05:30,12.0,17,7,10,48.0
2025-10-07 18:00:00+05:30,13.0,18,7,10,52.0
2025-10-07 19:00:00+05:30,11.0,19,7,10,44.0
2025-10-07 20:00:00+05:30,15.0,20,7,10,60.0
2025-10-07 21:00:00+05:30,18.0,21,7,10,72.0
2025-10-07 22:00:00+05:30,28.0,22,7,10,112.0
2025-10-07 23:00:00+05:30,39.0,23,7,10,156.0
2025-10-08 00:00:00+05:30,36.0,0,8,10,144.0
2025-10-08 01:00:00+05:30,26.0,1,8,10,104.0
2025-10-08 02:00:00+05:30,26.0,2,8,10,104.0
2025-10-08 03:00:00+05:30,29.0,3,8,10,116.0
2025-10-08 04:00:00+05:30,35.0,4,8,10,140.0
2025-10-08 05:00:00+05:30,34.0,5,8,10,136.0
2025-10-08 06:00:00+05:30,41.0,6,8,10,164.0
2025-10-08 07:00:00+05:30,38.0,7,8,10,152.0
2025-10-08 08:00:00+05:30,32.0,8,8,10,128.0
2025-10-08 09:00:00+05:30,34.0,9,8,10,136.0
2025-10-08 10:00:00+05:30,36.0,10,8,10,144.0
2025-10-08 11:00:00+05:30,41.0,11,8,10,164.0
2025-10-08 12:00:00+05:30,44.0,12,8,10,176.0
2025-10-08 13:00:00+05:30,47.0,13,8,10,188.0
2025-10-08 14:00:00+05:30,32.0,14,8,10,128.0
2025-10-08 15:00:00+05:30,33.0,15,8,10,132.0
2025-10-08 16:00:00+05:30,40.0,16,8,10,160.0
2025-10-08 17:00:00+05:30,32.0,17,8,10,128.0
2025-10-08 18:00:00+05:30,28.0,18,8,10,112.0
2025-10-08 19:00:00+05:30,34.0,19,8,10,136.0
2025-10-08 20:00:00+05:30,45.0,20,8,10,180.0
2025-10-08 21:00:00+05:30,47.0,21,8,10,188.0
2025-10-08 22:00:00+05:30,49.0,22,8,10,196.0
2025-10-08 23:00:00+05:30,38.0,23,8,10,152.0
2025-10-09 00:00:00+05:30,45.0,0,9,10,180.0
2025-10-09 01:00:00+05:30,49.0,1,9,10,196.0
2025-10-09 02:00:00+05:30,45.0,2,9,10,180.0
2025-10-09 03:00:00+05:30,40.0,3,9,10,160.0
2025-10-09 04:00:00+05:30,37.0,4,9,10,148.0
2025-10-09 05:00:00+05:30,46.0,5,9,10,184.0
2025-10-09 06:00:00+05:30,38.0,6,9,10,152.0
2025-10-09 07:00:00+05:30,41.0,7,9,10,164.0
2025-10-09 08:00:00+05:30,39.0,8,9,10,156.0
2025-10-09 09:00:00+05:30,43.0,9,9,10,172.0
2025-10-09 10:00:00+05:30,54.0,10,9,10,216.0
2025-10-09 11:00:00+05:30,43.0,11,9,10,172.0
2025-10-09 12:00:00+05:30,33.0,12,9,10,132.0
2025-10-09 13:00:00+05:30,17.0,13,9,10,68.0
2025-10-09 14:00:00+05:30,34.0,14,9,10,136.0
2025-10-09 15:00:00+05:30,36.0,15,9,10,144.0
2025-10-09 16:00:00+05:30,44.0,16,9,10,176.0
2025-10-09 17:00:00+05:30,29.0,17,9,10,116.0
2025-10-09 18:00:00+05:30,28.0,18,9,10,112.0
2025-10-09 19:00:00+05:30,33.0,19,9,10,132.0
2025-10-09 20:00:00+05:30,43.0,20,9,10,172.0
2025-10-09 21:00:00+05:30,57.0,21,9,10,228.0
2025-10-09 22:00:00+05:30,72.0,22,9,10,288.0
2025-10-09 23:00:00+05:30,70.0,23,9,10,280.0
2025-10-10 00:00:00+05:30,66.0,0,10,10,264.0
2025-10-10 01:00:00+05:30,73.0,1,10,10,292.0
2025-10-10 02:00:00+05:30,64.0,2,10,10,256.0
2025-10-10 03:00:00+05:30,64.0,3,10,10,256.0
2025-10-10 04:00:00+05:30,70.0,4,10,10,280.0
2025-10-10 05:00:00+05:30,59.0,5,10,10,236.0
2025-10-10 06:00:00+05:30,53.0,6,10,10,212.0
2025-10-10 07:00:00+05:30,54.0,7,10,10,216.0
2025-10-10 08:00:00+05:30,65.0,8,10,10,260.0
2025-10-10 09:00:00+05:30,63.0,9,10,10,252.0
2025-10-10 10:00:00+05:30,44.0,10,10,10,176.0
2025-10-10 11:00:00+05:30,62.0,11,10,10,248.0
2025-10-10 12:00:00+05:30,64.0,12,10,10,256.0
2025-10-10 13:00:00+05:30,56.0,13,10,10,224.0
2025-10-10 14:00:00+05:30,54.0,14,10,10,216.0
2025-10-10 15:00:00+05:30,60.0,15,10,10,240.0
2025-10-10 16:00:00+05:30,67.0,16,10,10,268.0
2025-10-10 17:00:00+05:30,68.0,17,10,10,272.0
2025-10-10 18:00:00+05:30,63.0,18,10,10,252.0
2025-10-10 19:00:00+05:30,67.0,19,10,10,268.0
2025-10-10 20:00:00+05:30,71.0,20,10,10,284.0
2025-10-10 21:00:00+05:30,100.0,21,10,10,400.0
2025-10-10 22:00:00+05:30,75.0,22,10,10,300.0
2025-10-10 23:00:00+05:30,73.0,23,10,10,292.0
2025-10-11 00:00:00+05:30,76.0,0,11,10,304.0
2025-10-11 01:00:00+05:30,80.0,1,11,10,320.0
2025-10-11 02:00:00+05:30,89.0,2,11,10,356.0
2025-10-11 03:00:00+05:30,97.0,3,11,10,388.0
2025-10-11 04:00:00+05:30,94.0,4,11,10,376.0
2025-10-11 05:00:00+05:30,92.0,5,11,10,368.0
2025-10-11 06:00:00+05:30,82.0,6,11,10,328.0
2025-10-11 07:00:00+05:30,77.0,7,11,10,308.0
2025-10-11 08:00:00+05:30,77.0,8,11,10,308.0
2025-10-11 09:00:00+05:30,67.0,9,11,10,268.0
2025-10-11 10:00:00+05:30,67.0,10,11,10,268.0
2025-10-11 11:00:00+05:30,59.0,11,11,10,236.0
2025-10-11 12:00:00+05:30,62.0,12,11,10,248.0
2025-10-11 13:00:00+05:30,56.0,13,11,10,224.0
2025-10-11 14:00:00+05:30,54.0,14,11,10,216.0
2025-10-11 15:00:00+05:30,53.0,15,11,10,212.0
2025-10-11 16:00:00+05:30,48.0,16,11,10,192.0
2025-10-11 17:00:00+05:30,49.0,17,11,10,196.0
2025-10-11 18:00:00+05:30,47.0,18,11,10,188.0
2025-10-11 19:00:00+05:30,51.0,19,11,10,204.0
2025-10-11 20:00:00+05:30,62.0,20,11,10,248.0
2025-10-11 21:00:00+05:30,70.0,21,11,10,280.0
2025-10-11 22:00:00+05:30,66.0,22,11,10,264.0
2025-10-11 23:00:00+05:30,80.0,23,11,10,320.0
2025-10-12 00:00:00+05:30,73.0,0,12,10,292.0
2025-10-12 01:00:00+05:30,69.0,1,12,10,276.0
2025-10-12 02:00:00+05:30,55.0,2,12,10,220.0
2025-10-12 03:00:00+05:30,63.0,3,12,10,252.0
2025-10-12 04:00:00+05:30,65.0,4,12,10,260.0
2025-10-12 05:00:00+05:30,73.0,5,12,10,292.0
2025-10-12 06:00:00+05:30,78.0,6,12,10,312.0
2025-10-12 07:00:00+05:30,75.0,7,12,10,300.0
2025-10-12 08:00:00+05:30,75.0,8,12,10,300.0
2025-10-12 09:00:00+05:30,76.0,9,12,10,304.0
2025-10-12 10:00:00+05:30,80.0,10,12,10,320.0
2025-10-12 11:00:00+05:30,78.0,11,12,10,312.0
2025-10-12 12:00:00+05:30,69.0,12,12,10,276.0
2025-10-12 13:00:00+05:30,55.0,13,12,10,220.0
2025-10-12 14:00:00+05:30,48.0,14,12,10,192.0
2025-10-12 15:00:00+05:30,43.0,15,12,10,172.0
2025-10-12 16:00:00+05:30,38.0,16,12,10,152.0
2025-10-12 17:00:00+05:30,34.0,17,12,10,136.0
2025-10-12 18:00:00+05:30,37.0,18,12,10,148.0
2025-10-12 19:00:00+05:30,46.0,19,12,10,184.0
2025-10-12 20:00:00+05:30,61.0,20,12,10,244.0
2025-10-12 21:00:00+05:30,74.0,21,12,10,296.0
2025-10-12 22:00:00+05:30,74.0,22,12,10,296.0
2025-10-12 23:00:00+05:30,81.0,23,12,10,324.0
2025-10-13 00:00:00+05:30,87.0,0,13,10,348.0
2025-10-13 01:00:00+05:30,75.0,1,13,10,300.0
2025-10-13 02:00:00+05:30,76.0,2,13,10,304.0
2025-10-13 03:00:00+05:30,65.0,3,13,10,260.0
2025-10-13 04:00:00+05:30,68.0,4,13,10,272.0
2025-10-13 05:00:00+05:30,60.0,5,13,10,240.0
2025-10-13 06:00:00+05:30,68.0,6,13,10,272.0
2025-10-13 07:00:00+05:30,99.0,7,13,10,396.0
2025-10-13 08:00:00+05:30,103.0,8,13,10,412.0
2025-10-13 09:00:00+05:30,107.0,9,13,10,428.0
2025-10-13 10:00:00+05:30,96.0,10,13,10,384.0
2025-10-13 11:00:00+05:30,70.0,11,13,10,280.0
2025-10-13 12:00:00+05:30,64.0,12,13,10,256.0
2025-10-13 13:00:00+05:30,56.0,13,13,10,224.0
2025-10-13 14:00:00+05:30,57.0,14,13,10,228.0
2025-10-13 15:00:00+05:30,53.0,15,13,10,212.0
2025-10-13 16:00:00+05:30,48.0,16,13,10,192.0
2025-10-13 17:00:00+05:30,48.0,17,13,10,192.0
2025-10-13 18:00:00+05:30,49.0,18,13,10,196.0
2025-10-13 19:00:00+05:30,67.0,19,13,10,268.0
2025-10-13 20:00:00+05:30,68.0,20,13,10,272.0
2025-10-13 21:00:00+05:30,75.0,21,13,10,300.0
2025-10-13 22:00:00+05:30,83.0,22,13,10,332.0
2025-10-13 23:00:00+05:30,86.0,23,13,10,344.0
2025-10-14 00:00:00+05:30,93.0,0,14,10,372.0
2025-10-14 01:00:00+05:30,97.0,1,14,10,388.0
2025-10-14 02:00:00+05:30,102.0,2,14,10,408.0
2025-10-14 03:00:00+05:30,102.0,3,14,10,408.0
2025-10-14 04:00:00+05:30,95.0,4,14,10,380.0
2025-10-14 05:00:00+05:30,99.0,5,14,10,396.0
2025-10-14 06:00:00+05:30,92.0,6,14,10,368.0
2025-10-14 07:00:00+05:30,91.0,7,14,10,364.0
2025-10-14 08:00:00+05:30,96.0,8,14,10,384.0
2025-10-14 09:00:00+05:30,97.0,9,14,10,388.0
2025-10-14 10:00:00+05:30,106.0,10,14,10,424.0
2025-10-14 11:00:00+05:30,80.0,11,14,10,320.0
2025-10-14 12:00:00+05:30,53.0,12,14,10,212.0
2025-10-14 13:00:00+05:30,51.0,13,14,10,204.0
2025-10-14 14:00:00+05:30,43.0,14,14,10,172.0
2025-10-14 15:00:00+05:30,48.0,15,14,10,192.0
2025-10-14 16:00:00+05:30,47.0,16,14,10,188.0
2025-10-14 17:00:00+05:30,52.0,17,14,10,208.0
2025-10-14 18:00:00+05:30,51.0,18,14,10,204.0
2025-10-14 19:00:00+05:30,53.0,19,14,10,212.0
2025-10-14 20:00:00+05:30,63.0,20,14,10,252.0
2025-10-14 21:00:00+05:30,65.0,21,14,10,260.0
2025-10-14 22:00:00+05:30,73.0,22,14,10,292.0
2025-10-14 23:00:00+05:30,71.0,23,14,10,284.0
2025-10-15 00:00:00+05:30,64.0,0,15,10,256.0
2025-10-15 01:00:00+05:30,72.0,1,15,10,288.0
2025-10-15 02:00:00+05:30,69.0,2,15,10,276.0
2025-10-15 03:00:00+05:30,78.0,3,15,10,312.0
2025-10-15 04:00:00+05:30,94.0,4,15,10,376.0
2025-10-15 05:00:00+05:30,97.0,5,15,10,388.0
2025-10-15 06:00:00+05:30,98.0,6,15,10,392.0
2025-10-15 07:00:00+05:30,100.0,7,15,10,400.0
2025-10-15 08:00:00+05:30,108.0,8,15,10,432.0
2025-10-15 09:00:00+05:30,116.0,9,15,10,464.0
2025-10-15 10:00:00+05:30,110.0,10,15,10,440.0
2025-10-15 11:00:00+05:30,75.0,11,15,10,300.0
2025-10-15 12:00:00+05:30,42.0,12,15,10,168.0
2025-10-15 13:00:00+05:30,46.0,13,15,10,184.0
2025-10-15 14:00:00+05:30,62.0,14,15,10,248.0
2025-10-15 15:00:00+05:30,50.0,15,15,10,200.0
2025-10-15 16:00:00+05:30,50.0,16,15,10,200.0
2025-10-15 18:00:00+05:30,48.0,18,15,10,192.0
2025-10-15 19:00:00+05:30,52.0,19,15,10,208.0
2025-10-15 20:00:00+05:30,57.0,20,15,10,228.0
2025-10-15 21:00:00+05:30,71.0,21,15,10,284.0
2025-10-15 22:00:00+05:30,75.0,22,15,10,300.0
2025-10-15 23:00:00+05:30,92.0,23,15,10,368.0
2025-10-16 00:00:00+05:30,90.0,0,16,10,360.0
2025-10-16 01:00:00+05:30,93.0,1,16,10,372.0
2025-10-16 02:00:00+05:30,94.0,2,16,10,376.0
2025-10-16 03:00:00+05:30,98.0,3,16,10,392.0
2025-10-16 04:00:00+05:30,103.0,4,16,10,412.0
2025-10-16 05:00:00+05:30,100.0,5,16,10,400.0
2025-10-16 06:00:00+05:30,95.0,6,16,10,380.0
2025-10-16 07:00:00+05:30,104.0,7,16,10,416.0
2025-10-16 08:00:00+05:30,119.0,8,16,10,476.0
2025-10-16 09:00:00+05:30,111.0,9,16,10,444.0
2025-10-16 10:00:00+05:30,116.0,10,16,10,464.0
2025-10-16 11:00:00+05:30,101.0,11,16,10,404.0
2025-10-16 12:00:00+05:30,81.0,12,16,10,324.0
2025-10-16 13:00:00+05:30,67.0,13,16,10,268.0
2025-10-16 14:00:00+05:30,59.0,14,16,10,236.0
2025-10-16 15:00:00+05:30,65.0,15,16,10,260.0
2025-10-16 16:00:00+05:30,62.0,16,16,10,248.0
2025-10-16 17:00:00+05:30,61.0,17,16,10,244.0
2025-10-16 18:00:00+05:30,60.0,18,16,10,240.0
2025-10-16 19:00:00+05:30,63.0,19,16,10,252.0
2025-10-16 20:00:00+05:30,69.0,20,16,10,276.0
2025-10-16 21:00:00+05:30,87.0,21,16,10,348.0
2025-10-16 22:00:00+05:30,96.0,22,16,10,384.0
2025-10-16 23:00:00+05:30,108.0,23,16,10,432.0
2025-10-17 00:00:00+05:30,114.0,0,17,10,456.0
2025-10-17 01:00:00+05:30,130.0,1,17,10,500.0
2025-10-17 02:00:00+05:30,137.0,2,17,10,500.0
2025-10-17 03:00:00+05:30,127.0,3,17,10,500.0
2025-10-17 04:00:00+05:30,124.0,4,17,10,496.0
2025-10-17 05:00:00+05:30,128.0,5,17,10,500.0
2025-10-17 06:00:00+05:30,115.0,6,17,10,460.0
2025-10-17 07:00:00+05:30,102.0,7,17,10,408.0
2025-10-17 08:00:00+05:30,88.0,8,17,10,352.0
2025-10-17 09:00:00+05:30,94.0,9,17,10,376.0
2025-10-17 10:00:00+05:30,101.0,10,17,10,404.0
2025-10-17 11:00:00+05:30,102.0,11,17,10,408.0
2025-10-17 12:00:00+05:30,96.0,12,17,10,384.0
2025-10-17 13:00:00+05:30,78.0,13,17,10,312.0
2025-10-17 14:00:00+05:30,81.0,14,17,10,324.0
2025-10-17 15:00:00+05:30,72.0,15,17,10,288.0
2025-10-17 16:00:00+05:30,76.0,16,17,10,304.0
2025-10-17 17:00:00+05:30,76.0,17,17,10,304.0
2025-10-17 18:00:00+05:30,73.0,18,17,10,292.0
2025-10-17 19:00:00+05:30,77.0,19,17,10,308.0
2025-10-17 20:00:00+05:30,93.0,20,17,10,372.0
2025-10-17 21:00:00+05:30,96.0,21,17,10,384.0
2025-10-17 22:00:00+05:30,110.0,22,17,10,440.0
2025-10-17 23:00:00+05:30,116.0,23,17,10,464.0
2025-10-18 00:00:00+05:30,121.0,0,18,10,484.0
2025-10-18 01:00:00+05:30,137.0,1,18,10,500.0
2025-10-18 02:00:00+05:30,136.0,2,18,10,500.0
2025-10-18 03:00:00+05:30,118.0,3,18,10,472.0
2025-10-18 04:00:00+05:30,119.0,4,18,10,476.0
2025-10-18 05:00:00+05:30,124.0,5,18,10,496.0
2025-10-18 06:00:00+05:30,113.0,6,18,10,452.0
2025-10-18 07:00:00+05:30,104.0,7,18,10,416.0
2025-10-18 08:00:00+05:30,111.0,8,18,10,444.0
2025-10-18 09:00:00+05:30,122.0,9,18,10,488.0
2025-10-18 10:00:00+05:30,146.0,10,18,10,500.0
2025-10-18 11:00:00+05:30,144.0,11,18,10,500.0
2025-10-18 12:00:00+05:30,102.0,12,18,10,408.0
2025-10-18 13:00:00+05:30,93.0,13,18,10,372.0
2025-10-18 14:00:00+05:30,84.0,14,18,10,336.0
2025-10-18 15:00:00+05:30,93.0,15,18,10,372.0
2025-10-18 16:00:00+05:30,94.0,16,18,10,376.0
2025-10-18 17:00:00+05:30,83.0,17,18,10,332.0
2025-10-18 18:00:00+05:30,100.0,18,18,10,400.0
2025-10-18 19:00:00+05:30,95.0,19,18,10,380.0
2025-10-18 20:00:00+05:30,94.0,20,18,10,376.0
2025-10-18 21:00:00+05:30,107.0,21,18,10,428.0
2025-10-18 22:00:00+05:30,107.0,22,18,10,428.0
2025-10-18 23:00:00+05:30,120.0,23,18,10,480.0
2025-10-19 00:00:00+05:30,123.0,0,19,10,492.0
2025-10-19 01:00:00+05:30,136.0,1,19,10,500.0
2025-10-19 02:00:00+05:30,141.0,2,19,10,500.0
2025-10-19 03:00:00+05:30,139.0,3,19,10,500.0
2025-10-19 04:00:00+05:30,141.0,4,19,10,500.0
2025-10-19 05:00:00+05:30,125.0,5,19,10,500.0
2025-10-19 06:00:00+05:30,128.0,6,19,10,500.0
2025-10-19 07:00:00+05:30,137.0,7,19,10,500.0
2025-10-19 08:00:00+05:30,127.0,8,19,10,500.0
2025-10-19 09:00:00+05:30,118.0,9,19,10,472.0
2025-10-19 10:00:00+05:30,119.0,10,19,10,476.0
2025-10-19 11:00:00+05:30,112.0,11,19,10,448.0
2025-10-19 12:00:00+05:30,115.0,12,19,10,460.0
2025-10-19 13:00:00+05:30,84.0,13,19,10,336.0
2025-10-19 14:00:00+05:30,105.0,14,19,10,420.0
2025-10-19 15:00:00+05:30,132.0,15,19,10,500.0
2025-10-19 16:00:00+05:30,97.0,16,19,10,388.0
2025-10-19 17:00:00+05:30,98.0,17,19,10,392.0
2025-10-19 18:00:00+05:30,101.0,18,19,10,404.0
2025-10-19 19:00:00+05:30,107.0,19,19,10,428.0
2025-10-19 20:00:00+05:30,124.0,20,19,10,496.0
2025-10-19 21:00:00+05:30,140.0,21,19,10,500.0
2025-10-19 22:00:00+05:30,173.0,22,19,10,500.0
2025-10-19 23:00:00+05:30,193.0,23,19,10,500.0
2025-10-20 00:00:00+05:30,211.0,0,20,10,500.0
2025-10-20 01:00:00+05:30,199.0,1,20,10,500.0
2025-10-20 02:00:00+05:30,215.0,2,20,10,500.0
2025-10-20 03:00:00+05:30,249.0,3,20,10,500.0
2025-10-20 04:00:00+05:30,276.0,4,20,10,500.0
2025-10-20 05:00:00+05:30,251.0,5,20,10,500.0
2025-10-20 06:00:00+05:30,229.0,6,20,10,500.0
2025-10-20 07:00:00+05:30,228.0,7,20,10,500.0
2025-10-20 08:00:00+05:30,211.0,8,20,10,500.0
2025-10-20 09:00:00+05:30,192.0,9,20,10,500.0
2025-10-20 10:00:00+05:30,191.0,10,20,10,500.0
2025-10-20 11:00:00+05:30,196.0,11,20,10,500.0
2025-10-20 12:00:00+05:30,153.0,12,20,10,500.0
2025-10-20 13:00:00+05:30,103.0,13,20,10,412.0
2025-10-20 14:00:00+05:30,94.0,14,20,10,376.0
2025-10-20 15:00:00+05:30,94.0,15,20,10,376.0
2025-10-20 16:00:00+05:30,84.0,16,20,10,336.0
2025-10-20 17:00:00+05:30,82.0,17,20,10,328.0
2025-10-20 18:00:00+05:30,90.0,18,20,10,360.0
2025-10-20 19:00:00+05:30,93.0,19,20,10,372.0
2025-10-20 20:00:00+05:30,107.0,20,20,10,428.0
2025-10-20 21:00:00+05:30,156.0,21,20,10,500.0
2025-10-20 22:00:00+05:30,346.0,22,20,10,500.0
2025-10-20 23:00:00+05:30,346.0,23,20,10,500.0
2025-10-21 10:00:00+05:30,273.0,10,21,10,500.0
2025-10-21 11:00:00+05:30,174.0,11,21,10,500.0
2025-10-21 12:00:00+05:30,104.0,12,21,10,416.0
2025-10-21 13:00:00+05:30,123.0,13,21,10,492.0
2025-10-21 14:00:00+05:30,83.0,14,21,10,332.0
2025-10-21 15:00:00+05:30,102.0,15,21,10,408.0
2025-10-21 16:00:00+05:30,97.0,16,21,10,388.0
2025-10-21 17:00:00+05:30,87.0,17,21,10,348.0
2025-10-21 18:00:00+05:30,84.0,18,21,10,336.0
2025-10-21 19:00:00+05:30,91.0,19,21,10,364.0
2025-10-21 20:00:00+05:30,92.0,20,21,10,368.0
2025-10-21 21:00:00+05:30,134.0,21,21,10,500.0
2025-10-21 22:00:00+05:30,155.0,22,21,10,500.0
2025-10-21 23:00:00+05:30,181.0,23,21,10,500.0
2025-10-22 00:00:00+05:30,160.0,0,22,10,500.0
2025-10-22 01:00:00+05:30,209.0,1,22,10,500.0
2025-10-22 02:00:00+05:30,213.0,2,22,10,500.0
2025-10-22 03:00:00+05:30,340.0,3,22,10,500.0
2025-10-22 04:00:00+05:30,372.0,4,22,10,500.0
2025-10-22 05:00:00+05:30,327.0,5,22,10,500.0
2025-10-22 06:00:00+05:30,295.0,6,22,10,500.0
2025-10-22 07:00:00+05:30,242.0,7,22,10,500.0
2025-10-22 08:00:00+05:30,249.0,8,22,10,500.0
2025-10-22 09:00:00+05:30,235.0,9,22,10,500.0
2025-10-22 10:00:00+05:30,253.0,10,22,10,500.0
2025-10-22 11:00:00+05:30,249.0,11,22,10,500.0
2025-10-22 12:00:00+05:30,231.0,12,22,10,500.0
2025-10-22 13:00:00+05:30,183.0,13,22,10,500.0
2025-10-22 14:00:00+05:30,149.0,14,22,10,500.0
2025-10-22 15:00:00+05:30,118.0,15,22,10,472.0
2025-10-22 16:00:00+05:30,100.0,16,22,10,400.0
2025-10-22 17:00:00+05:30,101.0,17,22,10,404.0
2025-10-22 18:00:00+05:30,102.0,18,22,10,408.0
2025-10-22 19:00:00+05:30,103.0,19,22,10,412.0
2025-10-22 20:00:00+05:30,111.0,20,22,10,444.0
2025-10-22 21:00:00+05:30,116.0,21,22,10,464.0
2025-10-22 22:00:00+05:30,152.0,22,22,10,500.0
2025-10-22 23:00:00+05:30,201.0,23,22,10,500.0
2025-10-23 00:00:00+05:30,203.0,0,23,10,500.0
2025-10-23 01:00:00+05:30,194.0,1,23,10,500.0
2025-10-23 02:00:00+05:30,185.0,2,23,10,500.0
2025-10-23 03:00:00+05:30,171.0,3,23,10,500.0
2025-10-23 04:00:00+05:30,157.0,4,23,10,500.0
2025-10-23 05:00:00+05:30,154.0,5,23,10,500.0
2025-10-23 06:00:00+05:30,163.0,6,23,10,500.0
2025-10-23 07:00:00+05:30,144.0,7,23,10,500.0
2025-10-23 08:00:00+05:30,118.0,8,23,10,472.0
2025-10-23 09:00:00+05:30,129.0,9,23,10,500.0
2025-10-23 10:00:00+05:30,145.0,10,23,10,500.0
2025-10-23 11:00:00+05:30,137.0,11,23,10,500.0
2025-10-23 12:00:00+05:30,130.0,12,23,10,500.0
2025-10-23 13:00:00+05:30,105.0,13,23,10,420.0
2025-10-23 14:00:00+05:30,99.0,14,23,10,396.0
2025-10-23 15:00:00+05:30,73.0,15,23,10,292.0
2025-10-23 16:00:00+05:30,68.0,16,23,10,272.0
2025-10-23 17:00:00+05:30,70.0,17,23,10,280.0
2025-10-23 18:00:00+05:30,65.0,18,23,10,260.0
2025-10-23 19:00:00+05:30,79.0,19,23,10,316.0
2025-10-23 20:00:00+05:30,91.0,20,23,10,364.0
2025-10-23 21:00:00+05:30,101.0,21,23,10,404.0
2025-10-23 22:00:00+05:30,104.0,22,23,10,416.0
2025-10-23 23:00:00+05:30,123.0,23,23,10,492.0
2025-10-24 00:00:00+05:30,142.0,0,24,10,500.0
2025-10-24 01:00:00+05:30,162.0,1,24,10,500.0
2025-10-24 02:00:00+05:30,172.0,2,24,10,500.0
2025-10-24 03:00:00+05:30,161.0,3,24,10,500.0
2025-10-24 04:00:00+05:30,156.0,4,24,10,500.0
2025-10-24 05:00:00+05:30,155.0,5,24,10,500.0
2025-10-24 06:00:00+05:30,120.0,6,24,10,480.0
2025-10-24 07:00:00+05:30,111.0,7,24,10,444.0
2025-10-24 08:00:00+05:30,112.0,8,24,10,448.0
2025-10-24 09:00:00+05:30,103.0,9,24,10,412.0
2025-10-24 10:00:00+05:30,99.0,10,24,10,396.0
2025-10-24 11:00:00+05:30,100.0,11,24,10,400.0
2025-10-24 12:00:00+05:30,99.0,12,24,10,396.0
2025-10-24 13:00:00+05:30,89.0,13,24,10,356.0
2025-10-24 14:00:00+05:30,79.0,14,24,10,316.0
2025-10-24 15:00:00+05:30,59.0,15,24,10,236.0
2025-10-24 16:00:00+05:30,69.0,16,24,10,276.0
2025-10-24 17:00:00+05:30,69.0,17,24,10,276.0
2025-10-24 18:00:00+05:30,66.0,18,24,10,264.0
2025-10-24 19:00:00+05:30,73.0,19,24,10,292.0
2025-10-24 20:00:00+05:30,70.0,20,24,10,280.0
2025-10-24 21:00:00+05:30,77.0,21,24,10,308.0
2025-10-24 22:00:00+05:30,90.0,22,24,10,360.0
2025-10-24 23:00:00+05:30,90.0,23,24,10,360.0
2025-10-25 00:00:00+05:30,94.0,0,25,10,376.0
2025-10-25 01:00:00+05:30,95.0,1,25,10,380.0
2025-10-25 02:00:00+05:30,100.0,2,25,10,400.0
2025-10-25 03:00:00+05:30,101.0,3,25,10,404.0
2025-10-25 04:00:00+05:30,108.0,4,25,10,432.0
2025-10-25 05:00:00+05:30,100.0,5,25,10,400.0
2025-10-25 06:00:00+05:30,104.0,6,25,10,416.0
2025-10-25 07:00:00+05:30,114.0,7,25,10,456.0
2025-10-25 08:00:00+05:30,110.0,8,25,10,440.0
2025-10-25 09:00:00+05:30,110.0,9,25,10,440.0
2025-10-25 11:00:00+05:30,152.0,11,25,10,500.0
2025-10-25 12:00:00+05:30,173.0,12,25,10,500.0
2025-10-25 13:00:00+05:30,164.0,13,25,10,500.0
2025-10-25 14:00:00+05:30,132.0,14,25,10,500.0
2025-10-25 15:00:00+05:30,89.0,15,25,10,356.0
2025-10-25 16:00:00+05:30,85.0,16,25,10,340.0
2025-10-25 17:00:00+05:30,91.0,17,25,10,364.0
2025-10-25 18:00:00+05:30,91.0,18,25,10,364.0
2025-10-25 20:00:00+05:30,111.0,20,25,10,444.0
2025-10-25 21:00:00+05:30,126.0,21,25,10,500.0
2025-10-25 22:00:00+05:30,135.0,22,25,10,500.0
2025-10-25 23:00:00+05:30,144.0,23,25,10,500.0
2025-10-26 00:00:00+05:30,169.0,0,26,10,500.0
2025-10-26 01:00:00+05:30,187.0,1,26,10,500.0
2025-10-26 02:00:00+05:30,184.0,2,26,10,500.0
2025-10-26 03:00:00+05:30,175.0,3,26,10,500.0
2025-10-26 04:00:00+05:30,156.0,4,26,10,500.0
2025-10-26 05:00:00+05:30,149.0,5,26,10,500.0
2025-10-26 06:00:00+05:30,158.0,6,26,10,500.0
2025-10-26 07:00:00+05:30,154.0,7,26,10,500.0
2025-10-26 08:00:00+05:30,150.0,8,26,10,500.0
2025-10-26 09:00:00+05:30,157.0,9,26,10,500.0
2025-10-26 10:00:00+05:30,141.0,10,26,10,500.0
2025-10-26 11:00:00+05:30,131.0,11,26,10,500.0
2025-10-26 12:00:00+05:30,115.0,12,26,10,460.0
2025-10-26 13:00:00+05:30,63.0,13,26,10,252.0
2025-10-26 14:00:00+05:30,52.0,14,26,10,208.0
2025-10-26 15:00:00+05:30,63.0,15,26,10,252.0
2025-10-26 16:00:00+05:30,70.0,16,26,10,280.0
2025-10-26 17:00:00+05:30,76.0,17,26,10,304.0
2025-10-26 18:00:00+05:30,73.0,18,26,10,292.0
2025-10-26 19:00:00+05:30,91.0,19,26,10,364.0
2025-10-26 20:00:00+05:30,94.0,20,26,10,376.0
2025-10-26 21:00:00+05:30,106.0,21,26,10,424.0
2025-10-26 22:00:00+05:30,102.0,22,26,10,408.0
2025-10-26 23:00:00+05:30,113.0,23,26,10,452.0
2025-10-27 00:00:00+05:30,119.0,0,27,10,476.0
2025-10-27 01:00:00+05:30,124.0,1,27,10,496.0
2025-10-27 02:00:00+05:30,123.0,2,27,10,492.0
2025-10-27 03:00:00+05:30,131.0,3,27,10,500.0
2025-10-27 04:00:00+05:30,137.0,4,27,10,500.0
2025-10-27 05:00:00+05:30,140.0,5,27,10,500.0
2025-10-27 06:00:00+05:30,143.0,6,27,10,500.0
2025-10-27 07:00:00+05:30,151.0,7,27,10,500.0
2025-10-27 08:00:00+05:30,150.0,8,27,10,500.0
2025-10-27 09:00:00+05:30,150.0,9,27,10,500.0
2025-10-27 15:00:00+05:30,130.0,15,27,10,500.0
2025-10-27 16:00:00+05:30,130.0,16,27,10,500.0
2025-10-28 17:00:00+05:30,120.0,17,28,10,480.0
2025-10-28 18:00:00+05:30,122.0,18,28,10,488.0
2025-10-28 19:00:00+05:30,127.0,19,28,10,500.0
2025-10-28 20:00:00+05:30,125.0,20,28,10,500.0
2025-10-28 21:00:00+05:30,135.0,21,28,10,500.0
2025-10-28 22:00:00+05:30,146.0,22,28,10,500.0
2025-10-28 23:00:00+05:30,128.0,23,28,10,500.0
2025-10-29 00:00:00+05:30,111.0,0,29,10,444.0
2025-10-29 01:00:00+05:30,101.0,1,29,10,404.0
2025-10-29 02:00:00+05:30,94.0,2,29,10,376.0
2025-10-29 03:00:00+05:30,85.0,3,29,10,340.0
2025-10-29 04:00:00+05:30,88.0,4,29,10,352.0
2025-10-29 05:00:00+05:30,110.0,5,29,10,440.0
2025-10-29 06:00:00+05:30,112.0,6,29,10,448.0
2025-10-29 07:00:00+05:30,115.0,7,29,10,460.0
2025-10-29 08:00:00+05:30,141.0,8,29,10,500.0
2025-10-29 09:00:00+05:30,170.0,9,29,10,500.0
2025-10-29 10:00:00+05:30,144.0,10,29,10,500.0
2025-10-29 11:00:00+05:30,115.0,11,29,10,460.0
2025-10-29 12:00:00+05:30,113.0,12,29,10,452.0
2025-10-29 13:00:00+05:30,149.0,13,29,10,500.0
2025-10-29 14:00:00+05:30,170.0,14,29,10,500.0
2025-10-29 15:00:00+05:30,168.0,15,29,10,500.0
2025-10-29 16:00:00+05:30,165.0,16,29,10,500.0
2025-10-29 17:00:00+05:30,182.0,17,29,10,500.0
2025-10-29 18:00:00+05:30,183.0,18,29,10,500.0
2025-10-29 19:00:00+05:30,186.0,19,29,10,500.0
2025-10-29 20:00:00+05:30,191.0,20,29,10,500.0
2025-10-29 21:00:00+05:30,200.0,21,29,10,500.0
2025-10-29 22:00:00+05:30,204.0,22,29,10,500.0
2025-10-29 23:00:00+05:30,216.0,23,29,10,500.0
2025-10-30 00:00:00+05:30,229.0,0,30,10,500.0
2025-10-30 01:00:00+05:30,227.0,1,30,10,500.0
2025-10-30 02:00:00+05:30,239.0,2,30,10,500.0
2025-10-30 03:00:00+05:30,239.0,3,30,10,500.0
2025-10-30 04:00:00+05:30,245.0,4,30,10,500.0
2025-10-30 05:00:00+05:30,251.0,5,30,10,500.0
2025-10-30 06:00:00+05:30,279.0,6,30,10,500.0
2025-10-30 07:00:00+05:30,279.0,7,30,10,500.0
2025-10-30 08:00:00+05:30,286.0,8,30,10,500.0
2025-10-30 09:00:00+05:30,297.0,9,30,10,500.0
2025-10-30 10:00:00+05:30,303.0,10,30,10,500.0
2025-10-30 11:00:00+05:30,266.0,11,30,10,500.0
2025-10-30 12:00:00+05:30,246.0,12,30,10,500.0
2025-10-30 13:00:00+05:30,171.0,13,30,10,500.0
2025-10-30 14:00:00+05:30,86.0,14,30,10,344.0
2025-10-30 15:00:00+05:30,103.0,15,30,10,412.0
2025-10-30 16:00:00+05:30,123.0,16,30,10,492.0
2025-10-30 17:00:00+05:30,110.0,17,30,10,440.0
2025-10-30 18:00:00+05:30,109.0,18,30,10,436.0
2025-10-30 19:00:00+05:30,114.0,19,30,10,456.0
2025-10-30 20:00:00+05:30,111.0,20,30,10,444.0
2025-10-30 21:00:00+05:30,118.0,21,30,10,472.0
2025-10-30 22:00:00+05:30,92.0,22,30,10,368.0
2025-10-30 23:00:00+05:30,94.0,23,30,10,376.0
2025-10-31 00:00:00+05:30,92.0,0,31,10,368.0
2025-10-31 01:00:00+05:30,98.0,1,31,10,392.0
2025-10-31 02:00:00+05:30,112.0,2,31,10,448.0
2025-10-31 03:00:00+05:30,105.0,3,31,10,420.0
2025-10-31 04:00:00+05:30,84.0,4,31,10,336.0
2025-10-31 05:00:00+05:30,76.0,5,31,10,304.0
2025-10-31 06:00:00+05:30,78.0,6,31,10,312.0
2025-10-31 07:00:00+05:30,74.0,7,31,10,296.0
2025-10-31 08:00:00+05:30,74.0,8,31,10,296.0
2025-10-31 09:00:00+05:30,85.0,9,31,10,340.0
2025-10-31 10:00:00+05:30,87.0,10,31,10,348.0
2025-10-31 11:00:00+05:30,86.0,11,31,10,344.0
2025-10-31 12:00:00+05:30,93.0,12,31,10,372.0
2025-10-31 13:00:00+05:30,93.0,13,31,10,372.0
2025-10-31 14:00:00+05:30,95.0,14,31,10,380.0
2025-10-31 15:00:00+05:30,94.0,15,31,10,376.0
2025-10-31 16:00:00+05:30,84.0,16,31,10,336.0
2025-10-31 17:00:00+05:30,80.0,17,31,10,320.0
2025-10-31 19:00:00+05:30,93.0,19,31,10,372.0
2025-10-31 20:00:00+05:30,109.0,20,31,10,436.0
2025-10-31 21:00:00+05:30,111.0,21,31,10,444.0
2025-10-31 22:00:00+05:30,116.0,22,31,10,464.0
2025-10-31 23:00:00+05:30,115.0,23,31,10,460.0
2025-11-01 00:00:00+05:30,102.0,0,1,11,408.0
2025-11-01 01:00:00+05:30,116.0,1,1,11,464.0
2025-11-01 02:00:00+05:30,126.0,2,1,11,500.0
2025-11-01 03:00:00+05:30,117.0,3,1,11,468.0
2025-11-01 04:00:00+05:30,132.0,4,1,11,500.0
2025-11-01 05:00:00+05:30,102.0,5,1,11,408.0
2025-11-01 06:00:00+05:30,104.0,6,1,11,416.0
2025-11-01 07:00:00+05:30,130.0,7,1,11,500.0
2025-11-01 08:00:00+05:30,145.0,8,1,11,500.0
2025-11-01 09:00:00+05:30,205.0,9,1,11,500.0
2025-11-01 10:00:00+05:30,248.0,10,1,11,500.0
2025-11-01 11:00:00+05:30,311.0,11,1,11,500.0
2025-11-01 12:00:00+05:30,277.0,12,1,11,500.0
2025-11-01 13:00:00+05:30,257.0,13,1,11,500.0
2025-11-01 14:00:00+05:30,219.0,14,1,11,500.0
2025-11-01 15:00:00+05:30,240.0,15,1,11,500.0
2025-11-01 16:00:00+05:30,244.0,16,1,11,500.0
2025-11-01 17:00:00+05:30,266.0,17,1,11,500.0
2025-11-01 18:00:00+05:30,286.0,18,1,11,500.0
2025-11-01 19:00:00+05:30,321.0,19,1,11,500.0
2025-11-01 20:00:00+05:30,300.0,20,1,11,500.0
2025-11-01 21:00:00+05:30,290.0,21,1,11,500.0
2025-11-01 22:00:00+05:30,264.0,22,1,11,500.0
2025-11-01 23:00:00+05:30,228.0,23,1,11,500.0
2025-11-02 00:00:00+05:30,182.0,0,2,11,500.0
2025-11-02 01:00:00+05:30,193.0,1,2,11,500.0
2025-11-02 02:00:00+05:30,198.0,2,2,11,500.0
2025-11-02 03:00:00+05:30,179.0,3,2,11,500.0
2025-11-02 04:00:00+05:30,217.0,4,2,11,500.0
2025-11-02 05:00:00+05:30,243.0,5,2,11,500.0
2025-11-02 06:00:00+05:30,246.0,6,2,11,500.0
2025-11-02 07:00:00+05:30,228.0,7,2,11,500.0
2025-11-02 08:00:00+05:30,221.0,8,2,11,500.0
2025-11-02 09:00:00+05:30,226.0,9,2,11,500.0
2025-11-02 10:00:00+05:30,260.0,10,2,11,500.0
2025-11-02 11:00:00+05:30,285.0,11,2,11,500.0
2025-11-02 12:00:00+05:30,219.0,12,2,11,500.0
2025-11-02 13:00:00+05:30,162.0,13,2,11,500.0
2025-11-02 14:00:00+05:30,108.0,14,2,11,432.0
2025-11-02 15:00:00+05:30,82.0,15,2,11,328.0
2025-11-02 16:00:00+05:30,86.0,16,2,11,344.0
2025-11-02 17:00:00+05:30,103.0,17,2,11,412.0
2025-11-02 18:00:00+05:30,114.0,18,2,11,456.0
2025-11-02 19:00:00+05:30,140.0,19,2,11,500.0
2025-11-02 20:00:00+05:30,136.0,20,2,11,500.0
2025-11-02 21:00:00+05:30,144.0,21,2,11,500.0
2025-11-02 22:00:00+05:30,159.0,22,2,11,500.0
2025-11-02 23:00:00+05:30,159.0,23,2,11,500.0
2025-11-03 00:00:00+05:30,140.0,0,3,11,500.0
2025-11-03 01:00:00+05:30,132.0,1,3,11,500.0
2025-11-03 02:00:00+05:30,134.0,2,3,11,500.0
2025-11-03 03:00:00+05:30,151.0,3,3,11,500.0
2025-11-03 04:00:00+05:30,139.0,4,3,11,500.0
2025-11-03 05:00:00+05:30,146.0,5,3,11,500.0
2025-11-03 06:00:00+05:30,142.0,6,3,11,500.0
2025-11-03 07:00:00+05:30,132.0,7,3,11,500.0
2025-11-03 08:00:00+05:30,122.0,8,3,11,488.0
2025-11-03 09:00:00+05:30,116.0,9,3,11,464.0
2025-11-03 10:00:00+05:30,114.0,10,3,11,456.0
2025-11-03 11:00:00+05:30,158.0,11,3,11,500.0
2025-11-03 12:00:00+05:30,197.0,12,3,11,500.0
2025-11-03 13:00:00+05:30,213.0,13,3,11,500.0
2025-11-03 14:00:00+05:30,121.0,14,3,11,484.0
2025-11-03 15:00:00+05:30,84.0,15,3,11,336.0
2025-11-03 16:00:00+05:30,73.0,16,3,11,292.0
2025-11-03 17:00:00+05:30,72.0,17,3,11,288.0
2025-11-03 18:00:00+05:30,82.0,18,3,11,328.0
2025-11-03 19:00:00+05:30,83.0,19,3,11,332.0
2025-11-03 20:00:00+05:30,97.0,20,3,11,388.0
2025-11-03 21:00:00+05:30,111.0,21,3,11,444.0
2025-11-03 22:00:00+05:30,125.0,22,3,11,500.0
2025-11-03 23:00:00+05:30,112.0,23,3,11,448.0
2025-11-04 00:00:00+05:30,115.0,0,4,11,460.0
2025-11-04 01:00:00+05:30,109.0,1,4,11,436.0
2025-11-04 02:00:00+05:30,111.0,2,4,11,444.0
2025-11-04 03:00:00+05:30,118.0,3,4,11,472.0
2025-11-04 04:00:00+05:30,114.0,4,4,11,456.0
2025-11-04 05:00:00+05:30,116.0,5,4,11,464.0
2025-11-04 06:00:00+05:30,116.0,6,4,11,464.0
2025-11-04 07:00:00+05:30,126.0,7,4,11,500.0
2025-11-04 08:00:00+05:30,127.0,8,4,11,500.0
2025-11-04 09:00:00+05:30,166.0,9,4,11,500.0
2025-11-04 10:00:00+05:30,183.0,10,4,11,500.0
2025-11-04 11:00:00+05:30,108.0,11,4,11,432.0
2025-11-04 12:00:00+05:30,81.0,12,4,11,324.0
2025-11-04 13:00:00+05:30,84.0,13,4,11,336.0
2025-11-04 14:00:00+05:30,74.0,14,4,11,296.0
2025-11-04 15:00:00+05:30,63.0,15,4,11,252.0
2025-11-04 16:00:00+05:30,53.0,16,4,11,212.0
2025-11-04 17:00:00+05:30,50.0,17,4,11,200.0
2025-11-04 18:00:00+05:30,51.0,18,4,11,204.0
2025-11-04 19:00:00+05:30,57.0,19,4,11,228.0
2025-11-04 20:00:00+05:30,70.0,20,4,11,280.0
2025-11-04 21:00:00+05:30,86.0,21,4,11,344.0
2025-11-04 22:00:00+05:30,116.0,22,4,11,464.0
2025-11-04 23:00:00+05:30,110.0,23,4,11,440.0
2025-11-05 00:00:00+05:30,91.0,0,5,11,364.0
2025-11-05 01:00:00+05:30,90.0,1,5,11,360.0
2025-11-05 02:00:00+05:30,92.0,2,5,11,368.0
2025-11-05 03:00:00+05:30,140.0,3,5,11,500.0
2025-11-05 04:00:00+05:30,84.0,4,5,11,336.0
2025-11-05 05:00:00+05:30,92.0,5,5,11,368.0
2025-11-05 06:00:00+05:30,94.0,6,5,11,376.0
2025-11-05 07:00:00+05:30,110.0,7,5,11,440.0
2025-11-05 08:00:00+05:30,106.0,8,5,11,424.0
2025-11-05 09:00:00+05:30,132.0,9,5,11,500.0
2025-11-05 10:00:00+05:30,65.0,10,5,11,260.0
2025-11-05 11:00:00+05:30,68.0,11,5,11,272.0
2025-11-05 12:00:00+05:30,66.0,12,5,11,264.0
2025-11-05 13:00:00+05:30,61.0,13,5,11,244.0
2025-11-05 14:00:00+05:30,50.0,14,5,11,200.0
2025-11-05 15:00:00+05:30,50.0,15,5,11,200.0
2025-11-05 16:00:00+05:30,42.0,16,5,11,168.0
2025-11-05 17:00:00+05:30,47.0,17,5,11,188.0
2025-11-05 18:00:00+05:30,52.0,18,5,11,208.0
2025-11-05 19:00:00+05:30,69.0,19,5,11,276.0
2025-11-05 20:00:00+05:30,90.0,20,5,11,360.0
2025-11-05 21:00:00+05:30,146.0,21,5,11,500.0
2025-11-05 22:00:00+05:30,203.0,22,5,11,500.0
2025-11-05 23:00:00+05:30,245.0,23,5,11,500.0
2025-11-06 00:00:00+05:30,367.0,0,6,11,500.0
2025-11-06 01:00:00+05:30,323.0,1,6,11,500.0
2025-11-06 02:00:00+05:30,268.0,2,6,11,500.0
2025-11-06 03:00:00+05:30,224.0,3,6,11,500.0
2025-11-06 04:00:00+05:30,231.0,4,6,11,500.0
2025-11-06 05:00:00+05:30,276.0,5,6,11,500.0
2025-11-06 06:00:00+05:30,295.0,6,6,11,500.0
2025-11-06 07:00:00+05:30,369.0,7,6,11,500.0
2025-11-06 08:00:00+05:30,481.0,8,6,11,500.0
2025-11-06 09:00:00+05:30,403.0,9,6,11,500.0
2025-11-06 10:00:00+05:30,263.0,10,6,11,500.0
2025-11-06 11:00:00+05:30,171.0,11,6,11,500.0
2025-11-06 12:00:00+05:30,94.0,12,6,11,376.0
2025-11-06 13:00:00+05:30,74.0,13,6,11,296.0
2025-11-06 14:00:00+05:30,66.0,14,6,11,264.0
2025-11-06 15:00:00+05:30,58.0,15,6,11,232.0
2025-11-06 16:00:00+05:30,57.0,16,6,11,228.0
2025-11-06 17:00:00+05:30,57.0,17,6,11,228.0
2025-11-06 18:00:00+05:30,52.0,18,6,11,208.0
2025-11-06 19:00:00+05:30,71.0,19,6,11,284.0
2025-11-06 20:00:00+05:30,82.0,20,6,11,328.0
2025-11-06 21:00:00+05:30,113.0,21,6,11,452.0
2025-11-06 22:00:00+05:30,132.0,22,6,11,500.0
2025-11-06 23:00:00+05:30,134.0,23,6,11,500.0
2025-11-07 00:00:00+05:30,163.0,0,7,11,500.0
2025-11-07 01:00:00+05:30,163.0,1,7,11,500.0
2025-11-07 04:00:00+05:30,460.0,4,7,11,500.0
2025-11-07 05:00:00+05:30,519.0,5,7,11,500.0
2025-11-07 06:00:00+05:30,484.0,6,7,11,500.0
2025-11-07 07:00:00+05:30,381.0,7,7,11,500.0
2025-11-07 08:00:00+05:30,278.0,8,7,11,500.0
2025-11-07 09:00:00+05:30,225.0,9,7,11,500.0
2025-11-07 10:00:00+05:30,208.0,10,7,11,500.0
2025-11-07 11:00:00+05:30,205.0,11,7,11,500.0
2025-11-07 12:00:00+05:30,176.0,12,7,11,500.0
2025-11-07 13:00:00+05:30,141.0,13,7,11,500.0
2025-11-07 14:00:00+05:30,128.0,14,7,11,500.0
2025-11-07 15:00:00+05:30,89.0,15,7,11,356.0
2025-11-07 16:00:00+05:30,87.0,16,7,11,348.0
2025-11-07 17:00:00+05:30,79.0,17,7,11,316.0
2025-11-07 18:00:00+05:30,91.0,18,7,11,364.0
2025-11-07 19:00:00+05:30,112.0,19,7,11,448.0
2025-11-07 20:00:00+05:30,124.0,20,7,11,496.0
2025-11-07 21:00:00+05:30,174.0,21,7,11,500.0
2025-11-07 22:00:00+05:30,220.0,22,7,11,500.0
2025-11-07 23:00:00+05:30,200.0,23,7,11,500.0
2025-11-08 00:00:00+05:30,186.0,0,8,11,500.0
2025-11-08 01:00:00+05:30,184.0,1,8,11,500.0
2025-11-08 02:00:00+05:30,214.0,2,8,11,500.0
2025-11-08 03:00:00+05:30,285.0,3,8,11,500.0
2025-11-08 04:00:00+05:30,359.0,4,8,11,500.0
2025-11-08 05:00:00+05:30,405.0,5,8,11,500.0
2025-11-08 06:00:00+05:30,312.0,6,8,11,500.0
2025-11-08 07:00:00+05:30,311.0,7,8,11,500.0
2025-11-08 08:00:00+05:30,322.0,8,8,11,500.0
2025-11-08 09:00:00+05:30,265.0,9,8,11,500.0
2025-11-08 10:00:00+05:30,268.0,10,8,11,500.0
2025-11-08 11:00:00+05:30,366.0,11,8,11,500.0
2025-11-08 12:00:00+05:30,257.0,12,8,11,500.0
2025-11-08 13:00:00+05:30,229.0,13,8,11,500.0
2025-11-08 14:00:00+05:30,191.0,14,8,11,500.0
2025-11-08 15:00:00+05:30,169.0,15,8,11,500.0
2025-11-08 16:00:00+05:30,152.0,16,8,11,500.0
2025-11-08 17:00:00+05:30,152.0,17,8,11,500.0
2025-11-08 18:00:00+05:30,153.0,18,8,11,500.0
2025-11-08 19:00:00+05:30,164.0,19,8,11,500.0
2025-11-08 20:00:00+05:30,193.0,20,8,11,500.0
2025-11-08 21:00:00+05:30,227.0,21,8,11,500.0
2025-11-08 22:00:00+05:30,280.0,22,8,11,500.0
2025-11-08 23:00:00+05:30,285.0,23,8,11,500.0
2025-11-09 00:00:00+05:30,274.0,0,9,11,500.0
2025-11-09 01:00:00+05:30,278.0,1,9,11,500.0
2025-11-09 02:00:00+05:30,285.0,2,9,11,500.0
2025-11-09 03:00:00+05:30,296.0,3,9,11,500.0
2025-11-09 04:00:00+05:30,348.0,4,9,11,500.0
2025-11-09 05:00:00+05:30,354.0,5,9,11,500.0
2025-11-09 06:00:00+05:30,333.0,6,9,11,500.0
2025-11-09 07:00:00+05:30,289.0,7,9,11,500.0
2025-11-09 08:00:00+05:30,291.0,8,9,11,500.0
2025-11-09 09:00:00+05:30,296.0,9,9,11,500.0
2025-11-09 10:00:00+05:30,262.0,10,9,11,500.0
2025-11-09 11:00:00+05:30,204.0,11,9,11,500.0
2025-11-09 12:00:00+05:30,170.0,12,9,11,500.0
2025-11-09 13:00:00+05:30,133.0,13,9,11,500.0
2025-11-09 14:00:00+05:30,141.0,14,9,11,500.0
2025-11-09 15:00:00+05:30,77.0,15,9,11,308.0
2025-11-09 16:00:00+05:30,73.0,16,9,11,292.0
2025-11-09 17:00:00+05:30,89.0,17,9,11,356.0
2025-11-09 18:00:00+05:30,100.0,18,9,11,400.0
2025-11-09 19:00:00+05:30,113.0,19,9,11,452.0
2025-11-09 20:00:00+05:30,156.0,20,9,11,500.0
2025-11-09 21:00:00+05:30,188.0,21,9,11,500.0
2025-11-09 22:00:00+05:30,218.0,22,9,11,500.0
2025-11-09 23:00:00+05:30,211.0,23,9,11,500.0
2025-11-10 00:00:00+05:30,211.0,0,10,11,500.0
2025-11-10 01:00:00+05:30,217.0,1,10,11,500.0
2025-11-10 02:00:00+05:30,234.0,2,10,11,500.0
2025-11-10 03:00:00+05:30,238.0,3,10,11,500.0
2025-11-10 04:00:00+05:30,302.0,4,10,11,500.0
2025-11-10 05:00:00+05:30,337.0,5,10,11,500.0
2025-11-10 06:00:00+05:30,354.0,6,10,11,500.0
2025-11-10 07:00:00+05:30,289.0,7,10,11,500.0
2025-11-10 08:00:00+05:30,274.0,8,10,11,500.0
2025-11-10 09:00:00+05:30,268.0,9,10,11,500.0
2025-11-10 10:00:00+05:30,285.0,10,10,11,500.0
2025-11-10 11:00:00+05:30,252.0,11,10,11,500.0
2025-11-10 12:00:00+05:30,236.0,12,10,11,500.0
2025-11-10 13:00:00+05:30,183.0,13,10,11,500.0
2025-11-10 14:00:00+05:30,207.0,14,10,11,500.0
2025-11-10 15:00:00+05:30,211.0,15,10,11,500.0
2025-11-10 16:00:00+05:30,231.0,16,10,11,500.0
2025-11-10 17:00:00+05:30,245.0,17,10,11,500.0
2025-11-10 18:00:00+05:30,256.0,18,10,11,500.0
2025-11-10 19:00:00+05:30,274.0,19,10,11,500.0
2025-11-10 20:00:00+05:30,288.0,20,10,11,500.0
2025-11-10 21:00:00+05:30,334.0,21,10,11,500.0
2025-11-10 22:00:00+05:30,370.0,22,10,11,500.0
2025-11-10 23:00:00+05:30,392.0,23,10,11,500.0
2025-11-11 00:00:00+05:30,416.0,0,11,11,500.0
2025-11-11 01:00:00+05:30,429.0,1,11,11,500.0
2025-11-11 02:00:00+05:30,413.0,2,11,11,500.0
2025-11-11 03:00:00+05:30,428.0,3,11,11,500.0
2025-11-11 04:00:00+05:30,448.0,4,11,11,500.0
2025-11-11 05:00:00+05:30,429.0,5,11,11,500.0
2025-11-11 06:00:00+05:30,410.0,6,11,11,500.0
2025-11-11 07:00:00+05:30,393.0,7,11,11,500.0
2025-11-11 08:00:00+05:30,368.0,8,11,11,500.0
2025-11-11 09:00:00+05:30,380.0,9,11,11,500.0
2025-11-11 10:00:00+05:30,365.0,10,11,11,500.0
2025-11-11 11:00:00+05:30,306.0,11,11,11,500.0
2025-11-11 12:00:00+05:30,249.0,12,11,11,500.0
2025-11-11 13:00:00+05:30,189.0,13,11,11,500.0
2025-11-11 14:00:00+05:30,213.0,14,11,11,500.0
2025-11-11 15:00:00+05:30,151.0,15,11,11,500.0
2025-11-11 16:00:00+05:30,136.0,16,11,11,500.0
2025-11-11 17:00:00+05:30,132.0,17,11,11,500.0
2025-11-11 18:00:00+05:30,139.0,18,11,11,500.0
2025-11-11 19:00:00+05:30,176.0,19,11,11,500.0
2025-11-11 20:00:00+05:30,203.0,20,11,11,500.0
2025-11-11 21:00:00+05:30,211.0,21,11,11,500.0
2025-11-11 22:00:00+05:30,271.0,22,11,11,500.0
2025-11-11 23:00:00+05:30,315.0,23,11,11,500.0
2025-11-12 00:00:00+05:30,381.0,0,12,11,500.0
2025-11-12 01:00:00+05:30,508.0,1,12,11,500.0
2025-11-12 02:00:00+05:30,526.0,2,12,11,500.0
2025-11-12 03:00:00+05:30,526.0,3,12,11,500.0
2025-11-12 04:00:00+05:30,528.0,4,12,11,500.0
2025-11-12 05:00:00+05:30,539.0,5,12,11,500.0
2025-11-12 06:00:00+05:30,452.0,6,12,11,500.0
2025-11-12 07:00:00+05:30,396.0,7,12,11,500.0
2025-11-12 08:00:00+05:30,380.0,8,12,11,500.0
2025-11-12 09:00:00+05:30,390.0,9,12,11,500.0
2025-11-12 10:00:00+05:30,398.0,10,12,11,500.0
2025-11-12 11:00:00+05:30,343.0,11,12,11,500.0
2025-11-12 12:00:00+05:30,278.0,12,12,11,500.0
2025-11-12 13:00:00+05:30,259.0,13,12,11,500.0
2025-11-12 14:00:00+05:30,202.0,14,12,11,500.0
2025-11-12 15:00:00+05:30,151.0,15,12,11,500.0
2025-11-12 16:00:00+05:30,143.0,16,12,11,500.0
2025-11-12 17:00:00+05:30,146.0,17,12,11,500.0
2025-11-12 18:00:00+05:30,159.0,18,12,11,500.0
2025-11-12 19:00:00+05:30,167.0,19,12,11,500.0
2025-11-12 20:00:00+05:30,202.0,20,12,11,500.0
2025-11-12 21:00:00+05:30,253.0,21,12,11,500.0
2025-11-12 22:00:00+05:30,289.0,22,12,11,500.0
2025-11-12 23:00:00+05:30,293.0,23,12,11,500.0
2025-11-13 00:00:00+05:30,301.0,0,13,11,500.0
2025-11-13 01:00:00+05:30,309.0,1,13,11,500.0
2025-11-13 02:00:00+05:30,321.0,2,13,11,500.0
2025-11-13 03:00:00+05:30,334.0,3,13,11,500.0
2025-11-13 04:00:00+05:30,362.0,4,13,11,500.0
2025-11-13 05:00:00+05:30,329.0,5,13,11,500.0
2025-11-13 06:00:00+05:30,325.0,6,13,11,500.0
2025-11-13 07:00:00+05:30,318.0,7,13,11,500.0
2025-11-13 08:00:00+05:30,314.0,8,13,11,500.0
2025-11-13 09:00:00+05:30,359.0,9,13,11,500.0
2025-11-13 10:00:00+05:30,380.0,10,13,11,500.0
2025-11-13 11:00:00+05:30,314.0,11,13,11,500.0
2025-11-13 12:00:00+05:30,255.0,12,13,11,500.0
2025-11-13 13:00:00+05:30,243.0,13,13,11,500.0
2025-11-13 14:00:00+05:30,248.0,14,13,11,500.0
2025-11-13 15:00:00+05:30,227.0,15,13,11,500.0
2025-11-13 16:00:00+05:30,219.0,16,13,11,500.0
2025-11-13 17:00:00+05:30,214.0,17,13,11,500.0
2025-11-13 18:00:00+05:30,225.0,18,13,11,500.0
2025-11-13 19:00:00+05:30,244.0,19,13,11,500.0
2025-11-13 20:00:00+05:30,249.0,20,13,11,500.0
2025-11-13 22:00:00+05:30,264.0,22,13,11,500.0
2025-11-14 00:00:00+05:30,269.0,0,14,11,500.0
2025-11-14 01:00:00+05:30,264.0,1,14,11,500.0
2025-11-14 02:00:00+05:30,281.0,2,14,11,500.0
2025-11-14 03:00:00+05:30,297.0,3,14,11,500.0
2025-11-14 04:00:00+05:30,271.0,4,14,11,500.0
2025-11-14 05:00:00+05:30,281.0,5,14,11,500.0
2025-11-14 06:00:00+05:30,261.0,6,14,11,500.0
2025-11-14 07:00:00+05:30,243.0,7,14,11,500.0
2025-11-14 09:00:00+05:30,214.0,9,14,11,500.0
2025-11-14 10:00:00+05:30,214.0,10,14,11,500.0
2025-11-14 11:00:00+05:30,216.0,11,14,11,500.0
2025-11-14 12:00:00+05:30,202.0,12,14,11,500.0
2025-11-14 13:00:00+05:30,180.0,13,14,11,500.0
2025-11-14 14:00:00+05:30,191.0,14,14,11,500.0
2025-11-14 15:00:00+05:30,198.0,15,14,11,500.0
2025-11-14 16:00:00+05:30,174.0,16,14,11,500.0
2025-11-14 17:00:00+05:30,160.0,17,14,11,500.0
2025-11-16 09:00:00+05:30,257.0,9,16,11,500.0
2025-11-16 10:00:00+05:30,261.0,10,16,11,500.0
2025-11-16 11:00:00+05:30,250.0,11,16,11,500.0
2025-11-16 12:00:00+05:30,213.0,12,16,11,500.0
2025-11-16 13:00:00+05:30,147.0,13,16,11,500.0
2025-11-16 14:00:00+05:30,100.0,14,16,11,400.0
2025-11-16 15:00:00+05:30,103.0,15,16,11,412.0
2025-11-16 16:00:00+05:30,121.0,16,16,11,484.0
2025-11-16 17:00:00+05:30,113.0,17,16,11,452.0
2025-11-16 18:00:00+05:30,110.0,18,16,11,440.0
2025-11-16 19:00:00+05:30,135.0,19,16,11,500.0
2025-11-16 20:00:00+05:30,153.0,20,16,11,500.0
2025-11-16 21:00:00+05:30,188.0,21,16,11,500.0
2025-11-16 22:00:00+05:30,227.0,22,16,11,500.0
2025-11-17 12:00:00+05:30,154.0,12,17,11,500.0
2025-11-18 00:00:00+05:30,157.0,0,18,11,500.0
2025-11-18 01:00:00+05:30,159.0,1,18,11,500.0
2025-11-18 02:00:00+05:30,163.0,2,18,11,500.0
2025-11-18 03:00:00+05:30,200.0,3,18,11,500.0
2025-11-18 06:00:00+05:30,241.0,6,18,11,500.0
2025-11-18 07:00:00+05:30,232.0,7,18,11,500.0
2025-11-18 09:00:00+05:30,266.0,9,18,11,500.0
2025-11-18 10:00:00+05:30,290.0,10,18,11,500.0
2025-11-18 11:00:00+05:30,279.0,11,18,11,500.0
2025-11-18 12:00:00+05:30,260.0,12,18,11,500.0
2025-11-18 13:00:00+05:30,180.0,13,18,11,500.0
2025-11-18 14:00:00+05:30,210.0,14,18,11,500.0
2025-11-18 15:00:00+05:30,153.0,15,18,11,500.0
2025-11-18 18:00:00+05:30,135.0,18,18,11,500.0
2025-11-18 19:00:00+05:30,165.0,19,18,11,500.0
2025-11-18 20:00:00+05:30,182.0,20,18,11,500.0
2025-11-18 21:00:00+05:30,200.0,21,18,11,500.0
2025-11-18 22:00:00+05:30,215.0,22,18,11,500.0
2025-11-19 01:00:00+05:30,246.0,1,19,11,500.0
2025-11-19 02:00:00+05:30,265.0,2,19,11,500.0
2025-11-19 05:00:00+05:30,310.0,5,19,11,500.0
2025-11-19 11:00:00+05:30,270.0,11,19,11,500.0
2025-11-19 12:00:00+05:30,196.0,12,19,11,500.0
2025-11-19 13:00:00+05:30,148.0,13,19,11,500.0
2025-11-20 05:00:00+05:30,307.0,5,20,11,500.0
2025-11-20 11:00:00+05:30,233.0,11,20,11,500.0
2025-11-20 12:00:00+05:30,210.0,12,20,11,500.0
2025-11-20 22:00:00+05:30,180.0,22,20,11,500.0
2025-11-21 00:00:00+05:30,170.0,0,21,11,500.0
2025-11-21 01:00:00+05:30,177.0,1,21,11,500.0
2025-11-21 02:00:00+05:30,175.0,2,21,11,500.0
2025-11-21 03:00:00+05:30,170.0,3,21,11,500.0
2025-11-21 04:00:00+05:30,182.0,4,21,11,500.0
2025-11-21 05:00:00+05:30,202.0,5,21,11,500.0
2025-11-21 06:00:00+05:30,204.0,6,21,11,500.0
2025-11-21 07:00:00+05:30,188.0,7,21,11,500.0
2025-11-21 08:00:00+05:30,184.0,8,21,11,500.0
2025-11-21 09:00:00+05:30,189.0,9,21,11,500.0
2025-11-21 10:00:00+05:30,211.0,10,21,11,500.0
2025-11-21 11:00:00+05:30,174.0,11,21,11,500.0
2025-11-21 12:00:00+05:30,122.0,12,21,11,488.0
2025-11-21 13:00:00+05:30,113.0,13,21,11,452.0
2025-11-21 14:00:00+05:30,114.0,14,21,11,456.0
2025-11-21 15:00:00+05:30,114.0,15,21,11,456.0
2025-11-21 16:00:00+05:30,113.0,16,21,11,452.0
2025-11-21 17:00:00+05:30,118.0,17,21,11,472.0
2025-11-21 18:00:00+05:30,120.0,18,21,11,480.0
2025-11-21 19:00:00+05:30,125.0,19,21,11,500.0
2025-11-21 20:00:00+05:30,174.0,20,21,11,500.0
2025-11-21 21:00:00+05:30,215.0,21,21,11,500.0
2025-11-21 22:00:00+05:30,188.0,22,21,11,500.0
2025-11-21 23:00:00+05:30,173.0,23,21,11,500.0
2025-11-22 00:00:00+05:30,174.0,0,22,11,500.0
2025-11-22 01:00:00+05:30,175.0,1,22,11,500.0
2025-11-22 02:00:00+05:30,178.0,2,22,11,500.0
2025-11-22 03:00:00+05:30,177.0,3,22,11,500.0
2025-11-22 04:00:00+05:30,178.0,4,22,11,500.0
2025-11-22 05:00:00+05:30,200.0,5,22,11,500.0
2025-11-22 06:00:00+05:30,195.0,6,22,11,500.0
2025-11-22 07:00:00+05:30,203.0,7,22,11,500.0
2025-11-22 08:00:00+05:30,232.0,8,22,11,500.0
2025-11-22 09:00:00+05:30,259.0,9,22,11,500.0
2025-11-22 10:00:00+05:30,247.0,10,22,11,500.0
2025-11-22 11:00:00+05:30,210.0,11,22,11,500.0
2025-11-22 12:00:00+05:30,176.0,12,22,11,500.0
2025-11-22 13:00:00+05:30,170.0,13,22,11,500.0
2025-11-22 14:00:00+05:30,139.0,14,22,11,500.0
2025-11-22 15:00:00+05:30,128.0,15,22,11,500.0
2025-11-22 16:00:00+05:30,112.0,16,22,11,448.0
2025-11-22 17:00:00+05:30,120.0,17,22,11,480.0
2025-11-22 18:00:00+05:30,143.0,18,22,11,500.0
2025-11-22 19:00:00+05:30,148.0,19,22,11,500.0
2025-11-22 20:00:00+05:30,180.0,20,22,11,500.0
2025-11-22 21:00:00+05:30,196.0,21,22,11,500.0
2025-11-22 22:00:00+05:30,189.0,22,22,11,500.0
2025-11-22 23:00:00+05:30,171.0,23,22,11,500.0
2025-11-23 00:00:00+05:30,183.0,0,23,11,500.0
2025-11-23 01:00:00+05:30,219.0,1,23,11,500.0
2025-11-23 02:00:00+05:30,251.0,2,23,11,500.0
2025-11-23 03:00:00+05:30,278.0,3,23,11,500.0
2025-11-23 04:00:00+05:30,266.0,4,23,11,500.0
2025-11-23 05:00:00+05:30,259.0,5,23,11,500.0
2025-11-23 06:00:00+05:30,247.0,6,23,11,500.0
2025-11-23 07:00:00+05:30,242.0,7,23,11,500.0
2025-11-23 08:00:00+05:30,230.0,8,23,11,500.0
2025-11-23 09:00:00+05:30,220.0,9,23,11,500.0
2025-11-23 10:00:00+05:30,301.0,10,23,11,500.0
2025-11-23 11:00:00+05:30,297.0,11,23,11,500.0
2025-11-23 12:00:00+05:30,234.0,12,23,11,500.0
2025-11-23 13:00:00+05:30,175.0,13,23,11,500.0
2025-11-23 14:00:00+05:30,147.0,14,23,11,500.0
2025-11-23 15:00:00+05:30,130.0,15,23,11,500.0
2025-11-23 16:00:00+05:30,143.0,16,23,11,500.0
2025-11-23 17:00:00+05:30,120.0,17,23,11,480.0
2025-11-23 18:00:00+05:30,137.0,18,23,11,500.0
2025-11-23 19:00:00+05:30,168.0,19,23,11,500.0
2025-11-23 20:00:00+05:30,190.0,20,23,11,500.0
2025-11-23 21:00:00+05:30,219.0,21,23,11,500.0
2025-11-23 22:00:00+05:30,270.0,22,23,11,500.0
2025-11-23 23:00:00+05:30,298.0,23,23,11,500.0
2025-11-24 00:00:00+05:30,317.0,0,24,11,500.0
2025-11-24 01:00:00+05:30,325.0,1,24,11,500.0
2025-11-24 02:00:00+05:30,318.0,2,24,11,500.0
2025-11-24 03:00:00+05:30,304.0,3,24,11,500.0
2025-11-24 04:00:00+05:30,293.0,4,24,11,500.0
2025-11-24 05:00:00+05:30,286.0,5,24,11,500.0
2025-11-24 06:00:00+05:30,276.0,6,24,11,500.0
2025-11-24 07:00:00+05:30,275.0,7,24,11,500.0
2025-11-24 08:00:00+05:30,280.0,8,24,11,500.0
2025-11-24 09:00:00+05:30,273.0,9,24,11,500.0
2025-11-24 10:00:00+05:30,245.0,10,24,11,500.0
2025-11-24 11:00:00+05:30,207.0,11,24,11,500.0
2025-11-24 12:00:00+05:30,176.0,12,24,11,500.0
2025-11-24 13:00:00+05:30,180.0,13,24,11,500.0
2025-11-24 14:00:00+05:30,156.0,14,24,11,500.0
2025-11-24 15:00:00+05:30,125.0,15,24,11,500.0
2025-11-24 16:00:00+05:30,119.0,16,24,11,476.0
2025-11-24 17:00:00+05:30,109.0,17,24,11,436.0
2025-11-24 18:00:00+05:30,122.0,18,24,11,488.0
2025-11-24 19:00:00+05:30,129.0,19,24,11,500.0
2025-11-24 20:00:00+05:30,180.0,20,24,11,500.0
2025-11-24 21:00:00+05:30,232.0,21,24,11,500.0
2025-11-24 22:00:00+05:30,217.0,22,24,11,500.0
2025-11-24 23:00:00+05:30,235.0,23,24,11,500.0
2025-11-25 00:00:00+05:30,248.0,0,25,11,500.0
2025-11-25 01:00:00+05:30,247.0,1,25,11,500.0
2025-11-25 02:00:00+05:30,254.0,2,25,11,500.0
2025-11-25 03:00:00+05:30,248.0,3,25,11,500.0
2025-11-25 04:00:00+05:30,250.0,4,25,11,500.0
2025-11-25 05:00:00+05:30,265.0,5,25,11,500.0
2025-11-25 06:00:00+05:30,257.0,6,25,11,500.0
2025-11-25 07:00:00+05:30,240.0,7,25,11,500.0
2025-11-25 08:00:00+05:30,236.0,8,25,11,500.0
2025-11-25 09:00:00+05:30,235.0,9,25,11,500.0
2025-11-25 10:00:00+05:30,246.0,10,25,11,500.0
2025-11-25 11:00:00+05:30,195.0,11,25,11,500.0
2025-11-25 12:00:00+05:30,168.0,12,25,11,500.0
2025-11-25 13:00:00+05:30,121.0,13,25,11,484.0
2025-11-25 14:00:00+05:30,110.0,14,25,11,440.0
2025-11-25 15:00:00+05:30,109.0,15,25,11,436.0
2025-11-25 16:00:00+05:30,94.0,16,25,11,376.0
2025-11-25 17:00:00+05:30,93.0,17,25,11,372.0
2025-11-25 18:00:00+05:30,102.0,18,25,11,408.0
2025-11-25 19:00:00+05:30,112.0,19,25,11,448.0
2025-11-25 20:00:00+05:30,157.0,20,25,11,500.0
2025-11-25 21:00:00+05:30,199.0,21,25,11,500.0
2025-11-25 22:00:00+05:30,210.0,22,25,11,500.0
2025-11-25 23:00:00+05:30,230.0,23,25,11,500.0
2025-11-26 00:00:00+05:30,238.0,0,26,11,500.0
2025-11-26 01:00:00+05:30,238.0,1,26,11,500.0
2025-11-26 02:00:00+05:30,242.0,2,26,11,500.0
2025-11-26 03:00:00+05:30,251.0,3,26,11,500.0
2025-11-26 04:00:00+05:30,256.0,4,26,11,500.0
2025-11-26 05:00:00+05:30,239.0,5,26,11,500.0
2025-11-26 06:00:00+05:30,213.0,6,26,11,500.0
2025-11-26 07:00:00+05:30,156.0,7,26,11,500.0
2025-11-26 08:00:00+05:30,143.0,8,26,11,500.0
2025-11-26 09:00:00+05:30,161.0,9,26,11,500.0
2025-11-26 10:00:00+05:30,163.0,10,26,11,500.0
2025-11-26 11:00:00+05:30,138.0,11,26,11,500.0
2025-11-26 12:00:00+05:30,134.0,12,26,11,500.0
2025-11-26 13:00:00+05:30,113.0,13,26,11,452.0
2025-11-26 14:00:00+05:30,111.0,14,26,11,444.0
2025-11-26 15:00:00+05:30,114.0,15,26,11,456.0
2025-11-26 16:00:00+05:30,107.0,16,26,11,428.0
2025-11-26 17:00:00+05:30,101.0,17,26,11,404.0
2025-11-26 18:00:00+05:30,113.0,18,26,11,452.0
2025-11-26 19:00:00+05:30,125.0,19,26,11,500.0
2025-11-26 20:00:00+05:30,174.0,20,26,11,500.0
2025-11-26 21:00:00+05:30,176.0,21,26,11,500.0
2025-11-26 22:00:00+05:30,164.0,22,26,11,500.0
2025-11-26 23:00:00+05:30,157.0,23,26,11,500.0
2025-11-27 00:00:00+05:30,158.0,0,27,11,500.0
2025-11-27 01:00:00+05:30,155.0,1,27,11,500.0
2025-11-27 02:00:00+05:30,165.0,2,27,11,500.0
2025-11-27 03:00:00+05:30,206.0,3,27,11,500.0
2025-11-27 04:00:00+05:30,276.0,4,27,11,500.0
2025-11-27 05:00:00+05:30,355.0,5,27,11,500.0
2025-11-27 06:00:00+05:30,390.0,6,27,11,500.0
2025-11-27 07:00:00+05:30,371.0,7,27,11,500.0
2025-11-27 08:00:00+05:30,327.0,8,27,11,500.0
2025-11-27 09:00:00+05:30,292.0,9,27,11,500.0
2025-11-27 10:00:00+05:30,401.0,10,27,11,500.0
2025-11-27 11:00:00+05:30,308.0,11,27,11,500.0
2025-11-27 12:00:00+05:30,186.0,12,27,11,500.0
2025-11-27 13:00:00+05:30,123.0,13,27,11,492.0
2025-11-27 14:00:00+05:30,146.0,14,27,11,500.0
2025-11-27 15:00:00+05:30,149.0,15,27,11,500.0
2025-11-27 16:00:00+05:30,155.0,16,27,11,500.0
2025-11-27 17:00:00+05:30,146.0,17,27,11,500.0
2025-11-27 18:00:00+05:30,144.0,18,27,11,500.0
2025-11-27 19:00:00+05:30,143.0,19,27,11,500.0
2025-11-27 20:00:00+05:30,142.0,20,27,11,500.0
2025-11-27 21:00:00+05:30,180.0,21,27,11,500.0
2025-11-27 22:00:00+05:30,157.0,22,27,11,500.0
2025-11-27 23:00:00+05:30,173.0,23,27,11,500.0
2025-11-28 00:00:00+05:30,212.0,0,28,11,500.0
2025-11-28 01:00:00+05:30,224.0,1,28,11,500.0
2025-11-28 02:00:00+05:30,249.0,2,28,11,500.0
2025-11-28 03:00:00+05:30,293.0,3,28,11,500.0
2025-11-28 04:00:00+05:30,360.0,4,28,11,500.0
2025-11-28 05:00:00+05:30,378.0,5,28,11,500.0
2025-11-28 06:00:00+05:30,353.0,6,28,11,500.0
2025-11-28 07:00:00+05:30,330.0,7,28,11,500.0
2025-11-28 08:00:00+05:30,328.0,8,28,11,500.0
2025-11-28 09:00:00+05:30,303.0,9,28,11,500.0
2025-11-28 10:00:00+05:30,281.0,10,28,11,500.0
2025-11-28 11:00:00+05:30,269.0,11,28,11,500.0
2025-11-28 12:00:00+05:30,137.0,12,28,11,500.0
2025-11-28 13:00:00+05:30,124.0,13,28,11,496.0
2025-11-28 14:00:00+05:30,149.0,14,28,11,500.0
2025-11-28 15:00:00+05:30,127.0,15,28,11,500.0
2025-11-28 16:00:00+05:30,90.0,16,28,11,360.0
2025-11-28 17:00:00+05:30,90.0,17,28,11,360.0
2025-11-28 18:00:00+05:30,97.0,18,28,11,388.0
2025-11-28 19:00:00+05:30,132.0,19,28,11,500.0
2025-11-28 20:00:00+05:30,174.0,20,28,11,500.0
2025-11-28 21:00:00+05:30,187.0,21,28,11,500.0
2025-11-28 22:00:00+05:30,192.0,22,28,11,500.0
2025-11-28 23:00:00+05:30,209.0,23,28,11,500.0
2025-11-29 00:00:00+05:30,218.0,0,29,11,500.0
2025-11-29 01:00:00+05:30,216.0,1,29,11,500.0
2025-11-29 02:00:00+05:30,208.0,2,29,11,500.0
2025-11-29 03:00:00+05:30,212.0,3,29,11,500.0
2025-11-29 04:00:00+05:30,203.0,4,29,11,500.0
2025-11-29 05:00:00+05:30,197.0,5,29,11,500.0
2025-11-29 06:00:00+05:30,201.0,6,29,11,500.0
2025-11-29 07:00:00+05:30,234.0,7,29,11,500.0
2025-11-29 08:00:00+05:30,192.0,8,29,11,500.0
2025-11-29 09:00:00+05:30,183.0,9,29,11,500.0
2025-11-29 10:00:00+05:30,163.0,10,29,11,500.0
2025-11-29 11:00:00+05:30,115.0,11,29,11,460.0
2025-11-29 12:00:00+05:30,108.0,12,29,11,432.0
2025-11-29 13:00:00+05:30,86.0,13,29,11,344.0
2025-11-29 14:00:00+05:30,67.0,14,29,11,268.0
2025-11-29 15:00:00+05:30,57.0,15,29,11,228.0
2025-11-29 16:00:00+05:30,54.0,16,29,11,216.0
2025-11-29 17:00:00+05:30,53.0,17,29,11,212.0
2025-11-29 18:00:00+05:30,65.0,18,29,11,260.0
2025-11-29 19:00:00+05:30,84.0,19,29,11,336.0
2025-11-29 20:00:00+05:30,106.0,20,29,11,424.0
2025-11-29 21:00:00+05:30,140.0,21,29,11,500.0
2025-11-29 22:00:00+05:30,164.0,22,29,11,500.0
2025-11-29 23:00:00+05:30,196.0,23,29,11,500.0
2025-11-30 00:00:00+05:30,206.0,0,30,11,500.0
2025-11-30 01:00:00+05:30,205.0,1,30,11,500.0
2025-11-30 02:00:00+05:30,201.0,2,30,11,500.0
2025-11-30 03:00:00+05:30,197.0,3,30,11,500.0
2025-11-30 04:00:00+05:30,176.0,4,30,11,500.0
2025-11-30 05:00:00+05:30,169.0,5,30,11,500.0
2025-11-30 06:00:00+05:30,164.0,6,30,11,500.0
2025-11-30 07:00:00+05:30,158.0,7,30,11,500.0
2025-11-30 08:00:00+05:30,150.0,8,30,11,500.0
2025-11-30 09:00:00+05:30,163.0,9,30,11,500.0
2025-11-30 10:00:00+05:30,160.0,10,30,11,500.0
2025-11-30 11:00:00+05:30,160.0,11,30,11,500.0
2025-11-30 12:00:00+05:30,155.0,12,30,11,500.0
2025-11-30 13:00:00+05:30,124.0,13,30,11,496.0
2025-11-30 14:00:00+05:30,97.0,14,30,11,388.0
2025-11-30 15:00:00+05:30,86.0,15,30,11,344.0
2025-11-30 16:00:00+05:30,80.0,16,30,11,320.0
2025-11-30 17:00:00+05:30,84.0,17,30,11,336.0
2025-11-30 18:00:00+05:30,99.0,18,30,11,396.0
2025-11-30 19:00:00+05:30,194.0,19,30,11,500.0
2025-11-30 20:00:00+05:30,135.0,20,30,11,500.0
2025-11-30 21:00:00+05:30,178.0,21,30,11,500.0
2025-11-30 22:00:00+05:30,187.0,22,30,11,500.0
2025-11-30 23:00:00+05:30,201.0,23,30,11,500.0
2025-12-01 00:00:00+05:30,190.0,0,1,12,500.0
2025-12-01 01:00:00+05:30,195.0,1,1,12,500.0
2025-12-01 02:00:00+05:30,193.0,2,1,12,500.0
2025-12-01 03:00:00+05:30,201.0,3,1,12,500.0
2025-12-01 04:00:00+05:30,197.0,4,1,12,500.0
2025-12-01 05:00:00+05:30,184.0,5,1,12,500.0
2025-12-01 06:00:00+05:30,174.0,6,1,12,500.0
2025-12-01 07:00:00+05:30,157.0,7,1,12,500.0
2025-12-01 08:00:00+05:30,164.0,8,1,12,500.0
2025-12-01 09:00:00+05:30,157.0,9,1,12,500.0
2025-12-01 10:00:00+05:30,155.0,10,1,12,500.0
2025-12-01 11:00:00+05:30,122.0,11,1,12,488.0
2025-12-01 12:00:00+05:30,78.0,12,1,12,312.0
2025-12-01 13:00:00+05:30,74.0,13,1,12,296.0
2025-12-01 14:00:00+05:30,66.0,14,1,12,264.0
2025-12-01 15:00:00+05:30,78.0,15,1,12,312.0
2025-12-01 16:00:00+05:30,66.0,16,1,12,264.0
2025-12-01 17:00:00+05:30,100.0,17,1,12,400.0
2025-12-01 18:00:00+05:30,101.0,18,1,12,404.0
2025-12-01 19:00:00+05:30,121.0,19,1,12,484.0
2025-12-01 20:00:00+05:30,153.0,20,1,12,500.0
2025-12-01 21:00:00+05:30,217.0,21,1,12,500.0
2025-12-01 22:00:00+05:30,271.0,22,1,12,500.0
2025-12-01 23:00:00+05:30,209.0,23,1,12,500.0
2025-12-02 00:00:00+05:30,212.0,0,2,12,500.0
2025-12-02 01:00:00+05:30,218.0,1,2,12,500.0
2025-12-02 02:00:00+05:30,247.0,2,2,12,500.0
2025-12-02 03:00:00+05:30,254.0,3,2,12,500.0
2025-12-02 04:00:00+05:30,246.0,4,2,12,500.0
2025-12-02 05:00:00+05:30,241.0,5,2,12,500.0
2025-12-02 06:00:00+05:30,229.0,6,2,12,500.0
2025-12-02 07:00:00+05:30,237.0,7,2,12,500.0
2025-12-02 08:00:00+05:30,200.0,8,2,12,500.0
2025-12-02 09:00:00+05:30,226.0,9,2,12,500.0
2025-12-02 10:00:00+05:30,295.0,10,2,12,500.0
2025-12-02 11:00:00+05:30,256.0,11,2,12,500.0
2025-12-02 12:00:00+05:30,218.0,12,2,12,500.0
2025-12-02 13:00:00+05:30,223.0,13,2,12,500.0
2025-12-02 14:00:00+05:30,173.0,14,2,12,500.0
2025-12-02 15:00:00+05:30,178.0,15,2,12,500.0
2025-12-02 16:00:00+05:30,262.0,16,2,12,500.0
2025-12-02 17:00:00+05:30,220.0,17,2,12,500.0
2025-12-02 18:00:00+05:30,200.0,18,2,12,500.0
2025-12-02 19:00:00+05:30,226.0,19,2,12,500.0
2025-12-02 20:00:00+05:30,238.0,20,2,12,500.0
2025-12-02 21:00:00+05:30,243.0,21,2,12,500.0
2025-12-02 22:00:00+05:30,270.0,22,2,12,500.0
2025-12-02 23:00:00+05:30,294.0,23,2,12,500.0
2025-12-03 00:00:00+05:30,281.0,0,3,12,500.0
2025-12-03 01:00:00+05:30,263.0,1,3,12,500.0
2025-12-03 02:00:00+05:30,231.0,2,3,12,500.0
2025-12-03 03:00:00+05:30,208.0,3,3,12,500.0
2025-12-03 04:00:00+05:30,198.0,4,3,12,500.0
2025-12-03 05:00:00+05:30,202.0,5,3,12,500.0
2025-12-03 06:00:00+05:30,202.0,6,3,12,500.0
2025-12-03 07:00:00+05:30,217.0,7,3,12,500.0
2025-12-03 08:00:00+05:30,227.0,8,3,12,500.0
2025-12-03 09:00:00+05:30,245.0,9,3,12,500.0
2025-12-03 10:00:00+05:30,249.0,10,3,12,500.0
2025-12-03 11:00:00+05:30,163.0,11,3,12,500.0
2025-12-03 12:00:00+05:30,136.0,12,3,12,500.0
2025-12-03 13:00:00+05:30,104.0,13,3,12,416.0
2025-12-03 14:00:00+05:30,101.0,14,3,12,404.0
2025-12-03 15:00:00+05:30,83.0,15,3,12,332.0
2025-12-03 16:00:00+05:30,79.0,16,3,12,316.0
2025-12-03 17:00:00+05:30,69.0,17,3,12,276.0
2025-12-03 18:00:00+05:30,85.0,18,3,12,340.0
2025-12-03 19:00:00+05:30,110.0,19,3,12,440.0
2025-12-03 20:00:00+05:30,140.0,20,3,12,500.0
2025-12-03 21:00:00+05:30,182.0,21,3,12,500.0
2025-12-03 22:00:00+05:30,225.0,22,3,12,500.0
2025-12-03 23:00:00+05:30,232.0,23,3,12,500.0
2025-12-04 00:00:00+05:30,225.0,0,4,12,500.0
2025-12-04 01:00:00+05:30,218.0,1,4,12,500.0
2025-12-04 02:00:00+05:30,207.0,2,4,12,500.0
2025-12-04 03:00:00+05:30,200.0,3,4,12,500.0
2025-12-04 04:00:00+05:30,182.0,4,4,12,500.0
2025-12-04 05:00:00+05:30,181.0,5,4,12,500.0
2025-12-04 06:00:00+05:30,189.0,6,4,12,500.0
2025-12-04 07:00:00+05:30,218.0,7,4,12,500.0
2025-12-04 08:00:00+05:30,201.0,8,4,12,500.0
2025-12-04 09:00:00+05:30,213.0,9,4,12,500.0
2025-12-04 10:00:00+05:30,238.0,10,4,12,500.0
2025-12-04 11:00:00+05:30,167.0,11,4,12,500.0
2025-12-04 12:00:00+05:30,140.0,12,4,12,500.0
2025-12-04 13:00:00+05:30,122.0,13,4,12,488.0
2025-12-04 14:00:00+05:30,125.0,14,4,12,500.0
2025-12-04 15:00:00+05:30,118.0,15,4,12,472.0
2025-12-04 16:00:00+05:30,107.0,16,4,12,428.0
2025-12-04 17:00:00+05:30,91.0,17,4,12,364.0
2025-12-04 18:00:00+05:30,113.0,18,4,12,452.0
2025-12-04 19:00:00+05:30,183.0,19,4,12,500.0
2025-12-04 20:00:00+05:30,183.0,20,4,12,500.0
2025-12-04 21:00:00+05:30,190.0,21,4,12,500.0
2025-12-04 22:00:00+05:30,183.0,22,4,12,500.0
2025-12-04 23:00:00+05:30,202.0,23,4,12,500.0
2025-12-05 00:00:00+05:30,191.0,0,5,12,500.0
2025-12-05 01:00:00+05:30,203.0,1,5,12,500.0
2025-12-05 02:00:00+05:30,218.0,2,5,12,500.0
2025-12-05 03:00:00+05:30,226.0,3,5,12,500.0
2025-12-05 04:00:00+05:30,204.0,4,5,12,500.0
2025-12-05 05:00:00+05:30,170.0,5,5,12,500.0
2025-12-05 06:00:00+05:30,151.0,6,5,12,500.0
2025-12-05 07:00:00+05:30,162.0,7,5,12,500.0
2025-12-05 08:00:00+05:30,163.0,8,5,12,500.0
2025-12-05 09:00:00+05:30,165.0,9,5,12,500.0
2025-12-05 10:00:00+05:30,170.0,10,5,12,500.0
2025-12-05 11:00:00+05:30,182.0,11,5,12,500.0
2025-12-05 12:00:00+05:30,161.0,12,5,12,500.0
2025-12-05 13:00:00+05:30,122.0,13,5,12,488.0
2025-12-05 14:00:00+05:30,118.0,14,5,12,472.0
2025-12-05 15:00:00+05:30,121.0,15,5,12,484.0
2025-12-05 16:00:00+05:30,120.0,16,5,12,480.0
2025-12-05 17:00:00+05:30,113.0,17,5,12,452.0
2025-12-05 18:00:00+05:30,120.0,18,5,12,480.0
2025-12-05 19:00:00+05:30,169.0,19,5,12,500.0
2025-12-05 20:00:00+05:30,196.0,20,5,12,500.0
2025-12-05 21:00:00+05:30,234.0,21,5,12,500.0
2025-12-05 22:00:00+05:30,278.0,22,5,12,500.0
2025-12-05 23:00:00+05:30,264.0,23,5,12,500.0
2025-12-06 00:00:00+05:30,252.0,0,6,12,500.0
2025-12-06 01:00:00+05:30,243.0,1,6,12,500.0
2025-12-06 02:00:00+05:30,233.0,2,6,12,500.0
2025-12-06 03:00:00+05:30,214.0,3,6,12,500.0
2025-12-06 04:00:00+05:30,197.0,4,6,12,500.0
2025-12-06 05:00:00+05:30,196.0,5,6,12,500.0
2025-12-06 06:00:00+05:30,215.0,6,6,12,500.0
2025-12-06 07:00:00+05:30,209.0,7,6,12,500.0
2025-12-06 08:00:00+05:30,233.0,8,6,12,500.0
2025-12-06 09:00:00+05:30,222.0,9,6,12,500.0
2025-12-06 10:00:00+05:30,169.0,10,6,12,500.0
2025-12-06 11:00:00+05:30,163.0,11,6,12,500.0
2025-12-06 12:00:00+05:30,138.0,12,6,12,500.0
2025-12-06 13:00:00+05:30,105.0,13,6,12,420.0
2025-12-06 14:00:00+05:30,90.0,14,6,12,360.0
2025-12-06 15:00:00+05:30,95.0,15,6,12,380.0
2025-12-06 16:00:00+05:30,93.0,16,6,12,372.0
2025-12-06 17:00:00+05:30,90.0,17,6,12,360.0
2025-12-06 18:00:00+05:30,101.0,18,6,12,404.0
2025-12-06 19:00:00+05:30,120.0,19,6,12,480.0
2025-12-06 20:00:00+05:30,142.0,20,6,12,500.0
2025-12-06 21:00:00+05:30,197.0,21,6,12,500.0
2025-12-06 22:00:00+05:30,194.0,22,6,12,500.0
2025-12-06 23:00:00+05:30,191.0,23,6,12,500.0
2025-12-07 00:00:00+05:30,196.0,0,7,12,500.0
2025-12-07 01:00:00+05:30,192.0,1,7,12,500.0
2025-12-07 02:00:00+05:30,184.0,2,7,12,500.0
2025-12-07 03:00:00+05:30,184.0,3,7,12,500.0
2025-12-07 04:00:00+05:30,184.0,4,7,12,500.0
2025-12-07 05:00:00+05:30,195.0,5,7,12,500.0
2025-12-07 06:00:00+05:30,191.0,6,7,12,500.0
2025-12-07 07:00:00+05:30,165.0,7,7,12,500.0
2025-12-07 08:00:00+05:30,150.0,8,7,12,500.0
2025-12-07 09:00:00+05:30,157.0,9,7,12,500.0
2025-12-07 10:00:00+05:30,173.0,10,7,12,500.0
2025-12-07 11:00:00+05:30,155.0,11,7,12,500.0
2025-12-07 12:00:00+05:30,155.0,12,7,12,500.0
2025-12-07 13:00:00+05:30,144.0,13,7,12,500.0
2025-12-07 14:00:00+05:30,129.0,14,7,12,500.0
2025-12-07 15:00:00+05:30,112.0,15,7,12,448.0
2025-12-07 16:00:00+05:30,111.0,16,7,12,444.0
2025-12-07 17:00:00+05:30,105.0,17,7,12,420.0
2025-12-07 18:00:00+05:30,113.0,18,7,12,452.0
2025-12-07 19:00:00+05:30,140.0,19,7,12,500.0
2025-12-07 20:00:00+05:30,161.0,20,7,12,500.0
2025-12-07 21:00:00+05:30,187.0,21,7,12,500.0
2025-12-07 22:00:00+05:30,197.0,22,7,12,500.0
2025-12-07 23:00:00+05:30,185.0,23,7,12,500.0
2025-12-08 00:00:00+05:30,183.0,0,8,12,500.0
2025-12-08 01:00:00+05:30,183.0,1,8,12,500.0
2025-12-08 04:00:00+05:30,180.0,4,8,12,500.0
2025-12-08 05:00:00+05:30,184.0,5,8,12,500.0
2025-12-08 06:00:00+05:30,164.0,6,8,12,500.0
2025-12-08 07:00:00+05:30,174.0,7,8,12,500.0
2025-12-08 08:00:00+05:30,176.0,8,8,12,500.0
2025-12-08 09:00:00+05:30,189.0,9,8,12,500.0
2025-12-08 10:00:00+05:30,197.0,10,8,12,500.0
2025-12-08 11:00:00+05:30,181.0,11,8,12,500.0
2025-12-08 12:00:00+05:30,158.0,12,8,12,500.0
2025-12-08 13:00:00+05:30,128.0,13,8,12,500.0
2025-12-08 14:00:00+05:30,98.0,14,8,12,392.0
2025-12-08 15:00:00+05:30,74.0,15,8,12,296.0
2025-12-08 16:00:00+05:30,76.0,16,8,12,304.0
2025-12-08 17:00:00+05:30,63.0,17,8,12,252.0
2025-12-08 18:00:00+05:30,71.0,18,8,12,284.0
2025-12-08 19:00:00+05:30,125.0,19,8,12,500.0
2025-12-08 20:00:00+05:30,167.0,20,8,12,500.0
2025-12-08 21:00:00+05:30,173.0,21,8,12,500.0
2025-12-08 22:00:00+05:30,183.0,22,8,12,500.0
2025-12-08 23:00:00+05:30,199.0,23,8,12,500.0
2025-12-09 00:00:00+05:30,190.0,0,9,12,500.0
2025-12-09 01:00:00+05:30,170.0,1,9,12,500.0
2025-12-09 02:00:00+05:30,161.0,2,9,12,500.0
2025-12-09 03:00:00+05:30,143.0,3,9,12,500.0
2025-12-09 04:00:00+05:30,147.0,4,9,12,500.0
2025-12-09 05:00:00+05:30,145.0,5,9,12,500.0
2025-12-09 06:00:00+05:30,136.0,6,9,12,500.0
2025-12-09 07:00:00+05:30,138.0,7,9,12,500.0
2025-12-09 08:00:00+05:30,148.0,8,9,12,500.0
2025-12-09 09:00:00+05:30,152.0,9,9,12,500.0
2025-12-09 10:00:00+05:30,150.0,10,9,12,500.0
2025-12-09 11:00:00+05:30,146.0,11,9,12,500.0
2025-12-09 12:00:00+05:30,134.0,12,9,12,500.0
2025-12-09 13:00:00+05:30,119.0,13,9,12,476.0
2025-12-09 14:00:00+05:30,85.0,14,9,12,340.0
2025-12-09 15:00:00+05:30,69.0,15,9,12,276.0
2025-12-09 16:00:00+05:30,57.0,16,9,12,228.0
2025-12-09 17:00:00+05:30,58.0,17,9,12,232.0
2025-12-09 18:00:00+05:30,73.0,18,9,12,292.0
2025-12-09 19:00:00+05:30,87.0,19,9,12,348.0
2025-12-09 20:00:00+05:30,128.0,20,9,12,500.0
2025-12-09 21:00:00+05:30,163.0,21,9,12,500.0
2025-12-09 22:00:00+05:30,188.0,22,9,12,500.0
2025-12-09 23:00:00+05:30,172.0,23,9,12,500.0
2025-12-10 00:00:00+05:30,159.0,0,10,12,500.0
2025-12-10 01:00:00+05:30,138.0,1,10,12,500.0
2025-12-10 02:00:00+05:30,146.0,2,10,12,500.0
2025-12-10 03:00:00+05:30,150.0,3,10,12,500.0
2025-12-10 04:00:00+05:30,151.0,4,10,12,500.0
2025-12-10 05:00:00+05:30,151.0,5,10,12,500.0
2025-12-10 06:00:00+05:30,130.0,6,10,12,500.0
2025-12-10 07:00:00+05:30,119.0,7,10,12,476.0
2025-12-10 08:00:00+05:30,109.0,8,10,12,436.0
2025-12-10 09:00:00+05:30,111.0,9,10,12,444.0
2025-12-10 10:00:00+05:30,117.0,10,10,12,468.0
2025-12-10 11:00:00+05:30,104.0,11,10,12,416.0
2025-12-10 12:00:00+05:30,94.0,12,10,12,376.0
2025-12-10 13:00:00+05:30,88.0,13,10,12,352.0
2025-12-10 14:00:00+05:30,97.0,14,10,12,388.0
2025-12-10 15:00:00+05:30,89.0,15,10,12,356.0
2025-12-10 16:00:00+05:30,82.0,16,10,12,328.0
2025-12-10 17:00:00+05:30,73.0,17,10,12,292.0
2025-12-10 18:00:00+05:30,86.0,18,10,12,344.0
2025-12-10 19:00:00+05:30,106.0,19,10,12,424.0
2025-12-10 20:00:00+05:30,127.0,20,10,12,500.0
2025-12-10 21:00:00+05:30,162.0,21,10,12,500.0
2025-12-10 22:00:00+05:30,214.0,22,10,12,500.0
2025-12-10 23:00:00+05:30,205.0,23,10,12,500.0
2025-12-11 00:00:00+05:30,247.0,0,11,12,500.0
2025-12-11 01:00:00+05:30,259.0,1,11,12,500.0
2025-12-11 02:00:00+05:30,208.0,2,11,12,500.0
2025-12-11 03:00:00+05:30,139.0,3,11,12,500.0
2025-12-11 04:00:00+05:30,134.0,4,11,12,500.0
2025-12-11 05:00:00+05:30,137.0,5,11,12,500.0
2025-12-11 06:00:00+05:30,143.0,6,11,12,500.0
2025-12-11 07:00:00+05:30,150.0,7,11,12,500.0
2025-12-11 08:00:00+05:30,152.0,8,11,12,500.0
2025-12-11 09:00:00+05:30,126.0,9,11,12,500.0
2025-12-11 10:00:00+05:30,141.0,10,11,12,500.0
2025-12-11 11:00:00+05:30,138.0,11,11,12,500.0
2025-12-11 12:00:00+05:30,130.0,12,11,12,500.0
2025-12-11 13:00:00+05:30,108.0,13,11,12,432.0
2025-12-11 14:00:00+05:30,98.0,14,11,12,392.0
2025-12-11 15:00:00+05:30,107.0,15,11,12,428.0
2025-12-11 16:00:00+05:30,85.0,16,11,12,340.0
2025-12-11 17:00:00+05:30,80.0,17,11,12,320.0
2025-12-11 18:00:00+05:30,98.0,18,11,12,392.0
2025-12-11 19:00:00+05:30,103.0,19,11,12,412.0
2025-12-11 20:00:00+05:30,126.0,20,11,12,500.0
2025-12-11 21:00:00+05:30,181.0,21,11,12,500.0
2025-12-11 22:00:00+05:30,195.0,22,11,12,500.0
2025-12-11 23:00:00+05:30,200.0,23,11,12,500.0
2025-12-12 00:00:00+05:30,198.0,0,12,12,500.0
2025-12-12 01:00:00+05:30,198.0,1,12,12,500.0
2025-12-12 02:00:00+05:30,228.0,2,12,12,500.0
2025-12-12 03:00:00+05:30,217.0,3,12,12,500.0
2025-12-12 04:00:00+05:30,221.0,4,12,12,500.0
2025-12-12 05:00:00+05:30,231.0,5,12,12,500.0
2025-12-12 06:00:00+05:30,203.0,6,12,12,500.0
2025-12-12 07:00:00+05:30,196.0,7,12,12,500.0
2025-12-12 08:00:00+05:30,202.0,8,12,12,500.0
2025-12-12 09:00:00+05:30,215.0,9,12,12,500.0
2025-12-12 10:00:00+05:30,222.0,10,12,12,500.0
2025-12-12 11:00:00+05:30,194.0,11,12,12,500.0
2025-12-12 12:00:00+05:30,147.0,12,12,12,500.0
2025-12-12 13:00:00+05:30,119.0,13,12,12,476.0
2025-12-12 14:00:00+05:30,115.0,14,12,12,460.0
2025-12-12 15:00:00+05:30,118.0,15,12,12,472.0
2025-12-12 16:00:00+05:30,133.0,16,12,12,500.0
2025-12-12 17:00:00+05:30,134.0,17,12,12,500.0
2025-12-12 18:00:00+05:30,144.0,18,12,12,500.0
2025-12-12 19:00:00+05:30,161.0,19,12,12,500.0
2025-12-12 20:00:00+05:30,229.0,20,12,12,500.0
2025-12-12 21:00:00+05:30,210.0,21,12,12,500.0
2025-12-12 22:00:00+05:30,247.0,22,12,12,500.0
2025-12-12 23:00:00+05:30,258.0,23,12,12,500.0
2025-12-13 00:00:00+05:30,240.0,0,13,12,500.0
2025-12-13 01:00:00+05:30,263.0,1,13,12,500.0
2025-12-13 02:00:00+05:30,282.0,2,13,12,500.0
2025-12-13 03:00:00+05:30,337.0,3,13,12,500.0
2025-12-13 04:00:00+05:30,406.0,4,13,12,500.0
2025-12-13 05:00:00+05:30,482.0,5,13,12,500.0
2025-12-13 06:00:00+05:30,509.0,6,13,12,500.0
2025-12-13 07:00:00+05:30,489.0,7,13,12,500.0
2025-12-13 08:00:00+05:30,461.0,8,13,12,500.0
2025-12-13 09:00:00+05:30,520.0,9,13,12,500.0
2025-12-13 10:00:00+05:30,471.0,10,13,12,500.0
2025-12-13 11:00:00+05:30,427.0,11,13,12,500.0
2025-12-13 12:00:00+05:30,391.0,12,13,12,500.0
2025-12-13 13:00:00+05:30,341.0,13,13,12,500.0
2025-12-13 14:00:00+05:30,297.0,14,13,12,500.0
2025-12-13 15:00:00+05:30,211.0,15,13,12,500.0
2025-12-13 16:00:00+05:30,200.0,16,13,12,500.0
2025-12-13 17:00:00+05:30,200.0,17,13,12,500.0
2025-12-13 18:00:00+05:30,229.0,18,13,12,500.0
2025-12-13 19:00:00+05:30,259.0,19,13,12,500.0
2025-12-13 20:00:00+05:30,328.0,20,13,12,500.0
2025-12-13 21:00:00+05:30,358.0,21,13,12,500.0
2025-12-13 22:00:00+05:30,336.0,22,13,12,500.0
2025-12-13 23:00:00+05:30,382.0,23,13,12,500.0
2025-12-14 00:00:00+05:30,385.0,0,14,12,500.0
2025-12-14 01:00:00+05:30,394.0,1,14,12,500.0
2025-12-14 02:00:00+05:30,390.0,2,14,12,500.0
2025-12-14 03:00:00+05:30,390.0,3,14,12,500.0
2025-12-14 04:00:00+05:30,381.0,4,14,12,500.0
2025-12-14 05:00:00+05:30,389.0,5,14,12,500.0
2025-12-14 06:00:00+05:30,372.0,6,14,12,500.0
2025-12-14 07:00:00+05:30,350.0,7,14,12,500.0
2025-12-14 08:00:00+05:30,347.0,8,14,12,500.0
2025-12-14 09:00:00+05:30,319.0,9,14,12,500.0
2025-12-14 10:00:00+05:30,424.0,10,14,12,500.0
2025-12-14 11:00:00+05:30,446.0,11,14,12,500.0
2025-12-14 12:00:00+05:30,419.0,12,14,12,500.0
2025-12-14 13:00:00+05:30,379.0,13,14,12,500.0
2025-12-14 14:00:00+05:30,385.0,14,14,12,500.0
2025-12-14 15:00:00+05:30,395.0,15,14,12,500.0
2025-12-14 16:00:00+05:30,407.0,16,14,12,500.0
2025-12-14 17:00:00+05:30,406.0,17,14,12,500.0
2025-12-14 18:00:00+05:30,383.0,18,14,12,500.0
2025-12-14 19:00:00+05:30,366.0,19,14,12,500.0
2025-12-14 20:00:00+05:30,377.0,20,14,12,500.0
2025-12-14 21:00:00+05:30,406.0,21,14,12,500.0
2025-12-14 22:00:00+05:30,369.0,22,14,12,500.0
2025-12-14 23:00:00+05:30,373.0,23,14,12,500.0
2025-12-15 00:00:00+05:30,351.0,0,15,12,500.0
2025-12-15 01:00:00+05:30,345.0,1,15,12,500.0
2025-12-15 02:00:00+05:30,344.0,2,15,12,500.0
2025-12-15 03:00:00+05:30,341.0,3,15,12,500.0
2025-12-15 04:00:00+05:30,344.0,4,15,12,500.0
2025-12-15 05:00:00+05:30,394.0,5,15,12,500.0
2025-12-15 06:00:00+05:30,254.0,6,15,12,500.0
2025-12-15 07:00:00+05:30,259.0,7,15,12,500.0
2025-12-15 08:00:00+05:30,264.0,8,15,12,500.0
2025-12-15 09:00:00+05:30,274.0,9,15,12,500.0
2025-12-15 10:00:00+05:30,265.0,10,15,12,500.0
2025-12-15 11:00:00+05:30,281.0,11,15,12,500.0
2025-12-15 12:00:00+05:30,265.0,12,15,12,500.0
2025-12-15 13:00:00+05:30,258.0,13,15,12,500.0
2025-12-15 14:00:00+05:30,217.0,14,15,12,500.0
2025-12-15 15:00:00+05:30,170.0,15,15,12,500.0
2025-12-15 16:00:00+05:30,176.0,16,15,12,500.0
2025-12-15 17:00:00+05:30,196.0,17,15,12,500.0
2025-12-15 18:00:00+05:30,241.0,18,15,12,500.0
2025-12-15 19:00:00+05:30,273.0,19,15,12,500.0
2025-12-15 20:00:00+05:30,276.0,20,15,12,500.0
2025-12-15 21:00:00+05:30,238.0,21,15,12,500.0
2025-12-15 22:00:00+05:30,260.0,22,15,12,500.0
2025-12-15 23:00:00+05:30,283.0,23,15,12,500.0
2025-12-16 00:00:00+05:30,252.0,0,16,12,500.0
2025-12-16 01:00:00+05:30,247.0,1,16,12,500.0
2025-12-16 02:00:00+05:30,244.0,2,16,12,500.0
2025-12-16 03:00:00+05:30,228.0,3,16,12,500.0
2025-12-16 04:00:00+05:30,199.0,4,16,12,500.0
2025-12-16 05:00:00+05:30,225.0,5,16,12,500.0
2025-12-16 06:00:00+05:30,232.0,6,16,12,500.0
2025-12-16 07:00:00+05:30,221.0,7,16,12,500.0
2025-12-16 08:00:00+05:30,210.0,8,16,12,500.0
2025-12-16 09:00:00+05:30,222.0,9,16,12,500.0
2025-12-16 10:00:00+05:30,229.0,10,16,12,500.0
2025-12-16 11:00:00+05:30,202.0,11,16,12,500.0
2025-12-16 12:00:00+05:30,139.0,12,16,12,500.0
2025-12-16 13:00:00+05:30,107.0,13,16,12,428.0
2025-12-16 14:00:00+05:30,99.0,14,16,12,396.0
2025-12-16 15:00:00+05:30,94.0,15,16,12,376.0
2025-12-16 16:00:00+05:30,96.0,16,16,12,384.0
2025-12-16 17:00:00+05:30,99.0,17,16,12,396.0
2025-12-16 18:00:00+05:30,120.0,18,16,12,480.0
2025-12-16 19:00:00+05:30,138.0,19,16,12,500.0
2025-12-16 20:00:00+05:30,185.0,20,16,12,500.0
2025-12-16 21:00:00+05:30,212.0,21,16,12,500.0
2025-12-16 22:00:00+05:30,233.0,22,16,12,500.0
2025-12-16 23:00:00+05:30,224.0,23,16,12,500.0
2025-12-17 00:00:00+05:30,217.0,0,17,12,500.0
2025-12-17 01:00:00+05:30,204.0,1,17,12,500.0
2025-12-17 02:00:00+05:30,200.0,2,17,12,500.0
2025-12-17 03:00:00+05:30,225.0,3,17,12,500.0
2025-12-17 04:00:00+05:30,216.0,4,17,12,500.0
2025-12-17 05:00:00+05:30,216.0,5,17,12,500.0
2025-12-17 07:00:00+05:30,197.0,7,17,12,500.0
2025-12-17 08:00:00+05:30,196.0,8,17,12,500.0
2025-12-17 09:00:00+05:30,209.0,9,17,12,500.0
2025-12-17 10:00:00+05:30,204.0,10,17,12,500.0
2025-12-17 11:00:00+05:30,202.0,11,17,12,500.0
2025-12-17 12:00:00+05:30,174.0,12,17,12,500.0
2025-12-17 13:00:00+05:30,139.0,13,17,12,500.0
2025-12-17 14:00:00+05:30,115.0,14,17,12,460.0
2025-12-17 15:00:00+05:30,115.0,15,17,12,460.0
2025-12-17 17:00:00+05:30,105.0,17,17,12,420.0
2025-12-17 18:00:00+05:30,124.0,18,17,12,496.0
2025-12-17 19:00:00+05:30,139.0,19,17,12,500.0
2025-12-17 20:00:00+05:30,156.0,20,17,12,500.0
2025-12-17 21:00:00+05:30,157.0,21,17,12,500.0
2025-12-17 22:00:00+05:30,214.0,22,17,12,500.0
2025-12-17 23:00:00+05:30,254.0,23,17,12,500.0
2025-12-18 00:00:00+05:30,289.0,0,18,12,500.0
2025-12-18 01:00:00+05:30,352.0,1,18,12,500.0
2025-12-18 02:00:00+05:30,321.0,2,18,12,500.0
2025-12-18 03:00:00+05:30,312.0,3,18,12,500.0
2025-12-18 04:00:00+05:30,286.0,4,18,12,500.0
2025-12-18 05:00:00+05:30,430.0,5,18,12,500.0
2025-12-18 06:00:00+05:30,390.0,6,18,12,500.0
2025-12-18 07:00:00+05:30,354.0,7,18,12,500.0
2025-12-18 08:00:00+05:30,259.0,8,18,12,500.0
2025-12-18 09:00:00+05:30,243.0,9,18,12,500.0
2025-12-18 10:00:00+05:30,259.0,10,18,12,500.0
2025-12-18 11:00:00+05:30,283.0,11,18,12,500.0
2025-12-18 12:00:00+05:30,300.0,12,18,12,500.0
2025-12-18 13:00:00+05:30,258.0,13,18,12,500.0
2025-12-18 14:00:00+05:30,259.0,14,18,12,500.0
2025-12-18 15:00:00+05:30,275.0,15,18,12,500.0
2025-12-18 16:00:00+05:30,284.0,16,18,12,500.0
2025-12-18 17:00:00+05:30,279.0,17,18,12,500.0
2025-12-18 18:00:00+05:30,288.0,18,18,12,500.0
2025-12-18 19:00:00+05:30,301.0,19,18,12,500.0
2025-12-18 20:00:00+05:30,285.0,20,18,12,500.0
2025-12-18 21:00:00+05:30,308.0,21,18,12,500.0
2025-12-18 22:00:00+05:30,337.0,22,18,12,500.0
2025-12-18 23:00:00+05:30,284.0,23,18,12,500.0
2025-12-19 00:00:00+05:30,282.0,0,19,12,500.0
2025-12-19 01:00:00+05:30,312.0,1,19,12,500.0
2025-12-19 02:00:00+05:30,306.0,2,19,12,500.0
2025-12-19 03:00:00+05:30,331.0,3,19,12,500.0
2025-12-19 04:00:00+05:30,252.0,4,19,12,500.0
2025-12-19 05:00:00+05:30,251.0,5,19,12,500.0
2025-12-19 06:00:00+05:30,205.0,6,19,12,500.0
2025-12-19 07:00:00+05:30,193.0,7,19,12,500.0
2025-12-19 08:00:00+05:30,191.0,8,19,12,500.0
2025-12-19 09:00:00+05:30,223.0,9,19,12,500.0
2025-12-19 10:00:00+05:30,230.0,10,19,12,500.0
2025-12-19 14:00:00+05:30,222.0,14,19,12,500.0
2025-12-19 15:00:00+05:30,209.0,15,19,12,500.0
2025-12-19 16:00:00+05:30,217.0,16,19,12,500.0
2025-12-19 17:00:00+05:30,195.0,17,19,12,500.0
2025-12-19 18:00:00+05:30,211.0,18,19,12,500.0
2025-12-19 19:00:00+05:30,209.0,19,19,12,500.0
2025-12-19 20:00:00+05:30,191.0,20,19,12,500.0
2025-12-19 21:00:00+05:30,192.0,21,19,12,500.0
2025-12-19 22:00:00+05:30,237.0,22,19,12,500.0
2025-12-19 23:00:00+05:30,228.0,23,19,12,500.0
2025-12-20 00:00:00+05:30,260.0,0,20,12,500.0
2025-12-20 01:00:00+05:30,263.0,1,20,12,500.0
2025-12-20 02:00:00+05:30,278.0,2,20,12,500.0
2025-12-20 03:00:00+05:30,264.0,3,20,12,500.0
2025-12-20 04:00:00+05:30,253.0,4,20,12,500.0
2025-12-20 05:00:00+05:30,240.0,5,20,12,500.0
2025-12-20 06:00:00+05:30,230.0,6,20,12,500.0
2025-12-20 07:00:00+05:30,223.0,7,20,12,500.0
2025-12-20 08:00:00+05:30,255.0,8,20,12,500.0
2025-12-20 09:00:00+05:30,320.0,9,20,12,500.0
2025-12-20 10:00:00+05:30,292.0,10,20,12,500.0
2025-12-20 11:00:00+05:30,251.0,11,20,12,500.0
2025-12-20 12:00:00+05:30,209.0,12,20,12,500.0
2025-12-20 13:00:00+05:30,233.0,13,20,12,500.0
2025-12-20 14:00:00+05:30,243.0,14,20,12,500.0
2025-12-20 15:00:00+05:30,269.0,15,20,12,500.0
2025-12-20 16:00:00+05:30,274.0,16,20,12,500.0
2025-12-20 17:00:00+05:30,297.0,17,20,12,500.0
2025-12-20 18:00:00+05:30,304.0,18,20,12,500.0
2025-12-20 19:00:00+05:30,298.0,19,20,12,500.0
2025-12-20 20:00:00+05:30,301.0,20,20,12,500.0
2025-12-20 21:00:00+05:30,340.0,21,20,12,500.0
2025-12-20 22:00:00+05:30,335.0,22,20,12,500.0
2025-12-20 23:00:00+05:30,321.0,23,20,12,500.0
2025-12-21 00:00:00+05:30,309.0,0,21,12,500.0
2025-12-21 01:00:00+05:30,308.0,1,21,12,500.0
2025-12-21 02:00:00+05:30,260.0,2,21,12,500.0
2025-12-21 03:00:00+05:30,221.0,3,21,12,500.0
2025-12-21 04:00:00+05:30,222.0,4,21,12,500.0
2025-12-21 05:00:00+05:30,213.0,5,21,12,500.0
2025-12-21 06:00:00+05:30,210.0,6,21,12,500.0
2025-12-21 07:00:00+05:30,197.0,7,21,12,500.0
2025-12-21 08:00:00+05:30,209.0,8,21,12,500.0
2025-12-21 09:00:00+05:30,214.0,9,21,12,500.0
2025-12-21 10:00:00+05:30,213.0,10,21,12,500.0
2025-12-21 11:00:00+05:30,219.0,11,21,12,500.0
2025-12-21 12:00:00+05:30,240.0,12,21,12,500.0
2025-12-21 13:00:00+05:30,252.0,13,21,12,500.0
2025-12-21 14:00:00+05:30,258.0,14,21,12,500.0
2025-12-21 15:00:00+05:30,247.0,15,21,12,500.0
2025-12-21 16:00:00+05:30,256.0,16,21,12,500.0
2025-12-21 17:00:00+05:30,250.0,17,21,12,500.0
2025-12-21 18:00:00+05:30,246.0,18,21,12,500.0
2025-12-21 19:00:00+05:30,238.0,19,21,12,500.0
2025-12-21 20:00:00+05:30,244.0,20,21,12,500.0
2025-12-21 21:00:00+05:30,250.0,21,21,12,500.0
2025-12-21 22:00:00+05:30,263.0,22,21,12,500.0
2025-12-21 23:00:00+05:30,253.0,23,21,12,500.0
2025-12-22 00:00:00+05:30,254.0,0,22,12,500.0
2025-12-22 01:00:00+05:30,243.0,1,22,12,500.0
2025-12-22 02:00:00+05:30,236.0,2,22,12,500.0
2025-12-22 03:00:00+05:30,240.0,3,22,12,500.0
2025-12-22 04:00:00+05:30,244.0,4,22,12,500.0
2025-12-22 05:00:00+05:30,268.0,5,22,12,500.0
2025-12-22 06:00:00+05:30,251.0,6,22,12,500.0
2025-12-22 07:00:00+05:30,257.0,7,22,12,500.0
2025-12-22 08:00:00+05:30,248.0,8,22,12,500.0
2025-12-22 09:00:00+05:30,238.0,9,22,12,500.0
2025-12-22 10:00:00+05:30,237.0,10,22,12,500.0
2025-12-22 11:00:00+05:30,252.0,11,22,12,500.0
2025-12-22 12:00:00+05:30,249.0,12,22,12,500.0
2025-12-22 13:00:00+05:30,238.0,13,22,12,500.0
2025-12-22 14:00:00+05:30,275.0,14,22,12,500.0
2025-12-22 15:00:00+05:30,293.0,15,22,12,500.0
2025-12-22 16:00:00+05:30,272.0,16,22,12,500.0
2025-12-22 17:00:00+05:30,296.0,17,22,12,500.0
2025-12-22 18:00:00+05:30,288.0,18,22,12,500.0
2025-12-22 19:00:00+05:30,289.0,19,22,12,500.0
2025-12-22 20:00:00+05:30,385.0,20,22,12,500.0
2025-12-22 21:00:00+05:30,399.0,21,22,12,500.0
2025-12-22 22:00:00+05:30,429.0,22,22,12,500.0
2025-12-22 23:00:00+05:30,431.0,23,22,12,500.0
2025-12-23 00:00:00+05:30,402.0,0,23,12,500.0
2025-12-23 01:00:00+05:30,422.0,1,23,12,500.0
2025-12-23 02:00:00+05:30,418.0,2,23,12,500.0
2025-12-23 03:00:00+05:30,389.0,3,23,12,500.0
2025-12-23 04:00:00+05:30,405.0,4,23,12,500.0
2025-12-23 05:00:00+05:30,364.0,5,23,12,500.0
2025-12-23 06:00:00+05:30,348.0,6,23,12,500.0
2025-12-23 07:00:00+05:30,326.0,7,23,12,500.0
2025-12-23 08:00:00+05:30,300.0,8,23,12,500.0
2025-12-23 09:00:00+05:30,268.0,9,23,12,500.0
2025-12-23 10:00:00+05:30,262.0,10,23,12,500.0
2025-12-23 11:00:00+05:30,261.0,11,23,12,500.0
2025-12-23 12:00:00+05:30,259.0,12,23,12,500.0
2025-12-23 13:00:00+05:30,236.0,13,23,12,500.0
2025-12-23 14:00:00+05:30,223.0,14,23,12,500.0
2025-12-23 15:00:00+05:30,211.0,15,23,12,500.0
2025-12-23 16:00:00+05:30,218.0,16,23,12,500.0
2025-12-23 17:00:00+05:30,191.0,17,23,12,500.0
2025-12-23 18:00:00+05:30,192.0,18,23,12,500.0
2025-12-23 19:00:00+05:30,234.0,19,23,12,500.0
2025-12-23 20:00:00+05:30,279.0,20,23,12,500.0
2025-12-23 21:00:00+05:30,282.0,21,23,12,500.0
2025-12-23 22:00:00+05:30,257.0,22,23,12,500.0
2025-12-23 23:00:00+05:30,239.0,23,23,12,500.0
2025-12-24 00:00:00+05:30,212.0,0,24,12,500.0
2025-12-24 01:00:00+05:30,191.0,1,24,12,500.0
2025-12-24 02:00:00+05:30,180.0,2,24,12,500.0
2025-12-24 03:00:00+05:30,163.0,3,24,12,500.0
2025-12-24 04:00:00+05:30,172.0,4,24,12,500.0
2025-12-24 05:00:00+05:30,139.0,5,24,12,500.0
2025-12-24 06:00:00+05:30,122.0,6,24,12,488.0
2025-12-24 07:00:00+05:30,108.0,7,24,12,432.0
2025-12-24 08:00:00+05:30,101.0,8,24,12,404.0
2025-12-24 09:00:00+05:30,106.0,9,24,12,424.0
2025-12-24 10:00:00+05:30,109.0,10,24,12,436.0
2025-12-24 11:00:00+05:30,92.0,11,24,12,368.0
2025-12-24 12:00:00+05:30,57.0,12,24,12,228.0
2025-12-24 13:00:00+05:30,35.0,13,24,12,140.0
2025-12-24 14:00:00+05:30,24.0,14,24,12,96.0
2025-12-24 15:00:00+05:30,37.0,15,24,12,148.0
2025-12-24 16:00:00+05:30,31.0,16,24,12,124.0
2025-12-24 17:00:00+05:30,35.0,17,24,12,140.0
2025-12-24 18:00:00+05:30,48.0,18,24,12,192.0
2025-12-24 19:00:00+05:30,63.0,19,24,12,252.0
2025-12-24 20:00:00+05:30,88.0,20,24,12,352.0
2025-12-24 21:00:00+05:30,154.0,21,24,12,500.0
2025-12-24 22:00:00+05:30,140.0,22,24,12,500.0
2025-12-24 23:00:00+05:30,193.0,23,24,12,500.0
2025-12-25 00:00:00+05:30,195.0,0,25,12,500.0
2025-12-25 01:00:00+05:30,171.0,1,25,12,500.0
2025-12-25 02:00:00+05:30,138.0,2,25,12,500.0
2025-12-25 03:00:00+05:30,125.0,3,25,12,500.0
2025-12-25 04:00:00+05:30,119.0,4,25,12,476.0
2025-12-25 05:00:00+05:30,106.0,5,25,12,424.0
2025-12-25 06:00:00+05:30,101.0,6,25,12,404.0
2025-12-25 07:00:00+05:30,89.0,7,25,12,356.0
2025-12-25 08:00:00+05:30,75.0,8,25,12,300.0
2025-12-25 09:00:00+05:30,72.0,9,25,12,288.0
2025-12-25 10:00:00+05:30,76.0,10,25,12,304.0
2025-12-25 11:00:00+05:30,81.0,11,25,12,324.0
2025-12-25 12:00:00+05:30,76.0,12,25,12,304.0
2025-12-25 13:00:00+05:30,73.0,13,25,12,292.0
2025-12-25 14:00:00+05:30,61.0,14,25,12,244.0
2025-12-25 15:00:00+05:30,51.0,15,25,12,204.0
2025-12-25 16:00:00+05:30,56.0,16,25,12,224.0
2025-12-25 17:00:00+05:30,49.0,17,25,12,196.0
2025-12-25 18:00:00+05:30,60.0,18,25,12,240.0
2025-12-25 19:00:00+05:30,88.0,19,25,12,352.0
2025-12-25 20:00:00+05:30,117.0,20,25,12,468.0
2025-12-25 21:00:00+05:30,151.0,21,25,12,500.0
2025-12-25 22:00:00+05:30,154.0,22,25,12,500.0
2025-12-25 23:00:00+05:30,208.0,23,25,12,500.0
2025-12-26 00:00:00+05:30,199.0,0,26,12,500.0
2025-12-26 01:00:00+05:30,244.0,1,26,12,500.0
2025-12-26 02:00:00+05:30,235.0,2,26,12,500.0
2025-12-26 03:00:00+05:30,238.0,3,26,12,500.0
2025-12-26 04:00:00+05:30,243.0,4,26,12,500.0
2025-12-26 05:00:00+05:30,259.0,5,26,12,500.0
2025-12-26 06:00:00+05:30,199.0,6,26,12,500.0
2025-12-26 07:00:00+05:30,162.0,7,26,12,500.0
2025-12-26 08:00:00+05:30,157.0,8,26,12,500.0
2025-12-26 09:00:00+05:30,152.0,9,26,12,500.0
2025-12-26 10:00:00+05:30,111.0,10,26,12,444.0
2025-12-26 11:00:00+05:30,87.0,11,26,12,348.0
2025-12-26 12:00:00+05:30,89.0,12,26,12,356.0
2025-12-26 13:00:00+05:30,98.0,13,26,12,392.0
2025-12-26 14:00:00+05:30,84.0,14,26,12,336.0
2025-12-26 15:00:00+05:30,94.0,15,26,12,376.0
2025-12-26 16:00:00+05:30,83.0,16,26,12,332.0
2025-12-26 17:00:00+05:30,99.0,17,26,12,396.0
2025-12-26 18:00:00+05:30,111.0,18,26,12,444.0
2025-12-26 19:00:00+05:30,139.0,19,26,12,500.0
2025-12-26 20:00:00+05:30,173.0,20,26,12,500.0
2025-12-26 21:00:00+05:30,213.0,21,26,12,500.0
2025-12-26 22:00:00+05:30,264.0,22,26,12,500.0
2025-12-26 23:00:00+05:30,304.0,23,26,12,500.0
2025-12-27 00:00:00+05:30,323.0,0,27,12,500.0
2025-12-27 01:00:00+05:30,357.0,1,27,12,500.0
2025-12-27 02:00:00+05:30,377.0,2,27,12,500.0
2025-12-27 03:00:00+05:30,385.0,3,27,12,500.0
2025-12-27 04:00:00+05:30,364.0,4,27,12,500.0
2025-12-27 05:00:00+05:30,363.0,5,27,12,500.0
2025-12-27 06:00:00+05:30,346.0,6,27,12,500.0
2025-12-27 07:00:00+05:30,314.0,7,27,12,500.0
2025-12-27 08:00:00+05:30,306.0,8,27,12,500.0
2025-12-27 09:00:00+05:30,266.0,9,27,12,500.0
2025-12-27 10:00:00+05:30,275.0,10,27,12,500.0
2025-12-27 11:00:00+05:30,294.0,11,27,12,500.0
2025-12-27 12:00:00+05:30,272.0,12,27,12,500.0
2025-12-27 13:00:00+05:30,212.0,13,27,12,500.0
2025-12-27 14:00:00+05:30,153.0,14,27,12,500.0
2025-12-27 15:00:00+05:30,159.0,15,27,12,500.0
2025-12-27 16:00:00+05:30,160.0,16,27,12,500.0
2025-12-27 17:00:00+05:30,115.0,17,27,12,460.0
2025-12-27 18:00:00+05:30,124.0,18,27,12,496.0
2025-12-27 19:00:00+05:30,176.0,19,27,12,500.0
2025-12-27 20:00:00+05:30,203.0,20,27,12,500.0
2025-12-27 21:00:00+05:30,235.0,21,27,12,500.0
2025-12-27 22:00:00+05:30,266.0,22,27,12,500.0
2025-12-27 23:00:00+05:30,295.0,23,27,12,500.0
2025-12-28 00:00:00+05:30,309.0,0,28,12,500.0
2025-12-28 01:00:00+05:30,324.0,1,28,12,500.0
2025-12-28 02:00:00+05:30,310.0,2,28,12,500.0
2025-12-28 03:00:00+05:30,308.0,3,28,12,500.0
2025-12-28 04:00:00+05:30,314.0,4,28,12,500.0
2025-12-28 05:00:00+05:30,294.0,5,28,12,500.0
2025-12-28 06:00:00+05:30,259.0,6,28,12,500.0
2025-12-28 07:00:00+05:30,253.0,7,28,12,500.0
2025-12-28 08:00:00+05:30,231.0,8,28,12,500.0
2025-12-28 09:00:00+05:30,220.0,9,28,12,500.0
2025-12-28 10:00:00+05:30,206.0,10,28,12,500.0
2025-12-28 11:00:00+05:30,208.0,11,28,12,500.0
2025-12-28 12:00:00+05:30,199.0,12,28,12,500.0
2025-12-28 13:00:00+05:30,193.0,13,28,12,500.0
2025-12-28 14:00:00+05:30,145.0,14,28,12,500.0
2025-12-28 15:00:00+05:30,127.0,15,28,12,500.0
2025-12-28 16:00:00+05:30,142.0,16,28,12,500.0
2025-12-28 17:00:00+05:30,168.0,17,28,12,500.0
2025-12-28 18:00:00+05:30,204.0,18,28,12,500.0
2025-12-28 19:00:00+05:30,218.0,19,28,12,500.0
2025-12-28 20:00:00+05:30,236.0,20,28,12,500.0
2025-12-28 21:00:00+05:30,293.0,21,28,12,500.0
2025-12-28 22:00:00+05:30,326.0,22,28,12,500.0
2025-12-28 23:00:00+05:30,389.0,23,28,12,500.0
2025-12-29 00:00:00+05:30,351.0,0,29,12,500.0
2025-12-29 01:00:00+05:30,393.0,1,29,12,500.0
2025-12-29 02:00:00+05:30,441.0,2,29,12,500.0
2025-12-29 03:00:00+05:30,420.0,3,29,12,500.0
2025-12-29 04:00:00+05:30,437.0,4,29,12,500.0
2025-12-29 05:00:00+05:30,288.0,5,29,12,500.0
2025-12-29 06:00:00+05:30,240.0,6,29,12,500.0
2025-12-29 07:00:00+05:30,237.0,7,29,12,500.0
2025-12-29 08:00:00+05:30,214.0,8,29,12,500.0
2025-12-29 09:00:00+05:30,215.0,9,29,12,500.0
2025-12-29 10:00:00+05:30,235.0,10,29,12,500.0
2025-12-29 11:00:00+05:30,238.0,11,29,12,500.0
2025-12-29 12:00:00+05:30,246.0,12,29,12,500.0
2025-12-29 13:00:00+05:30,259.0,13,29,12,500.0
2025-12-29 14:00:00+05:30,241.0,14,29,12,500.0
2025-12-29 15:00:00+05:30,257.0,15,29,12,500.0
2025-12-29 16:00:00+05:30,246.0,16,29,12,500.0
2025-12-29 17:00:00+05:30,224.0,17,29,12,500.0
2025-12-29 18:00:00+05:30,222.0,18,29,12,500.0
2025-12-29 19:00:00+05:30,282.0,19,29,12,500.0
2025-12-29 20:00:00+05:30,276.0,20,29,12,500.0
2025-12-29 21:00:00+05:30,300.0,21,29,12,500.0
2025-12-29 22:00:00+05:30,314.0,22,29,12,500.0
2025-12-29 23:00:00+05:30,351.0,23,29,12,500.0
2025-12-30 00:00:00+05:30,263.0,0,30,12,500.0
2025-12-30 01:00:00+05:30,259.0,1,30,12,500.0
2025-12-30 02:00:00+05:30,260.0,2,30,12,500.0
2025-12-30 03:00:00+05:30,286.0,3,30,12,500.0
2025-12-30 04:00:00+05:30,283.0,4,30,12,500.0
2025-12-30 05:00:00+05:30,272.0,5,30,12,500.0
2025-12-30 06:00:00+05:30,285.0,6,30,12,500.0
2025-12-30 07:00:00+05:30,286.0,7,30,12,500.0
2025-12-30 08:00:00+05:30,292.0,8,30,12,500.0
2025-12-30 09:00:00+05:30,288.0,9,30,12,500.0
2025-12-30 10:00:00+05:30,295.0,10,30,12,500.0
2025-12-30 11:00:00+05:30,322.0,11,30,12,500.0
2025-12-30 12:00:00+05:30,308.0,12,30,12,500.0
2025-12-30 13:00:00+05:30,243.0,13,30,12,500.0
2025-12-30 14:00:00+05:30,179.0,14,30,12,500.0
2025-12-30 15:00:00+05:30,124.0,15,30,12,496.0
2025-12-30 16:00:00+05:30,94.0,16,30,12,376.0
2025-12-30 17:00:00+05:30,110.0,17,30,12,440.0
2025-12-30 18:00:00+05:30,113.0,18,30,12,452.0
2025-12-30 19:00:00+05:30,137.0,19,30,12,500.0
2025-12-30 20:00:00+05:30,183.0,20,30,12,500.0
2025-12-30 21:00:00+05:30,237.0,21,30,12,500.0
2025-12-30 22:00:00+05:30,346.0,22,30,12,500.0
2025-12-30 23:00:00+05:30,385.0,23,30,12,500.0
2025-12-31 00:00:00+05:30,340.0,0,31,12,500.0
2025-12-31 01:00:00+05:30,330.0,1,31,12,500.0
2025-12-31 02:00:00+05:30,329.0,2,31,12,500.0
2025-12-31 03:00:00+05:30,325.0,3,31,12,500.0
2025-12-31 04:00:00+05:30,335.0,4,31,12,500.0
2025-12-31 05:00:00+05:30,366.0,5,31,12,500.0
2025-12-31 06:00:00+05:30,458.0,6,31,12,500.0
2025-12-31 07:00:00+05:30,372.0,7,31,12,500.0
2025-12-31 08:00:00+05:30,220.0,8,31,12,500.0
2025-12-31 09:00:00+05:30,165.0,9,31,12,500.0
2025-12-31 10:00:00+05:30,179.0,10,31,12,500.0
2025-12-31 11:00:00+05:30,199.0,11,31,12,500.0
2025-12-31 12:00:00+05:30,182.0,12,31,12,500.0
2025-12-31 13:00:00+05:30,191.0,13,31,12,500.0
2025-12-31 14:00:00+05:30,213.0,14,31,12,500.0
2025-12-31 15:00:00+05:30,218.0,15,31,12,500.0
2025-12-31 16:00:00+05:30,239.0,16,31,12,500.0
2025-12-31 17:00:00+05:30,240.0,17,31,12,500.0
2025-12-31 18:00:00+05:30,260.0,18,31,12,500.0
2025-12-31 19:00:00+05:30,268.0,19,31,12,500.0
2025-12-31 20:00:00+05:30,287.0,20,31,12,500.0
2025-12-31 21:00:00+05:30,329.0,21,31,12,500.0
2025-12-31 22:00:00+05:30,322.0,22,31,12,500.0
2025-12-31 23:00:00+05:30,298.0,23,31,12,500.0
2026-01-01 00:00:00+05:30,282.0,0,1,1,500.0
2026-01-01 01:00:00+05:30,291.0,1,1,1,500.0
2026-01-01 02:00:00+05:30,265.0,2,1,1,500.0
2026-01-01 03:00:00+05:30,269.0,3,1,1,500.0
2026-01-01 04:00:00+05:30,240.0,4,1,1,500.0
2026-01-01 05:00:00+05:30,232.0,5,1,1,500.0
2026-01-01 06:00:00+05:30,237.0,6,1,1,500.0
2026-01-01 07:00:00+05:30,204.0,7,1,1,500.0
2026-01-01 08:00:00+05:30,208.0,8,1,1,500.0
2026-01-01 09:00:00+05:30,202.0,9,1,1,500.0
2026-01-01 10:00:00+05:30,206.0,10,1,1,500.0
2026-01-01 11:00:00+05:30,220.0,11,1,1,500.0
2026-01-01 12:00:00+05:30,216.0,12,1,1,500.0
2026-01-01 13:00:00+05:30,254.0,13,1,1,500.0
2026-01-01 14:00:00+05:30,235.0,14,1,1,500.0
2026-01-01 15:00:00+05:30,245.0,15,1,1,500.0
2026-01-01 16:00:00+05:30,242.0,16,1,1,500.0
2026-01-01 17:00:00+05:30,259.0,17,1,1,500.0
2026-01-01 18:00:00+05:30,254.0,18,1,1,500.0
2026-01-01 19:00:00+05:30,242.0,19,1,1,500.0
2026-01-01 20:00:00+05:30,238.0,20,1,1,500.0
2026-01-01 21:00:00+05:30,228.0,21,1,1,500.0
2026-01-01 22:00:00+05:30,230.0,22,1,1,500.0
2026-01-01 23:00:00+05:30,232.0,23,1,1,500.0
2026-01-02 00:00:00+05:30,162.0,0,2,1,500.0
2026-01-02 01:00:00+05:30,89.0,1,2,1,356.0
2026-01-02 02:00:00+05:30,72.0,2,2,1,288.0
2026-01-02 03:00:00+05:30,83.0,3,2,1,332.0
2026-01-02 04:00:00+05:30,96.0,4,2,1,384.0
2026-01-02 05:00:00+05:30,81.0,5,2,1,324.0
2026-01-02 06:00:00+05:30,77.0,6,2,1,308.0
2026-01-02 07:00:00+05:30,73.0,7,2,1,292.0
2026-01-02 08:00:00+05:30,88.0,8,2,1,352.0
2026-01-02 09:00:00+05:30,96.0,9,2,1,384.0
2026-01-02 10:00:00+05:30,80.0,10,2,1,320.0
2026-01-02 11:00:00+05:30,75.0,11,2,1,300.0
2026-01-02 12:00:00+05:30,71.0,12,2,1,284.0
2026-01-02 13:00:00+05:30,66.0,13,2,1,264.0
2026-01-02 14:00:00+05:30,71.0,14,2,1,284.0
2026-01-02 15:00:00+05:30,80.0,15,2,1,320.0
2026-01-02 16:00:00+05:30,89.0,16,2,1,356.0
2026-01-02 17:00:00+05:30,96.0,17,2,1,384.0
2026-01-02 18:00:00+05:30,103.0,18,2,1,412.0
2026-01-02 19:00:00+05:30,110.0,19,2,1,440.0
2026-01-02 20:00:00+05:30,127.0,20,2,1,500.0
2026-01-02 21:00:00+05:30,148.0,21,2,1,500.0
2026-01-02 22:00:00+05:30,148.0,22,2,1,500.0
2026-01-02 23:00:00+05:30,139.0,23,2,1,500.0
2026-01-03 00:00:00+05:30,149.0,0,3,1,500.0
2026-01-03 01:00:00+05:30,139.0,1,3,1,500.0
2026-01-03 02:00:00+05:30,133.0,2,3,1,500.0
2026-01-03 03:00:00+05:30,130.0,3,3,1,500.0
2026-01-03 04:00:00+05:30,138.0,4,3,1,500.0
2026-01-03 05:00:00+05:30,155.0,5,3,1,500.0
2026-01-03 06:00:00+05:30,180.0,6,3,1,500.0
2026-01-03 07:00:00+05:30,204.0,7,3,1,500.0
2026-01-03 08:00:00+05:30,212.0,8,3,1,500.0
2026-01-03 09:00:00+05:30,156.0,9,3,1,500.0
2026-01-03 10:00:00+05:30,146.0,10,3,1,500.0
2026-01-03 11:00:00+05:30,153.0,11,3,1,500.0
2026-01-03 12:00:00+05:30,126.0,12,3,1,500.0
2026-01-03 13:00:00+05:30,102.0,13,3,1,408.0
2026-01-03 14:00:00+05:30,108.0,14,3,1,432.0
2026-01-03 15:00:00+05:30,115.0,15,3,1,460.0
2026-01-03 16:00:00+05:30,114.0,16,3,1,456.0
2026-01-03 17:00:00+05:30,99.0,17,3,1,396.0
2026-01-03 18:00:00+05:30,113.0,18,3,1,452.0
2026-01-03 19:00:00+05:30,145.0,19,3,1,500.0
2026-01-03 20:00:00+05:30,153.0,20,3,1,500.0
2026-01-03 21:00:00+05:30,165.0,21,3,1,500.0
2026-01-03 22:00:00+05:30,189.0,22,3,1,500.0
2026-01-03 23:00:00+05:30,167.0,23,3,1,500.0
2026-01-04 00:00:00+05:30,168.0,0,4,1,500.0
2026-01-04 01:00:00+05:30,166.0,1,4,1,500.0
2026-01-04 02:00:00+05:30,167.0,2,4,1,500.0
2026-01-04 03:00:00+05:30,152.0,3,4,1,500.0
2026-01-04 04:00:00+05:30,151.0,4,4,1,500.0
2026-01-04 05:00:00+05:30,159.0,5,4,1,500.0
2026-01-04 06:00:00+05:30,156.0,6,4,1,500.0
2026-01-04 07:00:00+05:30,150.0,7,4,1,500.0
2026-01-04 08:00:00+05:30,146.0,8,4,1,500.0
2026-01-04 09:00:00+05:30,159.0,9,4,1,500.0
2026-01-04 10:00:00+05:30,148.0,10,4,1,500.0
2026-01-04 11:00:00+05:30,137.0,11,4,1,500.0
2026-01-04 12:00:00+05:30,138.0,12,4,1,500.0
2026-01-04 13:00:00+05:30,121.0,13,4,1,484.0
2026-01-04 14:00:00+05:30,122.0,14,4,1,488.0
2026-01-04 15:00:00+05:30,121.0,15,4,1,484.0
2026-01-04 16:00:00+05:30,111.0,16,4,1,444.0
2026-01-04 17:00:00+05:30,157.0,17,4,1,500.0
2026-01-04 18:00:00+05:30,158.0,18,4,1,500.0
2026-01-04 19:00:00+05:30,152.0,19,4,1,500.0
2026-01-04 20:00:00+05:30,128.0,20,4,1,500.0
2026-01-04 21:00:00+05:30,112.0,21,4,1,448.0
2026-01-04 22:00:00+05:30,118.0,22,4,1,472.0
2026-01-04 23:00:00+05:30,110.0,23,4,1,440.0
2026-01-05 00:00:00+05:30,93.0,0,5,1,372.0
2026-01-05 01:00:00+05:30,84.0,1,5,1,336.0
2026-01-05 02:00:00+05:30,89.0,2,5,1,356.0
2026-01-05 03:00:00+05:30,92.0,3,5,1,368.0
2026-01-05 04:00:00+05:30,100.0,4,5,1,400.0
2026-01-05 05:00:00+05:30,132.0,5,5,1,500.0
2026-01-05 06:00:00+05:30,114.0,6,5,1,456.0
2026-01-05 07:00:00+05:30,98.0,7,5,1,392.0
2026-01-05 08:00:00+05:30,98.0,8,5,1,392.0
2026-01-05 09:00:00+05:30,98.0,9,5,1,392.0
2026-01-05 10:00:00+05:30,113.0,10,5,1,452.0
2026-01-05 11:00:00+05:30,121.0,11,5,1,484.0
2026-01-05 12:00:00+05:30,123.0,12,5,1,492.0
2026-01-05 13:00:00+05:30,118.0,13,5,1,472.0
2026-01-05 14:00:00+05:30,131.0,14,5,1,500.0
2026-01-05 15:00:00+05:30,130.0,15,5,1,500.0
2026-01-05 16:00:00+05:30,116.0,16,5,1,464.0
2026-01-05 17:00:00+05:30,120.0,17,5,1,480.0
2026-01-05 18:00:00+05:30,136.0,18,5,1,500.0
2026-01-05 19:00:00+05:30,164.0,19,5,1,500.0
2026-01-05 20:00:00+05:30,185.0,20,5,1,500.0
2026-01-05 21:00:00+05:30,187.0,21,5,1,500.0
2026-01-05 22:00:00+05:30,188.0,22,5,1,500.0
2026-01-05 23:00:00+05:30,209.0,23,5,1,500.0
2026-01-06 00:00:00+05:30,221.0,0,6,1,500.0
2026-01-06 01:00:00+05:30,185.0,1,6,1,500.0
2026-01-06 02:00:00+05:30,165.0,2,6,1,500.0
2026-01-06 03:00:00+05:30,174.0,3,6,1,500.0
2026-01-06 04:00:00+05:30,158.0,4,6,1,500.0
2026-01-06 05:00:00+05:30,153.0,5,6,1,500.0
2026-01-06 06:00:00+05:30,178.0,6,6,1,500.0
2026-01-06 07:00:00+05:30,175.0,7,6,1,500.0
2026-01-06 08:00:00+05:30,179.0,8,6,1,500.0
2026-01-06 09:00:00+05:30,165.0,9,6,1,500.0
2026-01-06 10:00:00+05:30,194.0,10,6,1,500.0
2026-01-06 11:00:00+05:30,188.0,11,6,1,500.0
2026-01-06 12:00:00+05:30,201.0,12,6,1,500.0
2026-01-06 13:00:00+05:30,173.0,13,6,1,500.0
2026-01-06 14:00:00+05:30,180.0,14,6,1,500.0
2026-01-06 15:00:00+05:30,235.0,15,6,1,500.0
2026-01-06 16:00:00+05:30,216.0,16,6,1,500.0
2026-01-06 17:00:00+05:30,219.0,17,6,1,500.0
2026-01-06 18:00:00+05:30,192.0,18,6,1,500.0
2026-01-06 19:00:00+05:30,195.0,19,6,1,500.0
2026-01-06 20:00:00+05:30,181.0,20,6,1,500.0
2026-01-06 21:00:00+05:30,196.0,21,6,1,500.0
2026-01-06 22:00:00+05:30,201.0,22,6,1,500.0
2026-01-06 23:00:00+05:30,175.0,23,6,1,500.0
2026-01-07 00:00:00+05:30,179.0,0,7,1,500.0
2026-01-07 01:00:00+05:30,159.0,1,7,1,500.0
2026-01-07 02:00:00+05:30,144.0,2,7,1,500.0
2026-01-07 03:00:00+05:30,136.0,3,7,1,500.0
2026-01-07 04:00:00+05:30,130.0,4,7,1,500.0
2026-01-07 05:00:00+05:30,121.0,5,7,1,484.0
2026-01-07 06:00:00+05:30,126.0,6,7,1,500.0
2026-01-07 07:00:00+05:30,121.0,7,7,1,484.0
2026-01-07 08:00:00+05:30,125.0,8,7,1,500.0
2026-01-07 09:00:00+05:30,117.0,9,7,1,468.0
2026-01-07 10:00:00+05:30,123.0,10,7,1,492.0
2026-01-07 11:00:00+05:30,137.0,11,7,1,500.0
2026-01-07 12:00:00+05:30,153.0,12,7,1,500.0
2026-01-07 13:00:00+05:30,158.0,13,7,1,500.0
2026-01-07 14:00:00+05:30,156.0,14,7,1,500.0
2026-01-07 15:00:00+05:30,157.0,15,7,1,500.0
2026-01-07 16:00:00+05:30,162.0,16,7,1,500.0
2026-01-07 17:00:00+05:30,145.0,17,7,1,500.0
2026-01-07 18:00:00+05:30,161.0,18,7,1,500.0
2026-01-07 19:00:00+05:30,160.0,19,7,1,500.0
2026-01-07 20:00:00+05:30,185.0,20,7,1,500.0
2026-01-07 21:00:00+05:30,214.0,21,7,1,500.0
2026-01-07 22:00:00+05:30,238.0,22,7,1,500.0
2026-01-07 23:00:00+05:30,218.0,23,7,1,500.0
2026-01-08 00:00:00+05:30,175.0,0,8,1,500.0
2026-01-08 01:00:00+05:30,136.0,1,8,1,500.0
2026-01-08 02:00:00+05:30,115.0,2,8,1,460.0
2026-01-08 03:00:00+05:30,106.0,3,8,1,424.0
2026-01-08 04:00:00+05:30,105.0,4,8,1,420.0
2026-01-08 05:00:00+05:30,114.0,5,8,1,456.0
2026-01-08 06:00:00+05:30,109.0,6,8,1,436.0
2026-01-08 07:00:00+05:30,119.0,7,8,1,476.0
2026-01-08 08:00:00+05:30,110.0,8,8,1,440.0
2026-01-08 09:00:00+05:30,124.0,9,8,1,496.0
2026-01-08 10:00:00+05:30,147.0,10,8,1,500.0
2026-01-08 11:00:00+05:30,158.0,11,8,1,500.0
2026-01-08 12:00:00+05:30,199.0,12,8,1,500.0
2026-01-08 13:00:00+05:30,204.0,13,8,1,500.0
2026-01-08 14:00:00+05:30,183.0,14,8,1,500.0
2026-01-08 15:00:00+05:30,183.0,15,8,1,500.0
2026-01-08 16:00:00+05:30,168.0,16,8,1,500.0
2026-01-08 17:00:00+05:30,190.0,17,8,1,500.0
2026-01-08 18:00:00+05:30,167.0,18,8,1,500.0
2026-01-08 19:00:00+05:30,165.0,19,8,1,500.0
2026-01-08 20:00:00+05:30,217.0,20,8,1,500.0
2026-01-08 21:00:00+05:30,236.0,21,8,1,500.0
2026-01-08 22:00:00+05:30,239.0,22,8,1,500.0
2026-01-08 23:00:00+05:30,282.0,23,8,1,500.0
2026-01-09 00:00:00+05:30,266.0,0,9,1,500.0
2026-01-09 01:00:00+05:30,206.0,1,9,1,500.0
2026-01-09 02:00:00+05:30,197.0,2,9,1,500.0
2026-01-09 03:00:00+05:30,196.0,3,9,1,500.0
2026-01-09 04:00:00+05:30,201.0,4,9,1,500.0
2026-01-09 05:00:00+05:30,195.0,5,9,1,500.0
2026-01-09 06:00:00+05:30,161.0,6,9,1,500.0
2026-01-09 07:00:00+05:30,143.0,7,9,1,500.0
2026-01-09 08:00:00+05:30,157.0,8,9,1,500.0
2026-01-09 09:00:00+05:30,175.0,9,9,1,500.0
2026-01-09 10:00:00+05:30,183.0,10,9,1,500.0
2026-01-09 11:00:00+05:30,179.0,11,9,1,500.0
2026-01-09 13:00:00+05:30,196.0,13,9,1,500.0
2026-01-09 14:00:00+05:30,166.0,14,9,1,500.0
2026-01-09 15:00:00+05:30,274.0,15,9,1,500.0
2026-01-09 16:00:00+05:30,289.0,16,9,1,500.0
2026-01-09 17:00:00+05:30,284.0,17,9,1,500.0
2026-01-09 18:00:00+05:30,246.0,18,9,1,500.0
2026-01-09 19:00:00+05:30,232.0,19,9,1,500.0
2026-01-09 20:00:00+05:30,231.0,20,9,1,500.0
2026-01-09 21:00:00+05:30,251.0,21,9,1,500.0
2026-01-09 22:00:00+05:30,251.0,22,9,1,500.0
2026-01-09 23:00:00+05:30,261.0,23,9,1,500.0
2026-01-10 00:00:00+05:30,272.0,0,10,1,500.0
2026-01-10 01:00:00+05:30,254.0,1,10,1,500.0
2026-01-10 02:00:00+05:30,234.0,2,10,1,500.0
2026-01-10 03:00:00+05:30,210.0,3,10,1,500.0
2026-01-10 04:00:00+05:30,196.0,4,10,1,500.0
2026-01-10 05:00:00+05:30,188.0,5,10,1,500.0
2026-01-10 06:00:00+05:30,191.0,6,10,1,500.0
2026-01-10 07:00:00+05:30,207.0,7,10,1,500.0
2026-01-10 08:00:00+05:30,216.0,8,10,1,500.0
2026-01-10 09:00:00+05:30,196.0,9,10,1,500.0
2026-01-10 10:00:00+05:30,205.0,10,10,1,500.0
2026-01-10 11:00:00+05:30,207.0,11,10,1,500.0
2026-01-10 12:00:00+05:30,185.0,12,10,1,500.0
2026-01-10 13:00:00+05:30,116.0,13,10,1,464.0
2026-01-10 14:00:00+05:30,71.0,14,10,1,284.0
2026-01-10 15:00:00+05:30,112.0,15,10,1,448.0
2026-01-10 16:00:00+05:30,78.0,16,10,1,312.0
2026-01-10 17:00:00+05:30,98.0,17,10,1,392.0
2026-01-10 18:00:00+05:30,83.0,18,10,1,332.0
2026-01-10 19:00:00+05:30,94.0,19,10,1,376.0
2026-01-10 20:00:00+05:30,136.0,20,10,1,500.0
2026-01-10 21:00:00+05:30,195.0,21,10,1,500.0
2026-01-10 22:00:00+05:30,227.0,22,10,1,500.0
2026-01-10 23:00:00+05:30,212.0,23,10,1,500.0
2026-01-11 00:00:00+05:30,195.0,0,11,1,500.0
2026-01-11 01:00:00+05:30,177.0,1,11,1,500.0
2026-01-11 02:00:00+05:30,160.0,2,11,1,500.0
2026-01-11 03:00:00+05:30,171.0,3,11,1,500.0
2026-01-11 04:00:00+05:30,178.0,4,11,1,500.0
2026-01-11 05:00:00+05:30,174.0,5,11,1,500.0
2026-01-11 06:00:00+05:30,187.0,6,11,1,500.0
2026-01-11 07:00:00+05:30,162.0,7,11,1,500.0
2026-01-11 08:00:00+05:30,143.0,8,11,1,500.0
2026-01-11 09:00:00+05:30,153.0,9,11,1,500.0
2026-01-11 10:00:00+05:30,165.0,10,11,1,500.0
2026-01-11 11:00:00+05:30,169.0,11,11,1,500.0
2026-01-11 12:00:00+05:30,208.0,12,11,1,500.0
2026-01-11 13:00:00+05:30,150.0,13,11,1,500.0
2026-01-11 14:00:00+05:30,111.0,14,11,1,444.0
2026-01-11 15:00:00+05:30,81.0,15,11,1,324.0
2026-01-11 16:00:00+05:30,71.0,16,11,1,284.0
2026-01-11 17:00:00+05:30,78.0,17,11,1,312.0
2026-01-11 18:00:00+05:30,83.0,18,11,1,332.0
2026-01-11 19:00:00+05:30,126.0,19,11,1,500.0
2026-01-11 20:00:00+05:30,183.0,20,11,1,500.0
2026-01-11 21:00:00+05:30,197.0,21,11,1,500.0
2026-01-11 22:00:00+05:30,230.0,22,11,1,500.0
2026-01-11 23:00:00+05:30,221.0,23,11,1,500.0
2026-01-12 00:00:00+05:30,203.0,0,12,1,500.0
2026-01-12 01:00:00+05:30,188.0,1,12,1,500.0
2026-01-12 02:00:00+05:30,190.0,2,12,1,500.0
2026-01-12 03:00:00+05:30,185.0,3,12,1,500.0
2026-01-12 04:00:00+05:30,183.0,4,12,1,500.0
2026-01-12 05:00:00+05:30,180.0,5,12,1,500.0
2026-01-12 06:00:00+05:30,177.0,6,12,1,500.0
2026-01-12 07:00:00+05:30,181.0,7,12,1,500.0
2026-01-12 08:00:00+05:30,190.0,8,12,1,500.0
2026-01-12 09:00:00+05:30,187.0,9,12,1,500.0
2026-01-12 10:00:00+05:30,210.0,10,12,1,500.0
2026-01-12 11:00:00+05:30,185.0,11,12,1,500.0
2026-01-12 12:00:00+05:30,132.0,12,12,1,500.0
2026-01-12 13:00:00+05:30,117.0,13,12,1,468.0
2026-01-12 14:00:00+05:30,92.0,14,12,1,368.0
2026-01-12 15:00:00+05:30,78.0,15,12,1,312.0
2026-01-12 16:00:00+05:30,51.0,16,12,1,204.0
2026-01-12 17:00:00+05:30,53.0,17,12,1,212.0
2026-01-12 18:00:00+05:30,69.0,18,12,1,276.0
2026-01-12 19:00:00+05:30,99.0,19,12,1,396.0
2026-01-12 20:00:00+05:30,182.0,20,12,1,500.0
2026-01-12 21:00:00+05:30,197.0,21,12,1,500.0
2026-01-12 22:00:00+05:30,260.0,22,12,1,500.0
2026-01-12 23:00:00+05:30,280.0,23,12,1,500.0
2026-01-13 00:00:00+05:30,331.0,0,13,1,500.0
2026-01-13 01:00:00+05:30,324.0,1,13,1,500.0
2026-01-13 02:00:00+05:30,319.0,2,13,1,500.0
2026-01-13 03:00:00+05:30,363.0,3,13,1,500.0
2026-01-13 04:00:00+05:30,333.0,4,13,1,500.0
2026-01-13 05:00:00+05:30,346.0,5,13,1,500.0
2026-01-13 06:00:00+05:30,314.0,6,13,1,500.0
2026-01-13 07:00:00+05:30,319.0,7,13,1,500.0
2026-01-13 08:00:00+05:30,365.0,8,13,1,500.0
2026-01-13 09:00:00+05:30,360.0,9,13,1,500.0
2026-01-13 10:00:00+05:30,408.0,10,13,1,500.0
2026-01-13 11:00:00+05:30,302.0,11,13,1,500.0
2026-01-13 12:00:00+05:30,193.0,12,13,1,500.0
2026-01-13 13:00:00+05:30,123.0,13,13,1,492.0
2026-01-13 14:00:00+05:30,110.0,14,13,1,440.0
2026-01-13 15:00:00+05:30,111.0,15,13,1,444.0
2026-01-13 16:00:00+05:30,89.0,16,13,1,356.0
2026-01-13 17:00:00+05:30,98.0,17,13,1,392.0
2026-01-13 18:00:00+05:30,98.0,18,13,1,392.0
2026-01-13 19:00:00+05:30,122.0,19,13,1,488.0
2026-01-13 20:00:00+05:30,195.0,20,13,1,500.0
2026-01-13 21:00:00+05:30,261.0,21,13,1,500.0
2026-01-13 22:00:00+05:30,347.0,22,13,1,500.0
2026-01-13 23:00:00+05:30,362.0,23,13,1,500.0
2026-01-14 00:00:00+05:30,388.0,0,14,1,500.0
2026-01-14 01:00:00+05:30,362.0,1,14,1,500.0
2026-01-14 02:00:00+05:30,346.0,2,14,1,500.0
2026-01-14 03:00:00+05:30,304.0,3,14,1,500.0
2026-01-14 04:00:00+05:30,273.0,4,14,1,500.0
2026-01-14 05:00:00+05:30,272.0,5,14,1,500.0
2026-01-14 06:00:00+05:30,253.0,6,14,1,500.0
2026-01-14 07:00:00+05:30,251.0,7,14,1,500.0
2026-01-14 08:00:00+05:30,264.0,8,14,1,500.0
2026-01-14 09:00:00+05:30,306.0,9,14,1,500.0
2026-01-14 10:00:00+05:30,303.0,10,14,1,500.0
2026-01-14 11:00:00+05:30,280.0,11,14,1,500.0
2026-01-14 12:00:00+05:30,217.0,12,14,1,500.0
2026-01-14 13:00:00+05:30,161.0,13,14,1,500.0
2026-01-14 14:00:00+05:30,148.0,14,14,1,500.0
2026-01-14 15:00:00+05:30,152.0,15,14,1,500.0
2026-01-14 16:00:00+05:30,141.0,16,14,1,500.0
2026-01-14 17:00:00+05:30,112.0,17,14,1,448.0
2026-01-14 18:00:00+05:30,124.0,18,14,1,496.0
2026-01-14 19:00:00+05:30,147.0,19,14,1,500.0
2026-01-14 20:00:00+05:30,205.0,20,14,1,500.0
2026-01-14 21:00:00+05:30,268.0,21,14,1,500.0
2026-01-14 22:00:00+05:30,256.0,22,14,1,500.0
2026-01-14 23:00:00+05:30,281.0,23,14,1,500.0
2026-01-15 00:00:00+05:30,265.0,0,15,1,500.0
2026-01-15 01:00:00+05:30,268.0,1,15,1,500.0
2026-01-15 02:00:00+05:30,271.0,2,15,1,500.0
2026-01-15 03:00:00+05:30,290.0,3,15,1,500.0
2026-01-15 04:00:00+05:30,277.0,4,15,1,500.0
2026-01-15 05:00:00+05:30,258.0,5,15,1,500.0
2026-01-15 06:00:00+05:30,238.0,6,15,1,500.0
2026-01-15 07:00:00+05:30,190.0,7,15,1,500.0
2026-01-15 08:00:00+05:30,192.0,8,15,1,500.0
2026-01-15 09:00:00+05:30,187.0,9,15,1,500.0
2026-01-15 10:00:00+05:30,195.0,10,15,1,500.0
2026-01-15 11:00:00+05:30,196.0,11,15,1,500.0
2026-01-15 12:00:00+05:30,194.0,12,15,1,500.0
2026-01-15 13:00:00+05:30,205.0,13,15,1,500.0
2026-01-15 14:00:00+05:30,205.0,14,15,1,500.0
2026-01-15 15:00:00+05:30,162.0,15,15,1,500.0
2026-01-15 16:00:00+05:30,125.0,16,15,1,500.0
2026-01-15 17:00:00+05:30,150.0,17,15,1,500.0
2026-01-15 18:00:00+05:30,171.0,18,15,1,500.0
2026-01-15 19:00:00+05:30,180.0,19,15,1,500.0
2026-01-15 20:00:00+05:30,235.0,20,15,1,500.0
2026-01-15 21:00:00+05:30,260.0,21,15,1,500.0
2026-01-15 22:00:00+05:30,231.0,22,15,1,500.0
2026-01-15 23:00:00+05:30,258.0,23,15,1,500.0
2026-01-16 00:00:00+05:30,275.0,0,16,1,500.0
2026-01-16 01:00:00+05:30,285.0,1,16,1,500.0
2026-01-16 02:00:00+05:30,288.0,2,16,1,500.0
2026-01-16 03:00:00+05:30,339.0,3,16,1,500.0
2026-01-16 04:00:00+05:30,270.0,4,16,1,500.0
2026-01-16 05:00:00+05:30,255.0,5,16,1,500.0
2026-01-16 06:00:00+05:30,238.0,6,16,1,500.0
2026-01-16 07:00:00+05:30,264.0,7,16,1,500.0
2026-01-16 08:00:00+05:30,256.0,8,16,1,500.0
2026-01-16 09:00:00+05:30,264.0,9,16,1,500.0
2026-01-16 10:00:00+05:30,251.0,10,16,1,500.0
2026-01-16 11:00:00+05:30,205.0,11,16,1,500.0
2026-01-16 12:00:00+05:30,171.0,12,16,1,500.0
2026-01-16 13:00:00+05:30,136.0,13,16,1,500.0
2026-01-16 14:00:00+05:30,125.0,14,16,1,500.0
2026-01-16 15:00:00+05:30,125.0,15,16,1,500.0
2026-01-16 17:00:00+05:30,105.0,17,16,1,420.0
2026-01-16 18:00:00+05:30,89.0,18,16,1,356.0
2026-01-16 19:00:00+05:30,203.0,19,16,1,500.0
2026-01-16 20:00:00+05:30,205.0,20,16,1,500.0
2026-01-16 21:00:00+05:30,188.0,21,16,1,500.0
2026-01-16 22:00:00+05:30,268.0,22,16,1,500.0
2026-01-16 23:00:00+05:30,273.0,23,16,1,500.0
2026-01-17 00:00:00+05:30,264.0,0,17,1,500.0
2026-01-17 01:00:00+05:30,280.0,1,17,1,500.0
2026-01-17 02:00:00+05:30,336.0,2,17,1,500.0
2026-01-17 03:00:00+05:30,383.0,3,17,1,500.0
2026-01-17 04:00:00+05:30,397.0,4,17,1,500.0
2026-01-17 05:00:00+05:30,402.0,5,17,1,500.0
2026-01-17 06:00:00+05:30,403.0,6,17,1,500.0
2026-01-17 07:00:00+05:30,401.0,7,17,1,500.0
2026-01-17 08:00:00+05:30,401.0,8,17,1,500.0
2026-01-17 09:00:00+05:30,323.0,9,17,1,500.0
2026-01-17 10:00:00+05:30,296.0,10,17,1,500.0
2026-01-17 11:00:00+05:30,359.0,11,17,1,500.0
2026-01-17 12:00:00+05:30,314.0,12,17,1,500.0
2026-01-17 13:00:00+05:30,303.0,13,17,1,500.0
2026-01-17 14:00:00+05:30,250.0,14,17,1,500.0
2026-01-17 15:00:00+05:30,245.0,15,17,1,500.0
2026-01-17 16:00:00+05:30,294.0,16,17,1,500.0
2026-01-17 17:00:00+05:30,389.0,17,17,1,500.0
2026-01-17 18:00:00+05:30,465.0,18,17,1,500.0
2026-01-17 19:00:00+05:30,515.0,19,17,1,500.0
2026-01-17 20:00:00+05:30,484.0,20,17,1,500.0
2026-01-17 21:00:00+05:30,435.0,21,17,1,500.0
2026-01-17 22:00:00+05:30,411.0,22,17,1,500.0
2026-01-17 23:00:00+05:30,373.0,23,17,1,500.0
2026-01-18 00:00:00+05:30,364.0,0,18,1,500.0
2026-01-18 01:00:00+05:30,358.0,1,18,1,500.0
2026-01-18 02:00:00+05:30,341.0,2,18,1,500.0
2026-01-18 03:00:00+05:30,345.0,3,18,1,500.0
2026-01-18 04:00:00+05:30,332.0,4,18,1,500.0
2026-01-18 05:00:00+05:30,337.0,5,18,1,500.0
2026-01-18 06:00:00+05:30,362.0,6,18,1,500.0
2026-01-18 07:00:00+05:30,417.0,7,18,1,500.0
2026-01-18 08:00:00+05:30,408.0,8,18,1,500.0
2026-01-18 09:00:00+05:30,446.0,9,18,1,500.0
2026-01-18 10:00:00+05:30,459.0,10,18,1,500.0
2026-01-18 11:00:00+05:30,467.0,11,18,1,500.0
2026-01-18 12:00:00+05:30,312.0,12,18,1,500.0
2026-01-18 13:00:00+05:30,207.0,13,18,1,500.0
2026-01-18 14:00:00+05:30,157.0,14,18,1,500.0
2026-01-18 15:00:00+05:30,142.0,15,18,1,500.0
2026-01-18 16:00:00+05:30,157.0,16,18,1,500.0
2026-01-18 17:00:00+05:30,159.0,17,18,1,500.0
2026-01-18 18:00:00+05:30,157.0,18,18,1,500.0
2026-01-18 19:00:00+05:30,171.0,19,18,1,500.0
2026-01-18 20:00:00+05:30,198.0,20,18,1,500.0
2026-01-18 21:00:00+05:30,242.0,21,18,1,500.0
2026-01-18 22:00:00+05:30,263.0,22,18,1,500.0
2026-01-18 23:00:00+05:30,266.0,23,18,1,500.0
2026-01-19 00:00:00+05:30,288.0,0,19,1,500.0
2026-01-19 01:00:00+05:30,312.0,1,19,1,500.0
2026-01-19 02:00:00+05:30,331.0,2,19,1,500.0
2026-01-19 03:00:00+05:30,349.0,3,19,1,500.0
2026-01-19 04:00:00+05:30,370.0,4,19,1,500.0
2026-01-19 05:00:00+05:30,379.0,5,19,1,500.0
2026-01-19 06:00:00+05:30,362.0,6,19,1,500.0
2026-01-19 07:00:00+05:30,364.0,7,19,1,500.0
2026-01-19 08:00:00+05:30,339.0,8,19,1,500.0
2026-01-19 09:00:00+05:30,325.0,9,19,1,500.0
2026-01-19 10:00:00+05:30,396.0,10,19,1,500.0
2026-01-19 11:00:00+05:30,309.0,11,19,1,500.0
2026-01-19 12:00:00+05:30,246.0,12,19,1,500.0
2026-01-19 13:00:00+05:30,139.0,13,19,1,500.0
2026-01-19 14:00:00+05:30,131.0,14,19,1,500.0
2026-01-19 15:00:00+05:30,120.0,15,19,1,480.0
2026-01-19 16:00:00+05:30,111.0,16,19,1,444.0
2026-01-19 17:00:00+05:30,174.0,17,19,1,500.0
2026-01-19 18:00:00+05:30,174.0,18,19,1,500.0
2026-01-19 19:00:00+05:30,210.0,19,19,1,500.0
2026-01-19 20:00:00+05:30,243.0,20,19,1,500.0
2026-01-19 21:00:00+05:30,289.0,21,19,1,500.0
2026-01-19 22:00:00+05:30,280.0,22,19,1,500.0
2026-01-19 23:00:00+05:30,293.0,23,19,1,500.0
2026-01-20 00:00:00+05:30,318.0,0,20,1,500.0
2026-01-20 01:00:00+05:30,337.0,1,20,1,500.0
2026-01-20 02:00:00+05:30,385.0,2,20,1,500.0
2026-01-20 03:00:00+05:30,368.0,3,20,1,500.0
2026-01-20 04:00:00+05:30,306.0,4,20,1,500.0
2026-01-20 05:00:00+05:30,279.0,5,20,1,500.0
2026-01-20 06:00:00+05:30,266.0,6,20,1,500.0
2026-01-20 07:00:00+05:30,284.0,7,20,1,500.0
2026-01-20 08:00:00+05:30,273.0,8,20,1,500.0
2026-01-20 09:00:00+05:30,271.0,9,20,1,500.0
2026-01-20 10:00:00+05:30,266.0,10,20,1,500.0
2026-01-20 11:00:00+05:30,246.0,11,20,1,500.0
2026-01-20 12:00:00+05:30,158.0,12,20,1,500.0
2026-01-20 13:00:00+05:30,125.0,13,20,1,500.0
2026-01-20 14:00:00+05:30,98.0,14,20,1,392.0
2026-01-20 15:00:00+05:30,96.0,15,20,1,384.0
2026-01-20 16:00:00+05:30,74.0,16,20,1,296.0
2026-01-20 17:00:00+05:30,84.0,17,20,1,336.0
2026-01-20 18:00:00+05:30,96.0,18,20,1,384.0
2026-01-20 19:00:00+05:30,116.0,19,20,1,464.0
2026-01-20 20:00:00+05:30,151.0,20,20,1,500.0
2026-01-20 21:00:00+05:30,170.0,21,20,1,500.0
2026-01-20 22:00:00+05:30,194.0,22,20,1,500.0
2026-01-20 23:00:00+05:30,225.0,23,20,1,500.0
2026-01-21 00:00:00+05:30,245.0,0,21,1,500.0
2026-01-21 01:00:00+05:30,265.0,1,21,1,500.0
2026-01-21 02:00:00+05:30,264.0,2,21,1,500.0
2026-01-21 03:00:00+05:30,261.0,3,21,1,500.0
2026-01-21 04:00:00+05:30,257.0,4,21,1,500.0
2026-01-21 05:00:00+05:30,252.0,5,21,1,500.0
2026-01-21 06:00:00+05:30,231.0,6,21,1,500.0
2026-01-21 07:00:00+05:30,214.0,7,21,1,500.0
2026-01-21 08:00:00+05:30,199.0,8,21,1,500.0
2026-01-21 09:00:00+05:30,213.0,9,21,1,500.0
2026-01-21 10:00:00+05:30,217.0,10,21,1,500.0
2026-01-21 11:00:00+05:30,188.0,11,21,1,500.0
2026-01-21 12:00:00+05:30,121.0,12,21,1,484.0
2026-01-21 13:00:00+05:30,98.0,13,21,1,392.0
2026-01-21 14:00:00+05:30,111.0,14,21,1,444.0
2026-01-21 15:00:00+05:30,85.0,15,21,1,340.0
2026-01-21 16:00:00+05:30,72.0,16,21,1,288.0
2026-01-21 17:00:00+05:30,71.0,17,21,1,284.0
2026-01-21 18:00:00+05:30,90.0,18,21,1,360.0
2026-01-21 19:00:00+05:30,123.0,19,21,1,492.0
2026-01-21 20:00:00+05:30,147.0,20,21,1,500.0
2026-01-21 21:00:00+05:30,161.0,21,21,1,500.0
2026-01-21 22:00:00+05:30,164.0,22,21,1,500.0
2026-01-21 23:00:00+05:30,191.0,23,21,1,500.0
2026-01-22 00:00:00+05:30,195.0,0,22,1,500.0
2026-01-22 01:00:00+05:30,194.0,1,22,1,500.0
2026-01-22 02:00:00+05:30,226.0,2,22,1,500.0
2026-01-22 03:00:00+05:30,232.0,3,22,1,500.0
2026-01-22 04:00:00+05:30,233.0,4,22,1,500.0
2026-01-22 05:00:00+05:30,236.0,5,22,1,500.0
2026-01-22 06:00:00+05:30,235.0,6,22,1,500.0
2026-01-22 07:00:00+05:30,242.0,7,22,1,500.0
2026-01-22 08:00:00+05:30,246.0,8,22,1,500.0
2026-01-22 09:00:00+05:30,227.0,9,22,1,500.0
2026-01-22 10:00:00+05:30,259.0,10,22,1,500.0
2026-01-22 11:00:00+05:30,205.0,11,22,1,500.0
2026-01-22 12:00:00+05:30,111.0,12,22,1,444.0
2026-01-22 13:00:00+05:30,101.0,13,22,1,404.0
2026-01-22 14:00:00+05:30,95.0,14,22,1,380.0
2026-01-22 15:00:00+05:30,108.0,15,22,1,432.0
2026-01-22 16:00:00+05:30,121.0,16,22,1,484.0
2026-01-22 17:00:00+05:30,118.0,17,22,1,472.0
2026-01-22 18:00:00+05:30,100.0,18,22,1,400.0
2026-01-22 19:00:00+05:30,124.0,19,22,1,496.0
2026-01-22 20:00:00+05:30,163.0,20,22,1,500.0
2026-01-22 21:00:00+05:30,198.0,21,22,1,500.0
2026-01-22 22:00:00+05:30,196.0,22,22,1,500.0
2026-01-22 23:00:00+05:30,168.0,23,22,1,500.0
2026-01-23 00:00:00+05:30,141.0,0,23,1,500.0
2026-01-23 01:00:00+05:30,127.0,1,23,1,500.0
2026-01-23 02:00:00+05:30,113.0,2,23,1,452.0
2026-01-23 03:00:00+05:30,116.0,3,23,1,464.0
2026-01-23 04:00:00+05:30,107.0,4,23,1,428.0
2026-01-23 05:00:00+05:30,112.0,5,23,1,448.0
2026-01-23 06:00:00+05:30,112.0,6,23,1,448.0
2026-01-23 07:00:00+05:30,131.0,7,23,1,500.0
2026-01-23 08:00:00+05:30,142.0,8,23,1,500.0
2026-01-23 09:00:00+05:30,138.0,9,23,1,500.0
2026-01-23 10:00:00+05:30,141.0,10,23,1,500.0
2026-01-23 11:00:00+05:30,141.0,11,23,1,500.0
2026-01-23 15:00:00+05:30,145.0,15,23,1,500.0
2026-01-23 16:00:00+05:30,143.0,16,23,1,500.0
2026-01-23 17:00:00+05:30,144.0,17,23,1,500.0
2026-01-23 18:00:00+05:30,157.0,18,23,1,500.0
2026-01-23 19:00:00+05:30,157.0,19,23,1,500.0
2026-01-23 20:00:00+05:30,152.0,20,23,1,500.0
2026-01-23 21:00:00+05:30,148.0,21,23,1,500.0
2026-01-23 22:00:00+05:30,149.0,22,23,1,500.0
2026-01-23 23:00:00+05:30,152.0,23,23,1,500.0
2026-01-24 00:00:00+05:30,158.0,0,24,1,500.0
2026-01-24 01:00:00+05:30,150.0,1,24,1,500.0
2026-01-24 02:00:00+05:30,174.0,2,24,1,500.0
2026-01-24 03:00:00+05:30,169.0,3,24,1,500.0
2026-01-24 04:00:00+05:30,91.0,4,24,1,364.0
2026-01-24 05:00:00+05:30,43.0,5,24,1,172.0
2026-01-24 06:00:00+05:30,55.0,6,24,1,220.0
2026-01-24 07:00:00+05:30,45.0,7,24,1,180.0
2026-01-24 08:00:00+05:30,57.0,8,24,1,228.0
2026-01-24 09:00:00+05:30,62.0,9,24,1,248.0
2026-01-24 10:00:00+05:30,59.0,10,24,1,236.0
2026-01-24 11:00:00+05:30,53.0,11,24,1,212.0
2026-01-24 12:00:00+05:30,67.0,12,24,1,268.0
2026-01-24 13:00:00+05:30,81.0,13,24,1,324.0
2026-01-24 14:00:00+05:30,81.0,14,24,1,324.0
2026-01-24 15:00:00+05:30,48.0,15,24,1,192.0
2026-01-24 16:00:00+05:30,39.0,16,24,1,156.0
2026-01-24 17:00:00+05:30,41.0,17,24,1,164.0
2026-01-24 18:00:00+05:30,48.0,18,24,1,192.0
2026-01-24 19:00:00+05:30,53.0,19,24,1,212.0
2026-01-24 20:00:00+05:30,74.0,20,24,1,296.0
2026-01-24 21:00:00+05:30,67.0,21,24,1,268.0
2026-01-24 22:00:00+05:30,65.0,22,24,1,260.0
2026-01-24 23:00:00+05:30,64.0,23,24,1,256.0
2026-01-25 00:00:00+05:30,51.0,0,25,1,204.0
2026-01-25 01:00:00+05:30,50.0,1,25,1,200.0
2026-01-25 02:00:00+05:30,56.0,2,25,1,224.0
2026-01-25 03:00:00+05:30,56.0,3,25,1,224.0
2026-01-25 04:00:00+05:30,76.0,4,25,1,304.0
2026-01-25 05:00:00+05:30,74.0,5,25,1,296.0
2026-01-25 06:00:00+05:30,79.0,6,25,1,316.0
2026-01-25 07:00:00+05:30,84.0,7,25,1,336.0
2026-01-25 08:00:00+05:30,84.0,8,25,1,336.0
2026-01-25 09:00:00+05:30,94.0,9,25,1,376.0
2026-01-25 10:00:00+05:30,90.0,10,25,1,360.0
2026-01-25 11:00:00+05:30,83.0,11,25,1,332.0
2026-01-25 12:00:00+05:30,71.0,12,25,1,284.0
2026-01-25 13:00:00+05:30,80.0,13,25,1,320.0
2026-01-25 14:00:00+05:30,69.0,14,25,1,276.0
2026-01-25 15:00:00+05:30,66.0,15,25,1,264.0
2026-01-25 16:00:00+05:30,52.0,16,25,1,208.0
2026-01-25 17:00:00+05:30,51.0,17,25,1,204.0
2026-01-25 18:00:00+05:30,57.0,18,25,1,228.0
2026-01-25 19:00:00+05:30,71.0,19,25,1,284.0
2026-01-25 20:00:00+05:30,132.0,20,25,1,500.0
2026-01-25 21:00:00+05:30,149.0,21,25,1,500.0
2026-01-25 22:00:00+05:30,173.0,22,25,1,500.0
2026-01-25 23:00:00+05:30,177.0,23,25,1,500.0
2026-01-26 00:00:00+05:30,168.0,0,26,1,500.0
2026-01-26 01:00:00+05:30,164.0,1,26,1,500.0
2026-01-26 02:00:00+05:30,136.0,2,26,1,500.0
2026-01-26 03:00:00+05:30,125.0,3,26,1,500.0
2026-01-26 04:00:00+05:30,111.0,4,26,1,444.0
2026-01-26 05:00:00+05:30,83.0,5,26,1,332.0
2026-01-26 06:00:00+05:30,86.0,6,26,1,344.0
2026-01-26 07:00:00+05:30,87.0,7,26,1,348.0
2026-01-26 08:00:00+05:30,98.0,8,26,1,392.0
2026-01-26 09:00:00+05:30,100.0,9,26,1,400.0
2026-01-26 10:00:00+05:30,104.0,10,26,1,416.0
2026-01-26 11:00:00+05:30,92.0,11,26,1,368.0
2026-01-26 12:00:00+05:30,88.0,12,26,1,352.0
2026-01-26 13:00:00+05:30,71.0,13,26,1,284.0
2026-01-26 14:00:00+05:30,67.0,14,26,1,268.0
2026-01-26 15:00:00+05:30,77.0,15,26,1,308.0
2026-01-26 16:00:00+05:30,79.0,16,26,1,316.0
2026-01-26 17:00:00+05:30,94.0,17,26,1,376.0
2026-01-26 18:00:00+05:30,109.0,18,26,1,436.0
2026-01-26 19:00:00+05:30,109.0,19,26,1,436.0
2026-01-26 20:00:00+05:30,134.0,20,26,1,500.0
2026-01-26 21:00:00+05:30,200.0,21,26,1,500.0
2026-01-26 22:00:00+05:30,139.0,22,26,1,500.0
2026-01-26 23:00:00+05:30,170.0,23,26,1,500.0
2026-01-27 00:00:00+05:30,168.0,0,27,1,500.0
2026-01-27 01:00:00+05:30,140.0,1,27,1,500.0
2026-01-27 02:00:00+05:30,139.0,2,27,1,500.0
2026-01-27 03:00:00+05:30,146.0,3,27,1,500.0
2026-01-27 04:00:00+05:30,168.0,4,27,1,500.0
2026-01-27 05:00:00+05:30,187.0,5,27,1,500.0
2026-01-27 06:00:00+05:30,210.0,6,27,1,500.0
2026-01-27 07:00:00+05:30,214.0,7,27,1,500.0
2026-01-27 08:00:00+05:30,201.0,8,27,1,500.0
2026-01-27 09:00:00+05:30,222.0,9,27,1,500.0
2026-01-27 10:00:00+05:30,151.0,10,27,1,500.0
2026-01-27 11:00:00+05:30,143.0,11,27,1,500.0
2026-01-27 12:00:00+05:30,181.0,12,27,1,500.0
2026-01-27 13:00:00+05:30,162.0,13,27,1,500.0
2026-01-27 14:00:00+05:30,168.0,14,27,1,500.0
2026-01-27 15:00:00+05:30,145.0,15,27,1,500.0
2026-01-27 16:00:00+05:30,167.0,16,27,1,500.0
2026-01-27 17:00:00+05:30,153.0,17,27,1,500.0
2026-01-27 18:00:00+05:30,114.0,18,27,1,456.0
2026-01-27 19:00:00+05:30,104.0,19,27,1,416.0
2026-01-27 20:00:00+05:30,110.0,20,27,1,440.0
2026-01-27 21:00:00+05:30,111.0,21,27,1,444.0
2026-01-27 22:00:00+05:30,120.0,22,27,1,480.0
2026-01-27 23:00:00+05:30,126.0,23,27,1,500.0
2026-01-28 00:00:00+05:30,123.0,0,28,1,492.0
2026-01-28 01:00:00+05:30,100.0,1,28,1,400.0
2026-01-28 02:00:00+05:30,95.0,2,28,1,380.0
2026-01-28 03:00:00+05:30,88.0,3,28,1,352.0
2026-01-28 04:00:00+05:30,85.0,4,28,1,340.0
2026-01-28 05:00:00+05:30,72.0,5,28,1,288.0
2026-01-28 06:00:00+05:30,83.0,6,28,1,332.0
2026-01-28 07:00:00+05:30,82.0,7,28,1,328.0
2026-01-28 08:00:00+05:30,102.0,8,28,1,408.0
2026-01-28 09:00:00+05:30,132.0,9,28,1,500.0
2026-01-28 10:00:00+05:30,172.0,10,28,1,500.0
2026-01-28 11:00:00+05:30,170.0,11,28,1,500.0
2026-01-28 12:00:00+05:30,165.0,12,28,1,500.0
2026-01-28 13:00:00+05:30,148.0,13,28,1,500.0
2026-01-28 14:00:00+05:30,170.0,14,28,1,500.0
2026-01-28 15:00:00+05:30,136.0,15,28,1,500.0
2026-01-28 16:00:00+05:30,137.0,16,28,1,500.0
2026-01-28 17:00:00+05:30,147.0,17,28,1,500.0
2026-01-28 18:00:00+05:30,134.0,18,28,1,500.0
2026-01-28 19:00:00+05:30,142.0,19,28,1,500.0
2026-01-28 20:00:00+05:30,181.0,20,28,1,500.0
2026-01-28 21:00:00+05:30,158.0,21,28,1,500.0
2026-01-28 22:00:00+05:30,161.0,22,28,1,500.0
2026-01-28 23:00:00+05:30,134.0,23,28,1,500.0
2026-01-29 00:00:00+05:30,135.0,0,29,1,500.0
2026-01-29 01:00:00+05:30,127.0,1,29,1,500.0
2026-01-29 02:00:00+05:30,129.0,2,29,1,500.0
2026-01-29 03:00:00+05:30,150.0,3,29,1,500.0
2026-01-29 04:00:00+05:30,105.0,4,29,1,420.0
2026-01-29 05:00:00+05:30,88.0,5,29,1,352.0
2026-01-29 06:00:00+05:30,100.0,6,29,1,400.0
2026-01-29 07:00:00+05:30,98.0,7,29,1,392.0
2026-01-29 08:00:00+05:30,100.0,8,29,1,400.0
2026-01-29 09:00:00+05:30,108.0,9,29,1,432.0
2026-01-29 10:00:00+05:30,96.0,10,29,1,384.0
2026-01-29 11:00:00+05:30,102.0,11,29,1,408.0
2026-01-29 12:00:00+05:30,129.0,12,29,1,500.0
2026-01-29 13:00:00+05:30,103.0,13,29,1,412.0
2026-01-29 14:00:00+05:30,98.0,14,29,1,392.0
2026-01-29 15:00:00+05:30,100.0,15,29,1,400.0
2026-01-29 16:00:00+05:30,113.0,16,29,1,452.0
2026-01-29 17:00:00+05:30,125.0,17,29,1,500.0
2026-01-29 18:00:00+05:30,122.0,18,29,1,488.0
2026-01-29 19:00:00+05:30,134.0,19,29,1,500.0
2026-01-29 20:00:00+05:30,155.0,20,29,1,500.0
2026-01-29 21:00:00+05:30,125.0,21,29,1,500.0
2026-01-29 22:00:00+05:30,132.0,22,29,1,500.0
2026-01-29 23:00:00+05:30,132.0,23,29,1,500.0
2026-01-30 00:00:00+05:30,128.0,0,30,1,500.0
2026-01-30 01:00:00+05:30,130.0,1,30,1,500.0
2026-01-30 02:00:00+05:30,143.0,2,30,1,500.0
2026-01-30 03:00:00+05:30,152.0,3,30,1,500.0
2026-01-30 04:00:00+05:30,159.0,4,30,1,500.0
2026-01-30 05:00:00+05:30,127.0,5,30,1,500.0
2026-01-30 06:00:00+05:30,145.0,6,30,1,500.0
2026-01-30 07:00:00+05:30,162.0,7,30,1,500.0
2026-01-30 08:00:00+05:30,148.0,8,30,1,500.0
2026-01-30 09:00:00+05:30,136.0,9,30,1,500.0
2026-01-30 10:00:00+05:30,128.0,10,30,1,500.0
2026-01-30 11:00:00+05:30,111.0,11,30,1,444.0
2026-01-30 12:00:00+05:30,90.0,12,30,1,360.0
2026-01-30 13:00:00+05:30,92.0,13,30,1,368.0
2026-01-30 14:00:00+05:30,90.0,14,30,1,360.0
2026-01-30 15:00:00+05:30,106.0,15,30,1,424.0
2026-01-30 16:00:00+05:30,99.0,16,30,1,396.0
2026-01-30 17:00:00+05:30,87.0,17,30,1,348.0
2026-01-30 18:00:00+05:30,78.0,18,30,1,312.0
2026-01-30 19:00:00+05:30,88.0,19,30,1,352.0
2026-01-30 20:00:00+05:30,124.0,20,30,1,496.0
2026-01-30 21:00:00+05:30,165.0,21,30,1,500.0
2026-01-30 22:00:00+05:30,135.0,22,30,1,500.0
2026-01-30 23:00:00+05:30,139.0,23,30,1,500.0
2026-01-31 00:00:00+05:30,167.0,0,31,1,500.0
2026-01-31 01:00:00+05:30,175.0,1,31,1,500.0
2026-01-31 02:00:00+05:30,183.0,2,31,1,500.0
2026-01-31 03:00:00+05:30,191.0,3,31,1,500.0
2026-01-31 04:00:00+05:30,154.0,4,31,1,500.0
2026-01-31 05:00:00+05:30,121.0,5,31,1,484.0
2026-01-31 06:00:00+05:30,130.0,6,31,1,500.0
2026-01-31 07:00:00+05:30,150.0,7,31,1,500.0
2026-01-31 08:00:00+05:30,174.0,8,31,1,500.0
2026-01-31 09:00:00+05:30,196.0,9,31,1,500.0
2026-01-31 10:00:00+05:30,262.0,10,31,1,500.0
2026-01-31 11:00:00+05:30,220.0,11,31,1,500.0
2026-01-31 12:00:00+05:30,246.0,12,31,1,500.0
2026-01-31 13:00:00+05:30,249.0,13,31,1,500.0
2026-01-31 14:00:00+05:30,191.0,14,31,1,500.0
2026-01-31 15:00:00+05:30,202.0,15,31,1,500.0
2026-01-31 16:00:00+05:30,199.0,16,31,1,500.0
2026-01-31 17:00:00+05:30,168.0,17,31,1,500.0
2026-01-31 18:00:00+05:30,166.0,18,31,1,500.0
2026-01-31 19:00:00+05:30,189.0,19,31,1,500.0
2026-01-31 20:00:00+05:30,213.0,20,31,1,500.0
2026-01-31 21:00:00+05:30,207.0,21,31,1,500.0
2026-01-31 22:00:00+05:30,195.0,22,31,1,500.0
2026-01-31 23:00:00+05:30,173.0,23,31,1,500.0
2026-02-01 00:00:00+05:30,174.0,0,1,2,500.0
2026-02-01 01:00:00+05:30,181.0,1,1,2,500.0
2026-02-01 02:00:00+05:30,166.0,2,1,2,500.0
2026-02-01 03:00:00+05:30,148.0,3,1,2,500.0
2026-02-01 04:00:00+05:30,136.0,4,1,2,500.0
2026-02-01 05:00:00+05:30,124.0,5,1,2,496.0
2026-02-01 06:00:00+05:30,135.0,6,1,2,500.0
2026-02-01 07:00:00+05:30,119.0,7,1,2,476.0
2026-02-01 08:00:00+05:30,162.0,8,1,2,500.0
2026-02-01 09:00:00+05:30,155.0,9,1,2,500.0
2026-02-01 10:00:00+05:30,102.0,10,1,2,408.0
2026-02-01 11:00:00+05:30,74.0,11,1,2,296.0
2026-02-01 12:00:00+05:30,54.0,12,1,2,216.0
2026-02-01 13:00:00+05:30,49.0,13,1,2,196.0
2026-02-01 14:00:00+05:30,51.0,14,1,2,204.0
2026-02-01 15:00:00+05:30,36.0,15,1,2,144.0
2026-02-01 16:00:00+05:30,35.0,16,1,2,140.0
2026-02-01 17:00:00+05:30,42.0,17,1,2,168.0
2026-02-01 18:00:00+05:30,37.0,18,1,2,148.0
2026-02-01 19:00:00+05:30,44.0,19,1,2,176.0
2026-02-01 20:00:00+05:30,71.0,20,1,2,284.0
2026-02-01 21:00:00+05:30,107.0,21,1,2,428.0
2026-02-01 22:00:00+05:30,83.0,22,1,2,332.0
2026-02-01 23:00:00+05:30,94.0,23,1,2,376.0
2026-02-02 00:00:00+05:30,99.0,0,2,2,396.0
2026-02-02 01:00:00+05:30,134.0,1,2,2,500.0
2026-02-02 02:00:00+05:30,193.0,2,2,2,500.0
2026-02-02 03:00:00+05:30,145.0,3,2,2,500.0
2026-02-02 04:00:00+05:30,105.0,4,2,2,420.0
2026-02-02 05:00:00+05:30,111.0,5,2,2,444.0
2026-02-02 06:00:00+05:30,118.0,6,2,2,472.0
2026-02-02 07:00:00+05:30,92.0,7,2,2,368.0
2026-02-02 08:00:00+05:30,92.0,8,2,2,368.0
2026-02-02 09:00:00+05:30,109.0,9,2,2,436.0
2026-02-02 10:00:00+05:30,104.0,10,2,2,416.0
2026-02-02 11:00:00+05:30,108.0,11,2,2,432.0
2026-02-02 12:00:00+05:30,125.0,12,2,2,500.0
2026-02-02 13:00:00+05:30,146.0,13,2,2,500.0
2026-02-02 14:00:00+05:30,147.0,14,2,2,500.0
2026-02-02 15:00:00+05:30,163.0,15,2,2,500.0
2026-02-02 16:00:00+05:30,137.0,16,2,2,500.0
2026-02-02 17:00:00+05:30,135.0,17,2,2,500.0
2026-02-02 18:00:00+05:30,141.0,18,2,2,500.0
2026-02-02 19:00:00+05:30,165.0,19,2,2,500.0
2026-02-02 20:00:00+05:30,182.0,20,2,2,500.0
2026-02-02 21:00:00+05:30,172.0,21,2,2,500.0
2026-02-02 22:00:00+05:30,154.0,22,2,2,500.0
2026-02-02 23:00:00+05:30,153.0,23,2,2,500.0
2026-02-03 00:00:00+05:30,166.0,0,3,2,500.0
2026-02-03 01:00:00+05:30,162.0,1,3,2,500.0
2026-02-03 02:00:00+05:30,121.0,2,3,2,484.0
2026-02-03 03:00:00+05:30,106.0,3,3,2,424.0
2026-02-03 04:00:00+05:30,110.0,4,3,2,440.0
2026-02-03 05:00:00+05:30,105.0,5,3,2,420.0
2026-02-03 06:00:00+05:30,107.0,6,3,2,428.0
2026-02-03 07:00:00+05:30,114.0,7,3,2,456.0
2026-02-03 08:00:00+05:30,98.0,8,3,2,392.0
2026-02-03 09:00:00+05:30,103.0,9,3,2,412.0
2026-02-03 10:00:00+05:30,124.0,10,3,2,496.0
2026-02-03 11:00:00+05:30,145.0,11,3,2,500.0
2026-02-03 12:00:00+05:30,171.0,12,3,2,500.0
2026-02-03 13:00:00+05:30,159.0,13,3,2,500.0
2026-02-03 14:00:00+05:30,117.0,14,3,2,468.0
2026-02-03 15:00:00+05:30,135.0,15,3,2,500.0
2026-02-03 16:00:00+05:30,89.0,16,3,2,356.0
2026-02-03 17:00:00+05:30,84.0,17,3,2,336.0
2026-02-03 18:00:00+05:30,82.0,18,3,2,328.0
2026-02-03 19:00:00+05:30,106.0,19,3,2,424.0
2026-02-03 20:00:00+05:30,132.0,20,3,2,500.0
2026-02-03 21:00:00+05:30,146.0,21,3,2,500.0
2026-02-03 22:00:00+05:30,245.0,22,3,2,500.0
2026-02-03 23:00:00+05:30,240.0,23,3,2,500.0
2026-02-04 00:00:00+05:30,211.0,0,4,2,500.0
2026-02-04 01:00:00+05:30,221.0,1,4,2,500.0
2026-02-04 02:00:00+05:30,266.0,2,4,2,500.0
2026-02-04 03:00:00+05:30,316.0,3,4,2,500.0
2026-02-04 04:00:00+05:30,287.0,4,4,2,500.0
2026-02-04 05:00:00+05:30,318.0,5,4,2,500.0
2026-02-04 06:00:00+05:30,316.0,6,4,2,500.0
2026-02-04 07:00:00+05:30,311.0,7,4,2,500.0
2026-02-04 08:00:00+05:30,296.0,8,4,2,500.0
2026-02-04 09:00:00+05:30,286.0,9,4,2,500.0
2026-02-04 10:00:00+05:30,250.0,10,4,2,500.0
2026-02-04 11:00:00+05:30,182.0,11,4,2,500.0
2026-02-04 12:00:00+05:30,174.0,12,4,2,500.0
2026-02-04 13:00:00+05:30,135.0,13,4,2,500.0
2026-02-04 14:00:00+05:30,130.0,14,4,2,500.0
2026-02-04 15:00:00+05:30,97.0,15,4,2,388.0
2026-02-04 16:00:00+05:30,73.0,16,4,2,292.0
2026-02-04 17:00:00+05:30,76.0,17,4,2,304.0
2026-02-04 18:00:00+05:30,62.0,18,4,2,248.0
2026-02-04 19:00:00+05:30,77.0,19,4,2,308.0
2026-02-04 20:00:00+05:30,100.0,20,4,2,400.0
2026-02-04 21:00:00+05:30,134.0,21,4,2,500.0
2026-02-04 22:00:00+05:30,153.0,22,4,2,500.0
2026-02-04 23:00:00+05:30,139.0,23,4,2,500.0
2026-02-05 00:00:00+05:30,138.0,0,5,2,500.0
2026-02-05 01:00:00+05:30,143.0,1,5,2,500.0
2026-02-05 02:00:00+05:30,127.0,2,5,2,500.0
2026-02-05 03:00:00+05:30,134.0,3,5,2,500.0
2026-02-05 04:00:00+05:30,157.0,4,5,2,500.0
2026-02-05 05:00:00+05:30,167.0,5,5,2,500.0
2026-02-05 06:00:00+05:30,158.0,6,5,2,500.0
2026-02-05 07:00:00+05:30,153.0,7,5,2,500.0
2026-02-05 08:00:00+05:30,138.0,8,5,2,500.0
2026-02-05 09:00:00+05:30,137.0,9,5,2,500.0
2026-02-05 10:00:00+05:30,144.0,10,5,2,500.0
2026-02-05 11:00:00+05:30,121.0,11,5,2,484.0
2026-02-05 12:00:00+05:30,104.0,12,5,2,416.0
2026-02-05 13:00:00+05:30,91.0,13,5,2,364.0
2026-02-05 14:00:00+05:30,78.0,14,5,2,312.0
2026-02-05 15:00:00+05:30,58.0,15,5,2,232.0
2026-02-05 16:00:00+05:30,49.0,16,5,2,196.0
2026-02-05 17:00:00+05:30,55.0,17,5,2,220.0
2026-02-05 18:00:00+05:30,51.0,18,5,2,204.0
2026-02-05 19:00:00+05:30,68.0,19,5,2,272.0
2026-02-05 20:00:00+05:30,101.0,20,5,2,404.0
2026-02-05 21:00:00+05:30,129.0,21,5,2,500.0
2026-02-05 22:00:00+05:30,190.0,22,5,2,500.0
2026-02-05 23:00:00+05:30,220.0,23,5,2,500.0
2026-02-06 00:00:00+05:30,178.0,0,6,2,500.0
2026-02-06 01:00:00+05:30,165.0,1,6,2,500.0
2026-02-06 02:00:00+05:30,157.0,2,6,2,500.0
2026-02-06 03:00:00+05:30,157.0,3,6,2,500.0
2026-02-06 04:00:00+05:30,144.0,4,6,2,500.0
2026-02-06 05:00:00+05:30,110.0,5,6,2,440.0
2026-02-06 06:00:00+05:30,110.0,6,6,2,440.0
2026-02-06 07:00:00+05:30,110.0,7,6,2,440.0
2026-02-06 08:00:00+05:30,105.0,8,6,2,420.0
2026-02-06 09:00:00+05:30,100.0,9,6,2,400.0
2026-02-06 10:00:00+05:30,109.0,10,6,2,436.0
2026-02-06 11:00:00+05:30,95.0,11,6,2,380.0
2026-02-06 12:00:00+05:30,83.0,12,6,2,332.0
2026-02-06 13:00:00+05:30,64.0,13,6,2,256.0
2026-02-06 14:00:00+05:30,59.0,14,6,2,236.0
2026-02-06 15:00:00+05:30,48.0,15,6,2,192.0
2026-02-06 16:00:00+05:30,68.0,16,6,2,272.0
2026-02-06 17:00:00+05:30,60.0,17,6,2,240.0
2026-02-06 18:00:00+05:30,59.0,18,6,2,236.0
2026-02-06 19:00:00+05:30,80.0,19,6,2,320.0
2026-02-06 20:00:00+05:30,104.0,20,6,2,416.0
2026-02-06 21:00:00+05:30,141.0,21,6,2,500.0
2026-02-06 22:00:00+05:30,184.0,22,6,2,500.0
2026-02-06 23:00:00+05:30,201.0,23,6,2,500.0
2026-02-07 00:00:00+05:30,182.0,0,7,2,500.0
2026-02-07 01:00:00+05:30,168.0,1,7,2,500.0
2026-02-07 02:00:00+05:30,164.0,2,7,2,500.0
2026-02-07 03:00:00+05:30,136.0,3,7,2,500.0
2026-02-07 04:00:00+05:30,117.0,4,7,2,468.0
2026-02-07 05:00:00+05:30,111.0,5,7,2,444.0
2026-02-07 06:00:00+05:30,106.0,6,7,2,424.0
2026-02-07 07:00:00+05:30,104.0,7,7,2,416.0
2026-02-07 08:00:00+05:30,104.0,8,7,2,416.0
2026-02-07 09:00:00+05:30,94.0,9,7,2,376.0
2026-02-07 10:00:00+05:30,104.0,10,7,2,416.0
2026-02-07 11:00:00+05:30,89.0,11,7,2,356.0
2026-02-07 12:00:00+05:30,89.0,12,7,2,356.0
2026-02-07 13:00:00+05:30,83.0,13,7,2,332.0
2026-02-07 14:00:00+05:30,71.0,14,7,2,284.0
2026-02-07 15:00:00+05:30,71.0,15,7,2,284.0
2026-02-07 16:00:00+05:30,68.0,16,7,2,272.0
2026-02-07 17:00:00+05:30,82.0,17,7,2,328.0
2026-02-07 18:00:00+05:30,79.0,18,7,2,316.0
2026-02-07 19:00:00+05:30,94.0,19,7,2,376.0
2026-02-07 20:00:00+05:30,118.0,20,7,2,472.0
2026-02-07 21:00:00+05:30,150.0,21,7,2,500.0
2026-02-07 22:00:00+05:30,150.0,22,7,2,500.0
2026-02-07 23:00:00+05:30,126.0,23,7,2,500.0
2026-02-08 00:00:00+05:30,101.0,0,8,2,404.0
2026-02-08 01:00:00+05:30,82.0,1,8,2,328.0
2026-02-08 02:00:00+05:30,79.0,2,8,2,316.0
2026-02-08 03:00:00+05:30,91.0,3,8,2,364.0
2026-02-08 04:00:00+05:30,91.0,4,8,2,364.0
2026-02-08 05:00:00+05:30,115.0,5,8,2,460.0
2026-02-08 06:00:00+05:30,109.0,6,8,2,436.0
2026-02-08 07:00:00+05:30,105.0,7,8,2,420.0
2026-02-08 08:00:00+05:30,111.0,8,8,2,444.0
2026-02-08 09:00:00+05:30,112.0,9,8,2,448.0
2026-02-08 10:00:00+05:30,92.0,10,8,2,368.0
2026-02-08 11:00:00+05:30,76.0,11,8,2,304.0
2026-02-08 12:00:00+05:30,60.0,12,8,2,240.0
2026-02-08 13:00:00+05:30,51.0,13,8,2,204.0
2026-02-08 14:00:00+05:30,43.0,14,8,2,172.0
2026-02-08 15:00:00+05:30,49.0,15,8,2,196.0
2026-02-08 16:00:00+05:30,48.0,16,8,2,192.0
2026-02-08 17:00:00+05:30,51.0,17,8,2,204.0
2026-02-08 18:00:00+05:30,45.0,18,8,2,180.0
2026-02-08 19:00:00+05:30,59.0,19,8,2,236.0
2026-02-08 20:00:00+05:30,74.0,20,8,2,296.0
2026-02-08 21:00:00+05:30,101.0,21,8,2,404.0
2026-02-08 22:00:00+05:30,147.0,22,8,2,500.0
2026-02-08 23:00:00+05:30,170.0,23,8,2,500.0
2026-02-09 00:00:00+05:30,168.0,0,9,2,500.0
2026-02-09 01:00:00+05:30,155.0,1,9,2,500.0
2026-02-09 02:00:00+05:30,122.0,2,9,2,488.0
2026-02-09 03:00:00+05:30,123.0,3,9,2,492.0
2026-02-09 04:00:00+05:30,118.0,4,9,2,472.0
2026-02-09 05:00:00+05:30,116.0,5,9,2,464.0
2026-02-09 06:00:00+05:30,132.0,6,9,2,500.0
2026-02-09 07:00:00+05:30,143.0,7,9,2,500.0
2026-02-09 08:00:00+05:30,155.0,8,9,2,500.0
2026-02-09 09:00:00+05:30,145.0,9,9,2,500.0
2026-02-09 10:00:00+05:30,132.0,10,9,2,500.0
2026-02-09 11:00:00+05:30,132.0,11,9,2,500.0
2026-02-09 12:00:00+05:30,128.0,12,9,2,500.0
2026-02-09 13:00:00+05:30,110.0,13,9,2,440.0
2026-02-09 14:00:00+05:30,78.0,14,9,2,312.0
2026-02-09 15:00:00+05:30,80.0,15,9,2,320.0
2026-02-09 16:00:00+05:30,79.0,16,9,2,316.0
2026-02-09 17:00:00+05:30,71.0,17,9,2,284.0
2026-02-09 18:00:00+05:30,72.0,18,9,2,288.0
2026-02-09 19:00:00+05:30,73.0,19,9,2,292.0
2026-02-09 20:00:00+05:30,111.0,20,9,2,444.0
2026-02-09 21:00:00+05:30,123.0,21,9,2,492.0
2026-02-09 22:00:00+05:30,146.0,22,9,2,500.0
2026-02-09 23:00:00+05:30,130.0,23,9,2,500.0
2026-02-10 00:00:00+05:30,117.0,0,10,2,468.0
2026-02-10 01:00:00+05:30,130.0,1,10,2,500.0
2026-02-10 02:00:00+05:30,149.0,2,10,2,500.0
2026-02-10 03:00:00+05:30,165.0,3,10,2,500.0
2026-02-10 04:00:00+05:30,175.0,4,10,2,500.0
2026-02-10 05:00:00+05:30,160.0,5,10,2,500.0
2026-02-10 06:00:00+05:30,160.0,6,10,2,500.0
2026-02-10 07:00:00+05:30,150.0,7,10,2,500.0
2026-02-10 08:00:00+05:30,167.0,8,10,2,500.0
2026-02-10 09:00:00+05:30,173.0,9,10,2,500.0
2026-02-10 10:00:00+05:30,185.0,10,10,2,500.0
2026-02-10 11:00:00+05:30,99.0,11,10,2,396.0
2026-02-10 12:00:00+05:30,63.0,12,10,2,252.0
2026-02-10 13:00:00+05:30,57.0,13,10,2,228.0
2026-02-10 14:00:00+05:30,59.0,14,10,2,236.0
2026-02-10 15:00:00+05:30,65.0,15,10,2,260.0
2026-02-10 16:00:00+05:30,61.0,16,10,2,244.0
2026-02-10 17:00:00+05:30,69.0,17,10,2,276.0
2026-02-10 18:00:00+05:30,78.0,18,10,2,312.0
2026-02-10 19:00:00+05:30,96.0,19,10,2,384.0
2026-02-10 20:00:00+05:30,111.0,20,10,2,444.0
2026-02-10 21:00:00+05:30,138.0,21,10,2,500.0
2026-02-10 22:00:00+05:30,136.0,22,10,2,500.0
2026-02-10 23:00:00+05:30,124.0,23,10,2,496.0
2026-02-11 00:00:00+05:30,136.0,0,11,2,500.0
2026-02-11 01:00:00+05:30,140.0,1,11,2,500.0
2026-02-11 02:00:00+05:30,159.0,2,11,2,500.0
2026-02-11 03:00:00+05:30,169.0,3,11,2,500.0
2026-02-11 04:00:00+05:30,185.0,4,11,2,500.0
2026-02-11 05:00:00+05:30,304.0,5,11,2,500.0
2026-02-11 06:00:00+05:30,276.0,6,11,2,500.0
2026-02-11 07:00:00+05:30,246.0,7,11,2,500.0
2026-02-11 08:00:00+05:30,262.0,8,11,2,500.0
2026-02-11 09:00:00+05:30,204.0,9,11,2,500.0
2026-02-11 10:00:00+05:30,194.0,10,11,2,500.0
2026-02-11 11:00:00+05:30,151.0,11,11,2,500.0
2026-02-11 12:00:00+05:30,114.0,12,11,2,456.0
2026-02-11 13:00:00+05:30,108.0,13,11,2,432.0
2026-02-11 14:00:00+05:30,75.0,14,11,2,300.0
2026-02-11 15:00:00+05:30,73.0,15,11,2,292.0
2026-02-11 16:00:00+05:30,60.0,16,11,2,240.0
2026-02-11 17:00:00+05:30,67.0,17,11,2,268.0
2026-02-11 18:00:00+05:30,58.0,18,11,2,232.0
2026-02-11 19:00:00+05:30,53.0,19,11,2,212.0
2026-02-11 20:00:00+05:30,86.0,20,11,2,344.0
2026-02-11 21:00:00+05:30,101.0,21,11,2,404.0
2026-02-11 22:00:00+05:30,102.0,22,11,2,408.0
2026-02-11 23:00:00+05:30,91.0,23,11,2,364.0
2026-02-12 00:00:00+05:30,86.0,0,12,2,344.0
2026-02-12 01:00:00+05:30,75.0,1,12,2,300.0
2026-02-12 02:00:00+05:30,95.0,2,12,2,380.0
2026-02-12 03:00:00+05:30,85.0,3,12,2,340.0
2026-02-12 04:00:00+05:30,81.0,4,12,2,324.0
2026-02-12 05:00:00+05:30,87.0,5,12,2,348.0
2026-02-12 06:00:00+05:30,77.0,6,12,2,308.0
2026-02-12 07:00:00+05:30,80.0,7,12,2,320.0
2026-02-12 08:00:00+05:30,89.0,8,12,2,356.0
2026-02-12 09:00:00+05:30,91.0,9,12,2,364.0
2026-02-12 10:00:00+05:30,79.0,10,12,2,316.0
2026-02-12 11:00:00+05:30,79.0,11,12,2,316.0
2026-02-12 12:00:00+05:30,69.0,12,12,2,276.0
2026-02-12 13:00:00+05:30,48.0,13,12,2,192.0
2026-02-12 14:00:00+05:30,42.0,14,12,2,168.0
2026-02-12 15:00:00+05:30,48.0,15,12,2,192.0
2026-02-12 16:00:00+05:30,44.0,16,12,2,176.0
2026-02-12 17:00:00+05:30,38.0,17,12,2,152.0
2026-02-12 18:00:00+05:30,43.0,18,12,2,172.0
2026-02-12 19:00:00+05:30,38.0,19,12,2,152.0
2026-02-12 20:00:00+05:30,82.0,20,12,2,328.0
2026-02-12 21:00:00+05:30,102.0,21,12,2,408.0
2026-02-12 22:00:00+05:30,92.0,22,12,2,368.0
2026-02-12 23:00:00+05:30,103.0,23,12,2,412.0
2026-02-13 00:00:00+05:30,133.0,0,13,2,500.0
2026-02-13 01:00:00+05:30,129.0,1,13,2,500.0
2026-02-13 02:00:00+05:30,135.0,2,13,2,500.0
2026-02-13 03:00:00+05:30,121.0,3,13,2,484.0
2026-02-13 04:00:00+05:30,116.0,4,13,2,464.0
2026-02-13 05:00:00+05:30,106.0,5,13,2,424.0
2026-02-13 06:00:00+05:30,110.0,6,13,2,440.0
2026-02-13 07:00:00+05:30,106.0,7,13,2,424.0
2026-02-13 08:00:00+05:30,108.0,8,13,2,432.0
2026-02-13 09:00:00+05:30,112.0,9,13,2,448.0
2026-02-13 10:00:00+05:30,86.0,10,13,2,344.0
2026-02-13 11:00:00+05:30,65.0,11,13,2,260.0
2026-02-13 12:00:00+05:30,43.0,12,13,2,172.0
2026-02-13 13:00:00+05:30,38.0,13,13,2,152.0
2026-02-13 14:00:00+05:30,32.0,14,13,2,128.0
2026-02-13 15:00:00+05:30,34.0,15,13,2,136.0
2026-02-13 16:00:00+05:30,35.0,16,13,2,140.0
2026-02-13 17:00:00+05:30,37.0,17,13,2,148.0
2026-02-13 18:00:00+05:30,41.0,18,13,2,164.0
2026-02-13 19:00:00+05:30,62.0,19,13,2,248.0
2026-02-13 20:00:00+05:30,77.0,20,13,2,308.0
2026-02-13 21:00:00+05:30,83.0,21,13,2,332.0
2026-02-13 22:00:00+05:30,86.0,22,13,2,344.0
2026-02-13 23:00:00+05:30,114.0,23,13,2,456.0
2026-02-14 00:00:00+05:30,155.0,0,14,2,500.0
2026-02-14 01:00:00+05:30,166.0,1,14,2,500.0
2026-02-14 02:00:00+05:30,193.0,2,14,2,500.0
2026-02-14 03:00:00+05:30,198.0,3,14,2,500.0
2026-02-14 04:00:00+05:30,181.0,4,14,2,500.0
2026-02-14 05:00:00+05:30,174.0,5,14,2,500.0
2026-02-14 06:00:00+05:30,188.0,6,14,2,500.0
2026-02-14 07:00:00+05:30,203.0,7,14,2,500.0
2026-02-14 08:00:00+05:30,177.0,8,14,2,500.0
2026-02-14 09:00:00+05:30,87.0,9,14,2,348.0
2026-02-14 10:00:00+05:30,69.0,10,14,2,276.0
2026-02-14 11:00:00+05:30,69.0,11,14,2,276.0
2026-02-14 12:00:00+05:30,62.0,12,14,2,248.0
2026-02-14 13:00:00+05:30,67.0,13,14,2,268.0
2026-02-14 14:00:00+05:30,58.0,14,14,2,232.0
2026-02-14 15:00:00+05:30,56.0,15,14,2,224.0
2026-02-14 16:00:00+05:30,35.0,16,14,2,140.0
2026-02-14 17:00:00+05:30,62.0,17,14,2,248.0
2026-02-14 18:00:00+05:30,58.0,18,14,2,232.0
2026-02-14 19:00:00+05:30,64.0,19,14,2,256.0
2026-02-14 20:00:00+05:30,83.0,20,14,2,332.0
2026-02-14 21:00:00+05:30,111.0,21,14,2,444.0
2026-02-14 22:00:00+05:30,125.0,22,14,2,500.0
2026-02-14 23:00:00+05:30,164.0,23,14,2,500.0
2026-02-15 00:00:00+05:30,177.0,0,15,2,500.0
2026-02-15 01:00:00+05:30,162.0,1,15,2,500.0
2026-02-15 02:00:00+05:30,157.0,2,15,2,500.0
2026-02-15 03:00:00+05:30,159.0,3,15,2,500.0
2026-02-15 04:00:00+05:30,141.0,4,15,2,500.0
2026-02-15 05:00:00+05:30,101.0,5,15,2,404.0
2026-02-15 06:00:00+05:30,73.0,6,15,2,292.0
2026-02-15 07:00:00+05:30,74.0,7,15,2,296.0
2026-02-15 08:00:00+05:30,74.0,8,15,2,296.0
2026-02-15 09:00:00+05:30,84.0,9,15,2,336.0
2026-02-15 10:00:00+05:30,100.0,10,15,2,400.0
2026-02-15 11:00:00+05:30,84.0,11,15,2,336.0
2026-02-15 12:00:00+05:30,79.0,12,15,2,316.0
2026-02-15 13:00:00+05:30,70.0,13,15,2,280.0
2026-02-15 14:00:00+05:30,51.0,14,15,2,204.0
2026-02-15 15:00:00+05:30,45.0,15,15,2,180.0
2026-02-15 16:00:00+05:30,48.0,16,15,2,192.0
2026-02-15 17:00:00+05:30,45.0,17,15,2,180.0
2026-02-15 18:00:00+05:30,52.0,18,15,2,208.0
2026-02-15 19:00:00+05:30,58.0,19,15,2,232.0
2026-02-15 20:00:00+05:30,72.0,20,15,2,288.0
2026-02-15 21:00:00+05:30,84.0,21,15,2,336.0
2026-02-15 22:00:00+05:30,128.0,22,15,2,500.0
2026-02-15 23:00:00+05:30,116.0,23,15,2,464.0
2026-02-16 00:00:00+05:30,111.0,0,16,2,444.0
2026-02-16 01:00:00+05:30,113.0,1,16,2,452.0
2026-02-16 02:00:00+05:30,109.0,2,16,2,436.0
2026-02-16 03:00:00+05:30,132.0,3,16,2,500.0
2026-02-16 04:00:00+05:30,150.0,4,16,2,500.0
2026-02-16 05:00:00+05:30,152.0,5,16,2,500.0
2026-02-16 06:00:00+05:30,151.0,6,16,2,500.0
2026-02-16 07:00:00+05:30,146.0,7,16,2,500.0
2026-02-16 08:00:00+05:30,142.0,8,16,2,500.0
2026-02-16 09:00:00+05:30,147.0,9,16,2,500.0
2026-02-16 10:00:00+05:30,98.0,10,16,2,392.0
2026-02-16 11:00:00+05:30,63.0,11,16,2,252.0
2026-02-16 12:00:00+05:30,42.0,12,16,2,168.0
2026-02-16 13:00:00+05:30,40.0,13,16,2,160.0
2026-02-16 14:00:00+05:30,51.0,14,16,2,204.0
2026-02-16 15:00:00+05:30,99.0,15,16,2,396.0
2026-02-16 16:00:00+05:30,115.0,16,16,2,460.0
2026-02-16 17:00:00+05:30,114.0,17,16,2,456.0
2026-02-16 18:00:00+05:30,99.0,18,16,2,396.0
2026-02-16 19:00:00+05:30,91.0,19,16,2,364.0
2026-02-16 20:00:00+05:30,102.0,20,16,2,408.0
2026-02-16 21:00:00+05:30,110.0,21,16,2,440.0
2026-02-16 22:00:00+05:30,121.0,22,16,2,484.0
2026-02-16 23:00:00+05:30,111.0,23,16,2,444.0
2026-02-17 00:00:00+05:30,116.0,0,17,2,464.0
2026-02-17 01:00:00+05:30,116.0,1,17,2,464.0
2026-02-17 02:00:00+05:30,111.0,2,17,2,444.0
2026-02-17 03:00:00+05:30,107.0,3,17,2,428.0
2026-02-17 04:00:00+05:30,108.0,4,17,2,432.0
2026-02-17 05:00:00+05:30,103.0,5,17,2,412.0
2026-02-17 06:00:00+05:30,108.0,6,17,2,432.0
2026-02-17 07:00:00+05:30,106.0,7,17,2,424.0
2026-02-17 08:00:00+05:30,121.0,8,17,2,484.0
2026-02-17 09:00:00+05:30,115.0,9,17,2,460.0
2026-02-17 10:00:00+05:30,83.0,10,17,2,332.0
2026-02-17 11:00:00+05:30,58.0,11,17,2,232.0
2026-02-17 12:00:00+05:30,42.0,12,17,2,168.0
2026-02-17 13:00:00+05:30,33.0,13,17,2,132.0
2026-02-17 14:00:00+05:30,39.0,14,17,2,156.0
2026-02-17 15:00:00+05:30,40.0,15,17,2,160.0
2026-02-17 16:00:00+05:30,39.0,16,17,2,156.0
2026-02-17 17:00:00+05:30,36.0,17,17,2,144.0
2026-02-17 18:00:00+05:30,40.0,18,17,2,160.0
2026-02-17 19:00:00+05:30,53.0,19,17,2,212.0
2026-02-17 20:00:00+05:30,74.0,20,17,2,296.0
2026-02-17 21:00:00+05:30,93.0,21,17,2,372.0
2026-02-17 22:00:00+05:30,85.0,22,17,2,340.0
2026-02-17 23:00:00+05:30,81.0,23,17,2,324.0
2026-02-18 00:00:00+05:30,91.0,0,18,2,364.0
2026-02-18 01:00:00+05:30,126.0,1,18,2,500.0
2026-02-18 02:00:00+05:30,106.0,2,18,2,424.0
2026-02-18 03:00:00+05:30,99.0,3,18,2,396.0
2026-02-18 04:00:00+05:30,111.0,4,18,2,444.0
2026-02-18 05:00:00+05:30,116.0,5,18,2,464.0
2026-02-18 06:00:00+05:30,116.0,6,18,2,464.0
2026-02-18 07:00:00+05:30,178.0,7,18,2,500.0
2026-02-18 08:00:00+05:30,161.0,8,18,2,500.0
2026-02-18 09:00:00+05:30,148.0,9,18,2,500.0
2026-02-18 10:00:00+05:30,133.0,10,18,2,500.0
2026-02-18 11:00:00+05:30,68.0,11,18,2,272.0
2026-02-18 12:00:00+05:30,61.0,12,18,2,244.0
2026-02-18 13:00:00+05:30,50.0,13,18,2,200.0
2026-02-18 14:00:00+05:30,44.0,14,18,2,176.0
2026-02-18 15:00:00+05:30,35.0,15,18,2,140.0
2026-02-18 16:00:00+05:30,39.0,16,18,2,156.0
2026-02-18 17:00:00+05:30,44.0,17,18,2,176.0
2026-02-18 18:00:00+05:30,42.0,18,18,2,168.0
2026-02-18 19:00:00+05:30,43.0,19,18,2,172.0
2026-02-18 20:00:00+05:30,55.0,20,18,2,220.0
2026-02-18 21:00:00+05:30,53.0,21,18,2,212.0
2026-02-18 22:00:00+05:30,58.0,22,18,2,232.0
2026-02-18 23:00:00+05:30,67.0,23,18,2,268.0
2026-02-19 00:00:00+05:30,71.0,0,19,2,284.0
2026-02-19 01:00:00+05:30,80.0,1,19,2,320.0
2026-02-19 02:00:00+05:30,81.0,2,19,2,324.0
2026-02-19 03:00:00+05:30,75.0,3,19,2,300.0
2026-02-19 04:00:00+05:30,82.0,4,19,2,328.0
2026-02-19 05:00:00+05:30,87.0,5,19,2,348.0
2026-02-19 06:00:00+05:30,107.0,6,19,2,428.0
2026-02-19 07:00:00+05:30,97.0,7,19,2,388.0
2026-02-19 08:00:00+05:30,145.0,8,19,2,500.0
2026-02-19 09:00:00+05:30,180.0,9,19,2,500.0
2026-02-19 10:00:00+05:30,105.0,10,19,2,420.0
2026-02-19 11:00:00+05:30,54.0,11,19,2,216.0
2026-02-19 12:00:00+05:30,43.0,12,19,2,172.0
2026-02-19 13:00:00+05:30,45.0,13,19,2,180.0
2026-02-19 14:00:00+05:30,79.0,14,19,2,316.0
2026-02-19 15:00:00+05:30,85.0,15,19,2,340.0
2026-02-19 16:00:00+05:30,103.0,16,19,2,412.0
2026-02-19 17:00:00+05:30,88.0,17,19,2,352.0
2026-02-19 18:00:00+05:30,73.0,18,19,2,292.0
2026-02-19 19:00:00+05:30,78.0,19,19,2,312.0
2026-02-19 20:00:00+05:30,72.0,20,19,2,288.0
2026-02-19 21:00:00+05:30,90.0,21,19,2,360.0
2026-02-19 22:00:00+05:30,105.0,22,19,2,420.0
2026-02-19 23:00:00+05:30,100.0,23,19,2,400.0
2026-02-20 00:00:00+05:30,113.0,0,20,2,452.0
2026-02-20 01:00:00+05:30,109.0,1,20,2,436.0
2026-02-20 02:00:00+05:30,109.0,2,20,2,436.0
2026-02-20 03:00:00+05:30,103.0,3,20,2,412.0
2026-02-20 04:00:00+05:30,87.0,4,20,2,348.0
2026-02-20 05:00:00+05:30,91.0,5,20,2,364.0
2026-02-20 06:00:00+05:30,101.0,6,20,2,404.0
2026-02-20 07:00:00+05:30,109.0,7,20,2,436.0
2026-02-20 08:00:00+05:30,141.0,8,20,2,500.0
2026-02-20 09:00:00+05:30,152.0,9,20,2,500.0
2026-02-20 10:00:00+05:30,154.0,10,20,2,500.0
2026-02-20 11:00:00+05:30,102.0,11,20,2,408.0
2026-02-20 12:00:00+05:30,90.0,12,20,2,360.0
2026-02-20 13:00:00+05:30,64.0,13,20,2,256.0
2026-02-20 14:00:00+05:30,72.0,14,20,2,288.0
2026-02-20 15:00:00+05:30,83.0,15,20,2,332.0
2026-02-20 16:00:00+05:30,58.0,16,20,2,232.0
2026-02-20 17:00:00+05:30,51.0,17,20,2,204.0
2026-02-20 18:00:00+05:30,53.0,18,20,2,212.0
2026-02-20 19:00:00+05:30,49.0,19,20,2,196.0
2026-02-20 20:00:00+05:30,64.0,20,20,2,256.0
2026-02-20 21:00:00+05:30,76.0,21,20,2,304.0
2026-02-20 22:00:00+05:30,98.0,22,20,2,392.0
2026-02-20 23:00:00+05:30,111.0,23,20,2,444.0
2026-02-21 00:00:00+05:30,124.0,0,21,2,496.0
2026-02-21 01:00:00+05:30,131.0,1,21,2,500.0
2026-02-21 02:00:00+05:30,126.0,2,21,2,500.0
2026-02-21 03:00:00+05:30,118.0,3,21,2,472.0
2026-02-21 04:00:00+05:30,118.0,4,21,2,472.0
2026-02-21 05:00:00+05:30,108.0,5,21,2,432.0
2026-02-21 06:00:00+05:30,105.0,6,21,2,420.0
2026-02-21 07:00:00+05:30,108.0,7,21,2,432.0
2026-02-21 08:00:00+05:30,110.0,8,21,2,440.0
2026-02-21 09:00:00+05:30,109.0,9,21,2,436.0
2026-02-21 10:00:00+05:30,125.0,10,21,2,500.0
2026-02-21 11:00:00+05:30,128.0,11,21,2,500.0
2026-02-21 12:00:00+05:30,113.0,12,21,2,452.0
2026-02-21 13:00:00+05:30,97.0,13,21,2,388.0
2026-02-21 14:00:00+05:30,87.0,14,21,2,348.0
2026-02-21 15:00:00+05:30,65.0,15,21,2,260.0
2026-02-21 16:00:00+05:30,64.0,16,21,2,256.0
2026-02-21 17:00:00+05:30,77.0,17,21,2,308.0
2026-02-21 18:00:00+05:30,75.0,18,21,2,300.0
2026-02-21 19:00:00+05:30,77.0,19,21,2,308.0
2026-02-21 20:00:00+05:30,88.0,20,21,2,352.0
2026-02-21 21:00:00+05:30,110.0,21,21,2,440.0
2026-02-21 22:00:00+05:30,120.0,22,21,2,480.0
2026-02-21 23:00:00+05:30,150.0,23,21,2,500.0
2026-02-22 00:00:00+05:30,163.0,0,22,2,500.0
2026-02-22 01:00:00+05:30,164.0,1,22,2,500.0
2026-02-22 02:00:00+05:30,161.0,2,22,2,500.0
2026-02-22 03:00:00+05:30,151.0,3,22,2,500.0
2026-02-22 04:00:00+05:30,155.0,4,22,2,500.0
2026-02-22 05:00:00+05:30,153.0,5,22,2,500.0
2026-02-22 06:00:00+05:30,144.0,6,22,2,500.0
2026-02-22 07:00:00+05:30,140.0,7,22,2,500.0
2026-02-22 08:00:00+05:30,125.0,8,22,2,500.0
2026-02-22 09:00:00+05:30,129.0,9,22,2,500.0
2026-02-22 10:00:00+05:30,111.0,10,22,2,444.0
2026-02-22 11:00:00+05:30,79.0,11,22,2,316.0
2026-02-22 12:00:00+05:30,59.0,12,22,2,236.0
2026-02-22 13:00:00+05:30,45.0,13,22,2,180.0
2026-02-22 14:00:00+05:30,31.0,14,22,2,124.0
2026-02-22 15:00:00+05:30,40.0,15,22,2,160.0
2026-02-22 16:00:00+05:30,38.0,16,22,2,152.0
2026-02-22 17:00:00+05:30,48.0,17,22,2,192.0
2026-02-22 18:00:00+05:30,44.0,18,22,2,176.0
2026-02-22 19:00:00+05:30,57.0,19,22,2,228.0
2026-02-22 20:00:00+05:30,73.0,20,22,2,292.0
2026-02-22 21:00:00+05:30,140.0,21,22,2,500.0
2026-02-22 22:00:00+05:30,89.0,22,22,2,356.0
2026-02-22 23:00:00+05:30,117.0,23,22,2,468.0
2026-02-23 00:00:00+05:30,125.0,0,23,2,500.0
2026-02-23 01:00:00+05:30,132.0,1,23,2,500.0
2026-02-23 02:00:00+05:30,111.0,2,23,2,444.0
2026-02-23 03:00:00+05:30,112.0,3,23,2,448.0
2026-02-23 04:00:00+05:30,109.0,4,23,2,436.0
2026-02-23 05:00:00+05:30,111.0,5,23,2,444.0
2026-02-23 06:00:00+05:30,106.0,6,23,2,424.0
2026-02-23 07:00:00+05:30,113.0,7,23,2,452.0
2026-02-23 08:00:00+05:30,123.0,8,23,2,492.0
2026-02-23 09:00:00+05:30,147.0,9,23,2,500.0
2026-02-23 10:00:00+05:30,147.0,10,23,2,500.0
2026-02-23 12:00:00+05:30,56.0,12,23,2,224.0
2026-02-23 13:00:00+05:30,68.0,13,23,2,272.0
2026-02-23 14:00:00+05:30,47.0,14,23,2,188.0
2026-02-23 15:00:00+05:30,55.0,15,23,2,220.0
2026-02-23 16:00:00+05:30,45.0,16,23,2,180.0
2026-02-23 17:00:00+05:30,43.0,17,23,2,172.0
2026-02-23 18:00:00+05:30,30.0,18,23,2,120.0
2026-02-23 19:00:00+05:30,40.0,19,23,2,160.0
2026-02-23 20:00:00+05:30,60.0,20,23,2,240.0
2026-02-23 21:00:00+05:30,107.0,21,23,2,428.0
2026-02-23 22:00:00+05:30,81.0,22,23,2,324.0
2026-02-23 23:00:00+05:30,96.0,23,23,2,384.0
2026-02-24 00:00:00+05:30,113.0,0,24,2,452.0
2026-02-24 01:00:00+05:30,125.0,1,24,2,500.0
2026-02-24 02:00:00+05:30,130.0,2,24,2,500.0
2026-02-24 03:00:00+05:30,143.0,3,24,2,500.0
2026-02-24 04:00:00+05:30,148.0,4,24,2,500.0
2026-02-24 05:00:00+05:30,134.0,5,24,2,500.0
2026-02-24 06:00:00+05:30,124.0,6,24,2,496.0
2026-02-24 07:00:00+05:30,123.0,7,24,2,492.0
2026-02-24 08:00:00+05:30,130.0,8,24,2,500.0
2026-02-24 09:00:00+05:30,209.0,9,24,2,500.0
2026-02-24 10:00:00+05:30,143.0,10,24,2,500.0
2026-02-24 11:00:00+05:30,103.0,11,24,2,412.0
2026-02-24 12:00:00+05:30,91.0,12,24,2,364.0
2026-02-24 13:00:00+05:30,75.0,13,24,2,300.0
2026-02-24 14:00:00+05:30,78.0,14,24,2,312.0
2026-02-24 15:00:00+05:30,67.0,15,24,2,268.0
2026-02-24 16:00:00+05:30,54.0,16,24,2,216.0
2026-02-24 17:00:00+05:30,43.0,17,24,2,172.0
2026-02-24 18:00:00+05:30,45.0,18,24,2,180.0
2026-02-24 19:00:00+05:30,67.0,19,24,2,268.0
2026-02-24 20:00:00+05:30,66.0,20,24,2,264.0
2026-02-24 21:00:00+05:30,93.0,21,24,2,372.0
2026-02-24 22:00:00+05:30,138.0,22,24,2,500.0
2026-02-24 23:00:00+05:30,142.0,23,24,2,500.0
2026-02-25 00:00:00+05:30,121.0,0,25,2,484.0
2026-02-25 01:00:00+05:30,120.0,1,25,2,480.0
2026-02-25 02:00:00+05:30,119.0,2,25,2,476.0
2026-02-25 03:00:00+05:30,124.0,3,25,2,496.0
2026-02-25 04:00:00+05:30,129.0,4,25,2,500.0
2026-02-25 05:00:00+05:30,142.0,5,25,2,500.0
2026-02-25 06:00:00+05:30,129.0,6,25,2,500.0
2026-02-25 07:00:00+05:30,139.0,7,25,2,500.0
2026-02-25 08:00:00+05:30,134.0,8,25,2,500.0
2026-02-25 09:00:00+05:30,121.0,9,25,2,484.0
2026-02-25 10:00:00+05:30,108.0,10,25,2,432.0
2026-02-25 11:00:00+05:30,81.0,11,25,2,324.0
2026-02-25 12:00:00+05:30,57.0,12,25,2,228.0
2026-02-25 13:00:00+05:30,48.0,13,25,2,192.0
2026-02-25 14:00:00+05:30,42.0,14,25,2,168.0
2026-02-25 15:00:00+05:30,31.0,15,25,2,124.0
2026-02-25 16:00:00+05:30,29.0,16,25,2,116.0
2026-02-25 17:00:00+05:30,31.0,17,25,2,124.0
2026-02-25 18:00:00+05:30,34.0,18,25,2,136.0
2026-02-25 19:00:00+05:30,55.0,19,25,2,220.0
2026-02-25 20:00:00+05:30,67.0,20,25,2,268.0
2026-02-25 21:00:00+05:30,85.0,21,25,2,340.0
2026-02-25 22:00:00+05:30,116.0,22,25,2,464.0
2026-02-25 23:00:00+05:30,110.0,23,25,2,440.0
2026-02-26 00:00:00+05:30,110.0,0,26,2,440.0
2026-02-26 01:00:00+05:30,103.0,1,26,2,412.0
2026-02-26 02:00:00+05:30,100.0,2,26,2,400.0
2026-02-26 03:00:00+05:30,100.0,3,26,2,400.0
2026-02-26 04:00:00+05:30,99.0,4,26,2,396.0
2026-02-26 05:00:00+05:30,100.0,5,26,2,400.0
2026-02-26 06:00:00+05:30,98.0,6,26,2,392.0
2026-02-26 07:00:00+05:30,98.0,7,26,2,392.0
2026-02-26 08:00:00+05:30,87.0,8,26,2,348.0
2026-02-26 09:00:00+05:30,82.0,9,26,2,328.0
2026-02-26 10:00:00+05:30,80.0,10,26,2,320.0
2026-02-26 11:00:00+05:30,78.0,11,26,2,312.0
2026-02-26 12:00:00+05:30,68.0,12,26,2,272.0
2026-02-26 13:00:00+05:30,49.0,13,26,2,196.0
2026-02-26 14:00:00+05:30,40.0,14,26,2,160.0
2026-02-26 15:00:00+05:30,29.0,15,26,2,116.0
2026-02-26 16:00:00+05:30,26.0,16,26,2,104.0
2026-02-26 17:00:00+05:30,26.0,17,26,2,104.0
2026-02-26 18:00:00+05:30,33.0,18,26,2,132.0
2026-02-26 19:00:00+05:30,44.0,19,26,2,176.0
2026-02-26 20:00:00+05:30,85.0,20,26,2,340.0
2026-02-26 21:00:00+05:30,94.0,21,26,2,376.0
2026-02-26 22:00:00+05:30,100.0,22,26,2,400.0
2026-02-26 23:00:00+05:30,103.0,23,26,2,412.0
2026-02-27 00:00:00+05:30,103.0,0,27,2,412.0
2026-02-27 01:00:00+05:30,101.0,1,27,2,404.0
2026-02-27 02:00:00+05:30,87.0,2,27,2,348.0
2026-02-27 03:00:00+05:30,83.0,3,27,2,332.0
2026-02-27 04:00:00+05:30,107.0,4,27,2,428.0
2026-02-27 05:00:00+05:30,77.0,5,27,2,308.0
2026-02-27 06:00:00+05:30,89.0,6,27,2,356.0
2026-02-27 07:00:00+05:30,82.0,7,27,2,328.0
2026-02-27 08:00:00+05:30,91.0,8,27,2,364.0
2026-02-27 09:00:00+05:30,105.0,9,27,2,420.0
2026-02-27 10:00:00+05:30,82.0,10,27,2,328.0
2026-02-27 11:00:00+05:30,81.0,11,27,2,324.0
2026-02-27 12:00:00+05:30,48.0,12,27,2,192.0
2026-02-27 13:00:00+05:30,32.0,13,27,2,128.0
2026-02-27 14:00:00+05:30,32.0,14,27,2,128.0
2026-02-27 15:00:00+05:30,28.0,15,27,2,112.0
2026-02-27 16:00:00+05:30,35.0,16,27,2,140.0
2026-02-27 17:00:00+05:30,35.0,17,27,2,140.0
2026-02-27 18:00:00+05:30,33.0,18,27,2,132.0
2026-02-27 19:00:00+05:30,44.0,19,27,2,176.0
2026-02-27 20:00:00+05:30,56.0,20,27,2,224.0
2026-02-27 21:00:00+05:30,90.0,21,27,2,360.0
2026-02-27 22:00:00+05:30,83.0,22,27,2,332.0
2026-02-27 23:00:00+05:30,87.0,23,27,2,348.0
2026-02-28 00:00:00+05:30,86.0,0,28,2,344.0
2026-02-28 01:00:00+05:30,90.0,1,28,2,360.0
2026-02-28 02:00:00+05:30,103.0,2,28,2,412.0
2026-02-28 03:00:00+05:30,130.0,3,28,2,500.0
2026-02-28 04:00:00+05:30,130.0,4,28,2,500.0
2026-02-28 05:00:00+05:30,144.0,5,28,2,500.0
2026-02-28 06:00:00+05:30,137.0,6,28,2,500.0
2026-02-28 07:00:00+05:30,136.0,7,28,2,500.0
2026-02-28 08:00:00+05:30,133.0,8,28,2,500.0
2026-02-28 09:00:00+05:30,134.0,9,28,2,500.0
2026-02-28 10:00:00+05:30,85.0,10,28,2,340.0
2026-02-28 11:00:00+05:30,42.0,11,28,2,168.0
2026-02-28 12:00:00+05:30,36.0,12,28,2,144.0
2026-02-28 13:00:00+05:30,51.0,13,28,2,204.0
2026-02-28 14:00:00+05:30,48.0,14,28,2,192.0
2026-02-28 15:00:00+05:30,46.0,15,28,2,184.0
2026-02-28 16:00:00+05:30,43.0,16,28,2,172.0
2026-02-28 17:00:00+05:30,44.0,17,28,2,176.0
2026-02-28 18:00:00+05:30,48.0,18,28,2,192.0
2026-02-28 19:00:00+05:30,49.0,19,28,2,196.0
2026-02-28 20:00:00+05:30,53.0,20,28,2,212.0
2026-02-28 21:00:00+05:30,67.0,21,28,2,268.0
2026-02-28 22:00:00+05:30,71.0,22,28,2,284.0
2026-02-28 23:00:00+05:30,83.0,23,28,2,332.0
2026-03-01 00:00:00+05:30,92.0,0,1,3,368.0
2026-03-01 01:00:00+05:30,93.0,1,1,3,372.0
2026-03-01 02:00:00+05:30,91.0,2,1,3,364.0
2026-03-01 03:00:00+05:30,97.0,3,1,3,388.0
2026-03-01 04:00:00+05:30,113.0,4,1,3,452.0
2026-03-01 05:00:00+05:30,96.0,5,1,3,384.0
2026-03-01 06:00:00+05:30,91.0,6,1,3,364.0
2026-03-01 07:00:00+05:30,95.0,7,1,3,380.0
2026-03-01 08:00:00+05:30,100.0,8,1,3,400.0
2026-03-01 09:00:00+05:30,96.0,9,1,3,384.0
2026-03-01 10:00:00+05:30,92.0,10,1,3,368.0
2026-03-01 11:00:00+05:30,85.0,11,1,3,340.0
2026-03-01 12:00:00+05:30,68.0,12,1,3,272.0
2026-03-01 13:00:00+05:30,60.0,13,1,3,240.0
2026-03-01 14:00:00+05:30,59.0,14,1,3,236.0
2026-03-01 15:00:00+05:30,53.0,15,1,3,212.0
2026-03-01 16:00:00+05:30,43.0,16,1,3,172.0
2026-03-01 17:00:00+05:30,45.0,17,1,3,180.0
2026-03-01 18:00:00+05:30,52.0,18,1,3,208.0
2026-03-01 19:00:00+05:30,55.0,19,1,3,220.0
2026-03-01 20:00:00+05:30,74.0,20,1,3,296.0
2026-03-01 21:00:00+05:30,74.0,21,1,3,296.0
2026-03-01 22:00:00+05:30,86.0,22,1,3,344.0
2026-03-01 23:00:00+05:30,90.0,23,1,3,360.0
2026-03-02 00:00:00+05:30,82.0,0,2,3,328.0
2026-03-02 01:00:00+05:30,80.0,1,2,3,320.0
2026-03-02 02:00:00+05:30,77.0,2,2,3,308.0
2026-03-02 03:00:00+05:30,88.0,3,2,3,352.0
2026-03-02 04:00:00+05:30,102.0,4,2,3,408.0
2026-03-02 05:00:00+05:30,90.0,5,2,3,360.0
2026-03-02 06:00:00+05:30,81.0,6,2,3,324.0
2026-03-02 07:00:00+05:30,88.0,7,2,3,352.0
2026-03-02 08:00:00+05:30,90.0,8,2,3,360.0
2026-03-02 09:00:00+05:30,95.0,9,2,3,380.0
2026-03-02 10:00:00+05:30,106.0,10,2,3,424.0
2026-03-02 11:00:00+05:30,106.0,11,2,3,424.0
2026-03-02 12:00:00+05:30,101.0,12,2,3,404.0
2026-03-02 13:00:00+05:30,89.0,13,2,3,356.0
2026-03-02 14:00:00+05:30,78.0,14,2,3,312.0
2026-03-02 15:00:00+05:30,62.0,15,2,3,248.0
2026-03-02 16:00:00+05:30,57.0,16,2,3,228.0
2026-03-02 17:00:00+05:30,65.0,17,2,3,260.0
2026-03-02 18:00:00+05:30,69.0,18,2,3,276.0
2026-03-02 19:00:00+05:30,77.0,19,2,3,308.0
2026-03-02 20:00:00+05:30,89.0,20,2,3,356.0
2026-03-02 21:00:00+05:30,119.0,21,2,3,476.0
2026-03-02 22:00:00+05:30,145.0,22,2,3,500.0
2026-03-02 23:00:00+05:30,119.0,23,2,3,476.0
2026-03-03 00:00:00+05:30,115.0,0,3,3,460.0
2026-03-03 01:00:00+05:30,105.0,1,3,3,420.0
2026-03-03 02:00:00+05:30,101.0,2,3,3,404.0
2026-03-03 03:00:00+05:30,107.0,3,3,3,428.0
2026-03-03 04:00:00+05:30,118.0,4,3,3,472.0
2026-03-03 05:00:00+05:30,124.0,5,3,3,496.0
2026-03-03 06:00:00+05:30,120.0,6,3,3,480.0
2026-03-03 07:00:00+05:30,106.0,7,3,3,424.0
2026-03-03 08:00:00+05:30,117.0,8,3,3,468.0
2026-03-03 09:00:00+05:30,108.0,9,3,3,432.0
2026-03-03 10:00:00+05:30,88.0,10,3,3,352.0
2026-03-03 11:00:00+05:30,84.0,11,3,3,336.0
2026-03-03 12:00:00+05:30,72.0,12,3,3,288.0
2026-03-03 13:00:00+05:30,68.0,13,3,3,272.0
2026-03-03 14:00:00+05:30,57.0,14,3,3,228.0
2026-03-03 15:00:00+05:30,64.0,15,3,3,256.0
2026-03-03 16:00:00+05:30,40.0,16,3,3,160.0
2026-03-03 17:00:00+05:30,32.0,17,3,3,128.0
2026-03-03 18:00:00+05:30,44.0,18,3,3,176.0
2026-03-03 19:00:00+05:30,50.0,19,3,3,200.0
2026-03-03 20:00:00+05:30,63.0,20,3,3,252.0
2026-03-03 21:00:00+05:30,96.0,21,3,3,384.0
2026-03-03 22:00:00+05:30,77.0,22,3,3,308.0
2026-03-03 23:00:00+05:30,77.0,23,3,3,308.0
2026-03-04 00:00:00+05:30,80.0,0,4,3,320.0
2026-03-04 01:00:00+05:30,93.0,1,4,3,372.0
2026-03-04 02:00:00+05:30,92.0,2,4,3,368.0
2026-03-04 03:00:00+05:30,89.0,3,4,3,356.0
2026-03-04 04:00:00+05:30,78.0,4,4,3,312.0
2026-03-04 05:00:00+05:30,75.0,5,4,3,300.0
2026-03-04 06:00:00+05:30,86.0,6,4,3,344.0
2026-03-04 07:00:00+05:30,81.0,7,4,3,324.0
2026-03-04 08:00:00+05:30,77.0,8,4,3,308.0
2026-03-04 09:00:00+05:30,90.0,9,4,3,360.0
2026-03-04 10:00:00+05:30,80.0,10,4,3,320.0
2026-03-04 11:00:00+05:30,67.0,11,4,3,268.0
2026-03-04 12:00:00+05:30,63.0,12,4,3,252.0
2026-03-04 13:00:00+05:30,65.0,13,4,3,260.0
2026-03-04 14:00:00+05:30,46.0,14,4,3,184.0
2026-03-04 15:00:00+05:30,54.0,15,4,3,216.0
2026-03-04 16:00:00+05:30,44.0,16,4,3,176.0
2026-03-04 17:00:00+05:30,43.0,17,4,3,172.0
2026-03-04 18:00:00+05:30,40.0,18,4,3,160.0
2026-03-04 19:00:00+05:30,49.0,19,4,3,196.0
2026-03-04 20:00:00+05:30,59.0,20,4,3,236.0
2026-03-04 21:00:00+05:30,70.0,21,4,3,280.0
2026-03-04 22:00:00+05:30,60.0,22,4,3,240.0
2026-03-04 23:00:00+05:30,58.0,23,4,3,232.0
2026-03-05 00:00:00+05:30,51.0,0,5,3,204.0
2026-03-05 01:00:00+05:30,44.0,1,5,3,176.0
2026-03-05 02:00:00+05:30,60.0,2,5,3,240.0
2026-03-05 03:00:00+05:30,78.0,3,5,3,312.0
2026-03-05 04:00:00+05:30,64.0,4,5,3,256.0
2026-03-05 05:00:00+05:30,73.0,5,5,3,292.0
2026-03-05 06:00:00+05:30,81.0,6,5,3,324.0
2026-03-05 07:00:00+05:30,76.0,7,5,3,304.0
2026-03-05 08:00:00+05:30,81.0,8,5,3,324.0
2026-03-05 09:00:00+05:30,76.0,9,5,3,304.0
2026-03-05 10:00:00+05:30,72.0,10,5,3,288.0
2026-03-05 11:00:00+05:30,69.0,11,5,3,276.0
2026-03-05 12:00:00+05:30,61.0,12,5,3,244.0
2026-03-05 13:00:00+05:30,56.0,13,5,3,224.0
2026-03-05 14:00:00+05:30,42.0,14,5,3,168.0
2026-03-05 15:00:00+05:30,43.0,15,5,3,172.0
2026-03-05 16:00:00+05:30,48.0,16,5,3,192.0
2026-03-05 17:00:00+05:30,51.0,17,5,3,204.0
2026-03-05 18:00:00+05:30,48.0,18,5,3,192.0
2026-03-05 19:00:00+05:30,51.0,19,5,3,204.0
2026-03-05 20:00:00+05:30,69.0,20,5,3,276.0
2026-03-05 21:00:00+05:30,74.0,21,5,3,296.0
2026-03-05 22:00:00+05:30,71.0,22,5,3,284.0
2026-03-05 23:00:00+05:30,67.0,23,5,3,268.0
2026-03-06 00:00:00+05:30,59.0,0,6,3,236.0
2026-03-06 01:00:00+05:30,65.0,1,6,3,260.0
2026-03-06 02:00:00+05:30,60.0,2,6,3,240.0
2026-03-06 03:00:00+05:30,75.0,3,6,3,300.0
2026-03-06 04:00:00+05:30,61.0,4,6,3,244.0
2026-03-06 05:00:00+05:30,77.0,5,6,3,308.0
2026-03-06 06:00:00+05:30,86.0,6,6,3,344.0
2026-03-06 07:00:00+05:30,82.0,7,6,3,328.0
2026-03-06 08:00:00+05:30,90.0,8,6,3,360.0
2026-03-06 09:00:00+05:30,91.0,9,6,3,364.0
2026-03-06 10:00:00+05:30,84.0,10,6,3,336.0
2026-03-06 11:00:00+05:30,74.0,11,6,3,296.0
2026-03-06 12:00:00+05:30,87.0,12,6,3,348.0
2026-03-06 13:00:00+05:30,104.0,13,6,3,416.0
2026-03-06 14:00:00+05:30,89.0,14,6,3,356.0
2026-03-06 15:00:00+05:30,64.0,15,6,3,256.0
2026-03-06 16:00:00+05:30,52.0,16,6,3,208.0
2026-03-06 17:00:00+05:30,50.0,17,6,3,200.0
2026-03-06 18:00:00+05:30,44.0,18,6,3,176.0
2026-03-06 19:00:00+05:30,48.0,19,6,3,192.0
2026-03-06 20:00:00+05:30,68.0,20,6,3,272.0
2026-03-06 21:00:00+05:30,74.0,21,6,3,296.0
2026-03-06 22:00:00+05:30,96.0,22,6,3,384.0
2026-03-06 23:00:00+05:30,110.0,23,6,3,440.0
2026-03-07 00:00:00+05:30,107.0,0,7,3,428.0
2026-03-07 01:00:00+05:30,107.0,1,7,3,428.0
2026-03-07 02:00:00+05:30,110.0,2,7,3,440.0
2026-03-07 03:00:00+05:30,117.0,3,7,3,468.0
2026-03-07 04:00:00+05:30,123.0,4,7,3,492.0
2026-03-07 05:00:00+05:30,125.0,5,7,3,500.0
2026-03-07 06:00:00+05:30,137.0,6,7,3,500.0
2026-03-07 07:00:00+05:30,135.0,7,7,3,500.0
2026-03-07 08:00:00+05:30,145.0,8,7,3,500.0
2026-03-07 09:00:00+05:30,165.0,9,7,3,500.0
2026-03-07 10:00:00+05:30,175.0,10,7,3,500.0
2026-03-07 11:00:00+05:30,132.0,11,7,3,500.0
2026-03-07 12:00:00+05:30,98.0,12,7,3,392.0
2026-03-07 13:00:00+05:30,70.0,13,7,3,280.0
2026-03-07 14:00:00+05:30,63.0,14,7,3,252.0
2026-03-07 15:00:00+05:30,42.0,15,7,3,168.0
2026-03-07 16:00:00+05:30,38.0,16,7,3,152.0
2026-03-07 17:00:00+05:30,31.0,17,7,3,124.0
2026-03-07 18:00:00+05:30,54.0,18,7,3,216.0
2026-03-07 19:00:00+05:30,48.0,19,7,3,192.0
2026-03-07 20:00:00+05:30,57.0,20,7,3,228.0
2026-03-07 21:00:00+05:30,71.0,21,7,3,284.0
2026-03-07 22:00:00+05:30,87.0,22,7,3,348.0
2026-03-07 23:00:00+05:30,93.0,23,7,3,372.0
2026-03-08 00:00:00+05:30,115.0,0,8,3,460.0
2026-03-08 01:00:00+05:30,129.0,1,8,3,500.0
2026-03-08 02:00:00+05:30,119.0,2,8,3,476.0
2026-03-08 03:00:00+05:30,106.0,3,8,3,424.0
2026-03-08 04:00:00+05:30,117.0,4,8,3,468.0
2026-03-08 05:00:00+05:30,206.0,5,8,3,500.0
2026-03-08 06:00:00+05:30,157.0,6,8,3,500.0
2026-03-08 07:00:00+05:30,140.0,7,8,3,500.0
2026-03-08 08:00:00+05:30,136.0,8,8,3,500.0
2026-03-08 09:00:00+05:30,150.0,9,8,3,500.0
2026-03-08 10:00:00+05:30,143.0,10,8,3,500.0
2026-03-08 11:00:00+05:30,103.0,11,8,3,412.0
2026-03-08 12:00:00+05:30,103.0,12,8,3,412.0
2026-03-08 13:00:00+05:30,59.0,13,8,3,236.0
2026-03-08 14:00:00+05:30,50.0,14,8,3,200.0
2026-03-08 15:00:00+05:30,58.0,15,8,3,232.0
2026-03-08 16:00:00+05:30,33.0,16,8,3,132.0
2026-03-08 17:00:00+05:30,41.0,17,8,3,164.0
2026-03-08 18:00:00+05:30,37.0,18,8,3,148.0
2026-03-08 19:00:00+05:30,51.0,19,8,3,204.0
2026-03-08 20:00:00+05:30,52.0,20,8,3,208.0
2026-03-08 21:00:00+05:30,70.0,21,8,3,280.0
2026-03-08 22:00:00+05:30,76.0,22,8,3,304.0
2026-03-08 23:00:00+05:30,91.0,23,8,3,364.0
2026-03-09 00:00:00+05:30,97.0,0,9,3,388.0
2026-03-09 01:00:00+05:30,100.0,1,9,3,400.0
2026-03-09 02:00:00+05:30,110.0,2,9,3,440.0
2026-03-09 03:00:00+05:30,121.0,3,9,3,484.0
2026-03-09 04:00:00+05:30,123.0,4,9,3,492.0
2026-03-09 05:00:00+05:30,115.0,5,9,3,460.0
2026-03-09 06:00:00+05:30,132.0,6,9,3,500.0
2026-03-09 07:00:00+05:30,138.0,7,9,3,500.0
2026-03-09 08:00:00+05:30,144.0,8,9,3,500.0
2026-03-09 09:00:00+05:30,152.0,9,9,3,500.0
2026-03-09 10:00:00+05:30,132.0,10,9,3,500.0
2026-03-09 11:00:00+05:30,111.0,11,9,3,444.0
2026-03-09 12:00:00+05:30,116.0,12,9,3,464.0
2026-03-09 13:00:00+05:30,98.0,13,9,3,392.0
2026-03-09 14:00:00+05:30,69.0,14,9,3,276.0
2026-03-09 15:00:00+05:30,73.0,15,9,3,292.0
2026-03-09 16:00:00+05:30,59.0,16,9,3,236.0
2026-03-09 17:00:00+05:30,50.0,17,9,3,200.0
2026-03-09 18:00:00+05:30,52.0,18,9,3,208.0
2026-03-09 19:00:00+05:30,70.0,19,9,3,280.0
2026-03-09 20:00:00+05:30,79.0,20,9,3,316.0
2026-03-09 21:00:00+05:30,81.0,21,9,3,324.0
2026-03-09 22:00:00+05:30,91.0,22,9,3,364.0
2026-03-09 23:00:00+05:30,98.0,23,9,3,392.0
2026-03-10 00:00:00+05:30,111.0,0,10,3,444.0
2026-03-10 01:00:00+05:30,113.0,1,10,3,452.0
2026-03-10 02:00:00+05:30,107.0,2,10,3,428.0
2026-03-10 03:00:00+05:30,106.0,3,10,3,424.0
2026-03-10 04:00:00+05:30,108.0,4,10,3,432.0
2026-03-10 05:00:00+05:30,107.0,5,10,3,428.0
2026-03-10 06:00:00+05:30,110.0,6,10,3,440.0
2026-03-10 07:00:00+05:30,118.0,7,10,3,472.0
2026-03-10 08:00:00+05:30,139.0,8,10,3,500.0
2026-03-10 09:00:00+05:30,187.0,9,10,3,500.0
2026-03-10 10:00:00+05:30,187.0,10,10,3,500.0
2026-03-10 11:00:00+05:30,148.0,11,10,3,500.0
2026-03-10 12:00:00+05:30,122.0,12,10,3,488.0
2026-03-10 13:00:00+05:30,99.0,13,10,3,396.0
2026-03-10 14:00:00+05:30,85.0,14,10,3,340.0
2026-03-10 15:00:00+05:30,65.0,15,10,3,260.0
2026-03-10 16:00:00+05:30,46.0,16,10,3,184.0
2026-03-10 17:00:00+05:30,52.0,17,10,3,208.0
2026-03-10 18:00:00+05:30,51.0,18,10,3,204.0
2026-03-10 19:00:00+05:30,49.0,19,10,3,196.0
2026-03-10 20:00:00+05:30,61.0,20,10,3,244.0
2026-03-10 21:00:00+05:30,79.0,21,10,3,316.0
2026-03-10 22:00:00+05:30,80.0,22,10,3,320.0
2026-03-10 23:00:00+05:30,92.0,23,10,3,368.0
2026-03-11 00:00:00+05:30,100.0,0,11,3,400.0
2026-03-11 01:00:00+05:30,107.0,1,11,3,428.0
2026-03-11 02:00:00+05:30,104.0,2,11,3,416.0
2026-03-11 03:00:00+05:30,97.0,3,11,3,388.0
2026-03-11 04:00:00+05:30,101.0,4,11,3,404.0
2026-03-11 05:00:00+05:30,98.0,5,11,3,392.0
2026-03-11 06:00:00+05:30,103.0,6,11,3,412.0
2026-03-11 07:00:00+05:30,103.0,7,11,3,412.0
2026-03-11 09:00:00+05:30,153.0,9,11,3,500.0
2026-03-11 10:00:00+05:30,153.0,10,11,3,500.0
2026-03-11 11:00:00+05:30,130.0,11,11,3,500.0
2026-03-11 12:00:00+05:30,102.0,12,11,3,408.0
2026-03-11 13:00:00+05:30,41.0,13,11,3,164.0
2026-03-11 14:00:00+05:30,42.0,14,11,3,168.0
2026-03-11 15:00:00+05:30,42.0,15,11,3,168.0
2026-03-11 16:00:00+05:30,39.0,16,11,3,156.0
2026-03-11 17:00:00+05:30,42.0,17,11,3,168.0
2026-03-11 18:00:00+05:30,34.0,18,11,3,136.0
2026-03-11 19:00:00+05:30,44.0,19,11,3,176.0
2026-03-11 20:00:00+05:30,57.0,20,11,3,228.0
2026-03-11 21:00:00+05:30,79.0,21,11,3,316.0
2026-03-11 22:00:00+05:30,99.0,22,11,3,396.0
2026-03-11 23:00:00+05:30,106.0,23,11,3,424.0
2026-03-12 00:00:00+05:30,113.0,0,12,3,452.0
2026-03-12 01:00:00+05:30,109.0,1,12,3,436.0
2026-03-12 02:00:00+05:30,99.0,2,12,3,396.0
2026-03-12 03:00:00+05:30,118.0,3,12,3,472.0
2026-03-12 04:00:00+05:30,118.0,4,12,3,472.0
2026-03-12 06:00:00+05:30,88.0,6,12,3,352.0
2026-03-12 07:00:00+05:30,83.0,7,12,3,332.0
2026-03-12 08:00:00+05:30,81.0,8,12,3,324.0
2026-03-12 09:00:00+05:30,112.0,9,12,3,448.0
2026-03-12 10:00:00+05:30,97.0,10,12,3,388.0
2026-03-12 11:00:00+05:30,63.0,11,12,3,252.0
2026-03-12 12:00:00+05:30,63.0,12,12,3,252.0
2026-03-12 14:00:00+05:30,27.0,14,12,3,108.0
2026-03-12 15:00:00+05:30,28.0,15,12,3,112.0
2026-03-12 16:00:00+05:30,35.0,16,12,3,140.0
2026-03-12 17:00:00+05:30,38.0,17,12,3,152.0
2026-03-12 18:00:00+05:30,46.0,18,12,3,184.0
2026-03-12 19:00:00+05:30,62.0,19,12,3,248.0
2026-03-12 20:00:00+05:30,84.0,20,12,3,336.0
2026-03-12 21:00:00+05:30,79.0,21,12,3,316.0
2026-03-12 22:00:00+05:30,85.0,22,12,3,340.0
2026-03-12 23:00:00+05:30,87.0,23,12,3,348.0
2026-03-13 00:00:00+05:30,103.0,0,13,3,412.0
2026-03-13 01:00:00+05:30,113.0,1,13,3,452.0
2026-03-13 02:00:00+05:30,110.0,2,13,3,440.0
2026-03-13 03:00:00+05:30,90.0,3,13,3,360.0
2026-03-13 04:00:00+05:30,82.0,4,13,3,328.0
2026-03-13 05:00:00+05:30,87.0,5,13,3,348.0
2026-03-13 06:00:00+05:30,99.0,6,13,3,396.0
2026-03-13 07:00:00+05:30,131.0,7,13,3,500.0
2026-03-13 08:00:00+05:30,165.0,8,13,3,500.0
2026-03-13 09:00:00+05:30,163.0,9,13,3,500.0
2026-03-13 10:00:00+05:30,90.0,10,13,3,360.0
2026-03-13 11:00:00+05:30,64.0,11,13,3,256.0
2026-03-13 12:00:00+05:30,33.0,12,13,3,132.0
2026-03-13 13:00:00+05:30,29.0,13,13,3,116.0
2026-03-13 14:00:00+05:30,26.0,14,13,3,104.0
2026-03-13 15:00:00+05:30,32.0,15,13,3,128.0
2026-03-13 16:00:00+05:30,25.0,16,13,3,100.0
2026-03-13 17:00:00+05:30,31.0,17,13,3,124.0
2026-03-13 18:00:00+05:30,34.0,18,13,3,136.0
2026-03-13 19:00:00+05:30,29.0,19,13,3,116.0
2026-03-13 20:00:00+05:30,44.0,20,13,3,176.0
2026-03-13 21:00:00+05:30,46.0,21,13,3,184.0
2026-03-13 22:00:00+05:30,43.0,22,13,3,172.0
2026-03-13 23:00:00+05:30,48.0,23,13,3,192.0
2026-03-14 00:00:00+05:30,46.0,0,14,3,184.0
2026-03-14 01:00:00+05:30,50.0,1,14,3,200.0
2026-03-14 02:00:00+05:30,51.0,2,14,3,204.0
2026-03-14 03:00:00+05:30,69.0,3,14,3,276.0
2026-03-14 04:00:00+05:30,79.0,4,14,3,316.0
2026-03-14 05:00:00+05:30,78.0,5,14,3,312.0
2026-03-14 06:00:00+05:30,103.0,6,14,3,412.0
2026-03-14 07:00:00+05:30,169.0,7,14,3,500.0
2026-03-14 08:00:00+05:30,97.0,8,14,3,388.0
2026-03-14 09:00:00+05:30,91.0,9,14,3,364.0
2026-03-14 10:00:00+05:30,80.0,10,14,3,320.0
2026-03-14 11:00:00+05:30,61.0,11,14,3,244.0
2026-03-14 12:00:00+05:30,54.0,12,14,3,216.0
2026-03-14 13:00:00+05:30,43.0,13,14,3,172.0
2026-03-14 14:00:00+05:30,46.0,14,14,3,184.0
2026-03-14 15:00:00+05:30,34.0,15,14,3,136.0
2026-03-14 16:00:00+05:30,30.0,16,14,3,120.0
2026-03-14 17:00:00+05:30,26.0,17,14,3,104.0
2026-03-14 18:00:00+05:30,27.0,18,14,3,108.0
2026-03-14 19:00:00+05:30,35.0,19,14,3,140.0
2026-03-14 20:00:00+05:30,59.0,20,14,3,236.0
2026-03-14 21:00:00+05:30,73.0,21,14,3,292.0
2026-03-14 22:00:00+05:30,81.0,22,14,3,324.0
2026-03-14 23:00:00+05:30,80.0,23,14,3,320.0
2026-03-15 00:00:00+05:30,84.0,0,15,3,336.0
2026-03-15 01:00:00+05:30,82.0,1,15,3,328.0
2026-03-15 02:00:00+05:30,80.0,2,15,3,320.0
2026-03-15 03:00:00+05:30,97.0,3,15,3,388.0
2026-03-15 04:00:00+05:30,94.0,4,15,3,376.0
2026-03-15 05:00:00+05:30,112.0,5,15,3,448.0
2026-03-15 06:00:00+05:30,95.0,6,15,3,380.0
2026-03-15 07:00:00+05:30,41.0,7,15,3,164.0
2026-03-15 08:00:00+05:30,33.0,8,15,3,132.0
2026-03-15 09:00:00+05:30,36.0,9,15,3,144.0
2026-03-15 10:00:00+05:30,18.0,10,15,3,72.0
2026-03-15 11:00:00+05:30,24.0,11,15,3,96.0
2026-03-15 12:00:00+05:30,28.0,12,15,3,112.0
2026-03-15 13:00:00+05:30,29.0,13,15,3,116.0
2026-03-15 14:00:00+05:30,30.0,14,15,3,120.0
2026-03-15 15:00:00+05:30,25.0,15,15,3,100.0
2026-03-15 16:00:00+05:30,18.0,16,15,3,72.0
2026-03-15 17:00:00+05:30,21.0,17,15,3,84.0
2026-03-15 18:00:00+05:30,24.0,18,15,3,96.0
2026-03-15 19:00:00+05:30,30.0,19,15,3,120.0
2026-03-15 20:00:00+05:30,37.0,20,15,3,148.0
2026-03-15 21:00:00+05:30,33.0,21,15,3,132.0
2026-03-15 22:00:00+05:30,28.0,22,15,3,112.0
2026-03-15 23:00:00+05:30,26.0,23,15,3,104.0
2026-03-16 00:00:00+05:30,28.0,0,16,3,112.0
2026-03-16 01:00:00+05:30,48.0,1,16,3,192.0
2026-03-16 02:00:00+05:30,55.0,2,16,3,220.0
2026-03-16 03:00:00+05:30,72.0,3,16,3,288.0
2026-03-16 04:00:00+05:30,43.0,4,16,3,172.0
2026-03-16 05:00:00+05:30,21.0,5,16,3,84.0
2026-03-16 06:00:00+05:30,19.0,6,16,3,76.0
2026-03-16 07:00:00+05:30,19.0,7,16,3,76.0
2026-03-16 08:00:00+05:30,29.0,8,16,3,116.0
2026-03-16 09:00:00+05:30,37.0,9,16,3,148.0
2026-03-16 10:00:00+05:30,38.0,10,16,3,152.0
2026-03-16 11:00:00+05:30,33.0,11,16,3,132.0
2026-03-16 12:00:00+05:30,34.0,12,16,3,136.0
2026-03-16 13:00:00+05:30,35.0,13,16,3,140.0
2026-03-16 14:00:00+05:30,31.0,14,16,3,124.0
2026-03-16 15:00:00+05:30,34.0,15,16,3,136.0
2026-03-16 16:00:00+05:30,30.0,16,16,3,120.0
2026-03-16 17:00:00+05:30,31.0,17,16,3,124.0
2026-03-16 18:00:00+05:30,31.0,18,16,3,124.0
2026-03-16 19:00:00+05:30,39.0,19,16,3,156.0
2026-03-16 20:00:00+05:30,42.0,20,16,3,168.0
2026-03-16 21:00:00+05:30,62.0,21,16,3,248.0
2026-03-16 22:00:00+05:30,80.0,22,16,3,320.0
2026-03-16 23:00:00+05:30,54.0,23,16,3,216.0
2026-03-17 00:00:00+05:30,35.0,0,17,3,140.0
2026-03-17 01:00:00+05:30,36.0,1,17,3,144.0
2026-03-17 02:00:00+05:30,47.0,2,17,3,188.0
2026-03-17 03:00:00+05:30,44.0,3,17,3,176.0
2026-03-17 04:00:00+05:30,48.0,4,17,3,192.0
2026-03-17 05:00:00+05:30,47.0,5,17,3,188.0
2026-03-17 06:00:00+05:30,48.0,6,17,3,192.0
2026-03-17 07:00:00+05:30,58.0,7,17,3,232.0
2026-03-17 08:00:00+05:30,74.0,8,17,3,296.0
2026-03-17 09:00:00+05:30,103.0,9,17,3,412.0
2026-03-17 10:00:00+05:30,101.0,10,17,3,404.0
2026-03-17 11:00:00+05:30,76.0,11,17,3,304.0
2026-03-17 12:00:00+05:30,137.0,12,17,3,500.0
2026-03-17 13:00:00+05:30,123.0,13,17,3,492.0
2026-03-17 14:00:00+05:30,101.0,14,17,3,404.0
2026-03-17 15:00:00+05:30,90.0,15,17,3,360.0
2026-03-17 16:00:00+05:30,64.0,16,17,3,256.0
2026-03-17 17:00:00+05:30,59.0,17,17,3,236.0
2026-03-17 18:00:00+05:30,51.0,18,17,3,204.0
2026-03-17 19:00:00+05:30,52.0,19,17,3,208.0
2026-03-17 20:00:00+05:30,56.0,20,17,3,224.0
2026-03-17 21:00:00+05:30,65.0,21,17,3,260.0
2026-03-17 22:00:00+05:30,72.0,22,17,3,288.0
2026-03-17 23:00:00+05:30,73.0,23,17,3,292.0
2026-03-18 00:00:00+05:30,83.0,0,18,3,332.0
2026-03-18 01:00:00+05:30,83.0,1,18,3,332.0
2026-03-18 02:00:00+05:30,84.0,2,18,3,336.0
2026-03-18 03:00:00+05:30,91.0,3,18,3,364.0
2026-03-18 04:00:00+05:30,88.0,4,18,3,352.0
2026-03-18 05:00:00+05:30,96.0,5,18,3,384.0
2026-03-18 06:00:00+05:30,101.0,6,18,3,404.0
2026-03-18 07:00:00+05:30,106.0,7,18,3,424.0
2026-03-18 08:00:00+05:30,101.0,8,18,3,404.0
2026-03-18 09:00:00+05:30,103.0,9,18,3,412.0
2026-03-18 10:00:00+05:30,100.0,10,18,3,400.0
2026-03-18 11:00:00+05:30,92.0,11,18,3,368.0
2026-03-18 12:00:00+05:30,86.0,12,18,3,344.0
2026-03-18 13:00:00+05:30,77.0,13,18,3,308.0
2026-03-18 14:00:00+05:30,76.0,14,18,3,304.0
2026-03-18 15:00:00+05:30,85.0,15,18,3,340.0
2026-03-18 16:00:00+05:30,96.0,16,18,3,384.0
2026-03-18 17:00:00+05:30,94.0,17,18,3,376.0
2026-03-18 18:00:00+05:30,78.0,18,18,3,312.0
2026-03-18 19:00:00+05:30,72.0,19,18,3,288.0
2026-03-18 20:00:00+05:30,40.0,20,18,3,160.0
2026-03-18 21:00:00+05:30,41.0,21,18,3,164.0
2026-03-18 22:00:00+05:30,40.0,22,18,3,160.0
2026-03-18 23:00:00+05:30,45.0,23,18,3,180.0
2026-03-19 00:00:00+05:30,45.0,0,19,3,180.0
2026-03-19 01:00:00+05:30,49.0,1,19,3,196.0
2026-03-19 02:00:00+05:30,42.0,2,19,3,168.0
2026-03-19 03:00:00+05:30,47.0,3,19,3,188.0
2026-03-19 04:00:00+05:30,43.0,4,19,3,172.0
2026-03-19 05:00:00+05:30,40.0,5,19,3,160.0
2026-03-19 06:00:00+05:30,41.0,6,19,3,164.0
2026-03-19 07:00:00+05:30,48.0,7,19,3,192.0
2026-03-19 08:00:00+05:30,57.0,8,19,3,228.0
2026-03-19 09:00:00+05:30,53.0,9,19,3,212.0
2026-03-19 10:00:00+05:30,58.0,10,19,3,232.0
2026-03-19 11:00:00+05:30,63.0,11,19,3,252.0
2026-03-19 12:00:00+05:30,58.0,12,19,3,232.0
2026-03-19 13:00:00+05:30,104.0,13,19,3,416.0
2026-03-19 14:00:00+05:30,66.0,14,19,3,264.0
2026-03-19 15:00:00+05:30,49.0,15,19,3,196.0
2026-03-19 16:00:00+05:30,44.0,16,19,3,176.0
2026-03-19 17:00:00+05:30,42.0,17,19,3,168.0
2026-03-19 18:00:00+05:30,47.0,18,19,3,188.0
2026-03-19 19:00:00+05:30,64.0,19,19,3,256.0
2026-03-19 20:00:00+05:30,54.0,20,19,3,216.0
2026-03-19 21:00:00+05:30,44.0,21,19,3,176.0
2026-03-19 22:00:00+05:30,37.0,22,19,3,148.0
2026-03-19 23:00:00+05:30,29.0,23,19,3,116.0
2026-03-20 00:00:00+05:30,29.0,0,20,3,116.0
2026-03-20 01:00:00+05:30,27.0,1,20,3,108.0
2026-03-20 02:00:00+05:30,31.0,2,20,3,124.0
2026-03-20 03:00:00+05:30,29.0,3,20,3,116.0
2026-03-20 04:00:00+05:30,31.0,4,20,3,124.0
2026-03-20 05:00:00+05:30,34.0,5,20,3,136.0
2026-03-20 06:00:00+05:30,109.0,6,20,3,436.0
2026-03-20 07:00:00+05:30,70.0,7,20,3,280.0
2026-03-20 08:00:00+05:30,40.0,8,20,3,160.0
2026-03-20 09:00:00+05:30,45.0,9,20,3,180.0
2026-03-20 10:00:00+05:30,48.0,10,20,3,192.0
2026-03-20 11:00:00+05:30,34.0,11,20,3,136.0
2026-03-20 12:00:00+05:30,34.0,12,20,3,136.0
2026-03-20 13:00:00+05:30,27.0,13,20,3,108.0
2026-03-20 14:00:00+05:30,28.0,14,20,3,112.0
2026-03-20 15:00:00+05:30,26.0,15,20,3,104.0
2026-03-20 16:00:00+05:30,26.0,16,20,3,104.0
2026-03-20 17:00:00+05:30,34.0,17,20,3,136.0
2026-03-20 18:00:00+05:30,32.0,18,20,3,128.0
2026-03-20 19:00:00+05:30,35.0,19,20,3,140.0
2026-03-20 20:00:00+05:30,48.0,20,20,3,192.0
2026-03-20 21:00:00+05:30,55.0,21,20,3,220.0
2026-03-20 22:00:00+05:30,65.0,22,20,3,260.0
2026-03-20 23:00:00+05:30,64.0,23,20,3,256.0
2026-03-21 00:00:00+05:30,55.0,0,21,3,220.0
2026-03-21 01:00:00+05:30,54.0,1,21,3,216.0
2026-03-21 02:00:00+05:30,52.0,2,21,3,208.0
2026-03-21 03:00:00+05:30,55.0,3,21,3,220.0
2026-03-21 04:00:00+05:30,50.0,4,21,3,200.0
2026-03-21 05:00:00+05:30,57.0,5,21,3,228.0
2026-03-21 06:00:00+05:30,60.0,6,21,3,240.0
2026-03-21 07:00:00+05:30,65.0,7,21,3,260.0
2026-03-21 08:00:00+05:30,70.0,8,21,3,280.0
2026-03-21 09:00:00+05:30,84.0,9,21,3,336.0
2026-03-21 10:00:00+05:30,79.0,10,21,3,316.0
2026-03-21 11:00:00+05:30,84.0,11,21,3,336.0
2026-03-21 12:00:00+05:30,62.0,12,21,3,248.0
2026-03-21 13:00:00+05:30,52.0,13,21,3,208.0
2026-03-21 14:00:00+05:30,49.0,14,21,3,196.0
2026-03-21 15:00:00+05:30,31.0,15,21,3,124.0
2026-03-21 16:00:00+05:30,29.0,16,21,3,116.0
2026-03-21 17:00:00+05:30,26.0,17,21,3,104.0
2026-03-21 18:00:00+05:30,19.0,18,21,3,76.0
2026-03-21 19:00:00+05:30,22.0,19,21,3,88.0
2026-03-21 20:00:00+05:30,39.0,20,21,3,156.0
2026-03-21 21:00:00+05:30,46.0,21,21,3,184.0
2026-03-21 22:00:00+05:30,59.0,22,21,3,236.0
2026-03-21 23:00:00+05:30,64.0,23,21,3,256.0
2026-03-22 00:00:00+05:30,62.0,0,22,3,248.0
2026-03-22 01:00:00+05:30,59.0,1,22,3,236.0
2026-03-22 02:00:00+05:30,57.0,2,22,3,228.0
2026-03-22 03:00:00+05:30,56.0,3,22,3,224.0
2026-03-22 04:00:00+05:30,71.0,4,22,3,284.0
2026-03-22 05:00:00+05:30,98.0,5,22,3,392.0
2026-03-22 06:00:00+05:30,109.0,6,22,3,436.0
2026-03-22 07:00:00+05:30,99.0,7,22,3,396.0
2026-03-22 08:00:00+05:30,107.0,8,22,3,428.0
2026-03-22 09:00:00+05:30,117.0,9,22,3,468.0
2026-03-22 10:00:00+05:30,77.0,10,22,3,308.0
2026-03-22 11:00:00+05:30,45.0,11,22,3,180.0
2026-03-22 12:00:00+05:30,33.0,12,22,3,132.0
2026-03-22 13:00:00+05:30,27.0,13,22,3,108.0
2026-03-22 14:00:00+05:30,26.0,14,22,3,104.0
2026-03-22 15:00:00+05:30,22.0,15,22,3,88.0
2026-03-22 16:00:00+05:30,25.0,16,22,3,100.0
2026-03-22 17:00:00+05:30,20.0,17,22,3,80.0
2026-03-22 18:00:00+05:30,26.0,18,22,3,104.0
2026-03-22 19:00:00+05:30,29.0,19,22,3,116.0
2026-03-22 20:00:00+05:30,37.0,20,22,3,148.0
2026-03-22 21:00:00+05:30,49.0,21,22,3,196.0
2026-03-22 22:00:00+05:30,71.0,22,22,3,284.0
2026-03-22 23:00:00+05:30,74.0,23,22,3,296.0
2026-03-23 00:00:00+05:30,64.0,0,23,3,256.0
2026-03-23 01:00:00+05:30,70.0,1,23,3,280.0
2026-03-23 02:00:00+05:30,65.0,2,23,3,260.0
2026-03-23 03:00:00+05:30,70.0,3,23,3,280.0
2026-03-23 04:00:00+05:30,61.0,4,23,3,244.0
2026-03-23 05:00:00+05:30,58.0,5,23,3,232.0
2026-03-23 06:00:00+05:30,44.0,6,23,3,176.0
2026-03-23 07:00:00+05:30,31.0,7,23,3,124.0
2026-03-23 08:00:00+05:30,36.0,8,23,3,144.0
2026-03-23 09:00:00+05:30,28.0,9,23,3,112.0
2026-03-23 10:00:00+05:30,33.0,10,23,3,132.0
2026-03-23 11:00:00+05:30,26.0,11,23,3,104.0
2026-03-23 12:00:00+05:30,33.0,12,23,3,132.0
2026-03-23 13:00:00+05:30,30.0,13,23,3,120.0
2026-03-23 14:00:00+05:30,43.0,14,23,3,172.0
2026-03-23 15:00:00+05:30,38.0,15,23,3,152.0
2026-03-23 16:00:00+05:30,37.0,16,23,3,148.0
2026-03-23 17:00:00+05:30,30.0,17,23,3,120.0
2026-03-23 18:00:00+05:30,48.0,18,23,3,192.0
2026-03-23 19:00:00+05:30,50.0,19,23,3,200.0
2026-03-23 20:00:00+05:30,61.0,20,23,3,244.0
2026-03-23 21:00:00+05:30,88.0,21,23,3,352.0
2026-03-23 22:00:00+05:30,71.0,22,23,3,284.0
2026-03-23 23:00:00+05:30,72.0,23,23,3,288.0
2026-03-24 00:00:00+05:30,67.0,0,24,3,268.0
2026-03-24 01:00:00+05:30,80.0,1,24,3,320.0
2026-03-24 02:00:00+05:30,85.0,2,24,3,340.0
2026-03-24 03:00:00+05:30,89.0,3,24,3,356.0
2026-03-24 04:00:00+05:30,85.0,4,24,3,340.0
2026-03-24 05:00:00+05:30,88.0,5,24,3,352.0
2026-03-24 06:00:00+05:30,89.0,6,24,3,356.0
2026-03-24 07:00:00+05:30,88.0,7,24,3,352.0
2026-03-24 08:00:00+05:30,81.0,8,24,3,324.0
2026-03-24 09:00:00+05:30,87.0,9,24,3,348.0
2026-03-24 10:00:00+05:30,76.0,10,24,3,304.0
2026-03-24 11:00:00+05:30,55.0,11,24,3,220.0
2026-03-24 12:00:00+05:30,53.0,12,24,3,212.0
2026-03-24 13:00:00+05:30,53.0,13,24,3,212.0
2026-03-24 14:00:00+05:30,39.0,14,24,3,156.0
2026-03-24 15:00:00+05:30,36.0,15,24,3,144.0
2026-03-24 16:00:00+05:30,27.0,16,24,3,108.0
2026-03-24 17:00:00+05:30,33.0,17,24,3,132.0
2026-03-24 18:00:00+05:30,31.0,18,24,3,124.0
2026-03-24 19:00:00+05:30,38.0,19,24,3,152.0
2026-03-24 20:00:00+05:30,41.0,20,24,3,164.0
2026-03-24 21:00:00+05:30,63.0,21,24,3,252.0
2026-03-24 22:00:00+05:30,65.0,22,24,3,260.0
2026-03-24 23:00:00+05:30,75.0,23,24,3,300.0
2026-03-25 00:00:00+05:30,95.0,0,25,3,380.0
2026-03-25 01:00:00+05:30,96.0,1,25,3,384.0
2026-03-25 02:00:00+05:30,93.0,2,25,3,372.0
2026-03-25 03:00:00+05:30,107.0,3,25,3,428.0
2026-03-25 04:00:00+05:30,121.0,4,25,3,484.0
2026-03-25 05:00:00+05:30,129.0,5,25,3,500.0
2026-03-25 06:00:00+05:30,193.0,6,25,3,500.0
2026-03-25 07:00:00+05:30,219.0,7,25,3,500.0
2026-03-25 08:00:00+05:30,124.0,8,25,3,496.0
2026-03-25 09:00:00+05:30,114.0,9,25,3,456.0
2026-03-25 10:00:00+05:30,69.0,10,25,3,276.0
2026-03-25 11:00:00+05:30,49.0,11,25,3,196.0
2026-03-25 12:00:00+05:30,56.0,12,25,3,224.0
2026-03-25 13:00:00+05:30,35.0,13,25,3,140.0
2026-03-25 14:00:00+05:30,28.0,14,25,3,112.0
2026-03-25 15:00:00+05:30,20.0,15,25,3,80.0
2026-03-25 16:00:00+05:30,19.0,16,25,3,76.0
2026-03-25 17:00:00+05:30,19.0,17,25,3,76.0
2026-03-25 18:00:00+05:30,29.0,18,25,3,116.0
2026-03-25 19:00:00+05:30,28.0,19,25,3,112.0
2026-03-25 20:00:00+05:30,39.0,20,25,3,156.0
2026-03-25 21:00:00+05:30,80.0,21,25,3,320.0
2026-03-25 22:00:00+05:30,88.0,22,25,3,352.0
2026-03-25 23:00:00+05:30,66.0,23,25,3,264.0
2026-03-26 00:00:00+05:30,81.0,0,26,3,324.0
2026-03-26 01:00:00+05:30,74.0,1,26,3,296.0
2026-03-26 02:00:00+05:30,74.0,2,26,3,296.0
2026-03-26 03:00:00+05:30,67.0,3,26,3,268.0
2026-03-26 04:00:00+05:30,75.0,4,26,3,300.0
2026-03-26 05:00:00+05:30,78.0,5,26,3,312.0
2026-03-26 06:00:00+05:30,79.0,6,26,3,316.0
2026-03-26 07:00:00+05:30,87.0,7,26,3,348.0
2026-03-26 08:00:00+05:30,101.0,8,26,3,404.0
2026-03-26 09:00:00+05:30,90.0,9,26,3,360.0
2026-03-26 10:00:00+05:30,65.0,10,26,3,260.0
2026-03-26 11:00:00+05:30,74.0,11,26,3,296.0
2026-03-26 12:00:00+05:30,67.0,12,26,3,268.0
2026-03-26 13:00:00+05:30,50.0,13,26,3,200.0
2026-03-26 14:00:00+05:30,41.0,14,26,3,164.0
2026-03-26 15:00:00+05:30,36.0,15,26,3,144.0
2026-03-26 16:00:00+05:30,30.0,16,26,3,120.0
2026-03-26 17:00:00+05:30,36.0,17,26,3,144.0
2026-03-26 18:00:00+05:30,36.0,18,26,3,144.0
2026-03-26 19:00:00+05:30,38.0,19,26,3,152.0
2026-03-26 20:00:00+05:30,39.0,20,26,3,156.0
2026-03-26 21:00:00+05:30,64.0,21,26,3,256.0
2026-03-26 22:00:00+05:30,74.0,22,26,3,296.0
2026-03-26 23:00:00+05:30,16.0,23,26,3,64.0
2026-03-27 00:00:00+05:30,18.0,0,27,3,72.0
2026-03-27 01:00:00+05:30,22.0,1,27,3,88.0
2026-03-27 02:00:00+05:30,39.0,2,27,3,156.0
2026-03-27 03:00:00+05:30,48.0,3,27,3,192.0
2026-03-27 04:00:00+05:30,61.0,4,27,3,244.0
2026-03-27 05:00:00+05:30,65.0,5,27,3,260.0
2026-03-27 06:00:00+05:30,113.0,6,27,3,452.0
2026-03-27 07:00:00+05:30,85.0,7,27,3,340.0
2026-03-27 08:00:00+05:30,56.0,8,27,3,224.0
2026-03-27 09:00:00+05:30,48.0,9,27,3,192.0
2026-03-27 10:00:00+05:30,43.0,10,27,3,172.0
2026-03-27 11:00:00+05:30,45.0,11,27,3,180.0
2026-03-27 12:00:00+05:30,53.0,12,27,3,212.0
2026-03-27 13:00:00+05:30,56.0,13,27,3,224.0
2026-03-27 14:00:00+05:30,50.0,14,27,3,200.0
2026-03-27 15:00:00+05:30,35.0,15,27,3,140.0
2026-03-27 16:00:00+05:30,27.0,16,27,3,108.0
2026-03-27 17:00:00+05:30,19.0,17,27,3,76.0
2026-03-27 18:00:00+05:30,17.0,18,27,3,68.0
2026-03-27 19:00:00+05:30,25.0,19,27,3,100.0
2026-03-27 20:00:00+05:30,32.0,20,27,3,128.0
2026-03-27 21:00:00+05:30,35.0,21,27,3,140.0
2026-03-27 22:00:00+05:30,45.0,22,27,3,180.0
2026-03-27 23:00:00+05:30,52.0,23,27,3,208.0
2026-03-28 00:00:00+05:30,50.0,0,28,3,200.0
2026-03-28 01:00:00+05:30,53.0,1,28,3,212.0
2026-03-28 02:00:00+05:30,48.0,2,28,3,192.0
2026-03-28 03:00:00+05:30,51.0,3,28,3,204.0
2026-03-28 04:00:00+05:30,60.0,4,28,3,240.0
2026-03-28 05:00:00+05:30,151.0,5,28,3,500.0
2026-03-28 06:00:00+05:30,240.0,6,28,3,500.0
2026-03-28 07:00:00+05:30,184.0,7,28,3,500.0
2026-03-28 08:00:00+05:30,178.0,8,28,3,500.0
2026-03-28 09:00:00+05:30,104.0,9,28,3,416.0
2026-03-28 10:00:00+05:30,48.0,10,28,3,192.0
2026-03-28 11:00:00+05:30,31.0,11,28,3,124.0
2026-03-28 12:00:00+05:30,23.0,12,28,3,92.0
2026-03-28 13:00:00+05:30,28.0,13,28,3,112.0
2026-03-28 14:00:00+05:30,21.0,14,28,3,84.0
2026-03-28 15:00:00+05:30,28.0,15,28,3,112.0
2026-03-28 16:00:00+05:30,30.0,16,28,3,120.0
2026-03-28 17:00:00+05:30,27.0,17,28,3,108.0
2026-03-28 18:00:00+05:30,18.0,18,28,3,72.0
2026-03-28 19:00:00+05:30,20.0,19,28,3,80.0
2026-03-28 20:00:00+05:30,29.0,20,28,3,116.0
2026-03-28 21:00:00+05:30,51.0,21,28,3,204.0
2026-03-28 22:00:00+05:30,51.0,22,28,3,204.0
2026-03-28 23:00:00+05:30,70.0,23,28,3,280.0
2026-03-29 00:00:00+05:30,61.0,0,29,3,244.0
2026-03-29 01:00:00+05:30,78.0,1,29,3,312.0
2026-03-29 02:00:00+05:30,89.0,2,29,3,356.0
2026-03-29 03:00:00+05:30,91.0,3,29,3,364.0
2026-03-29 04:00:00+05:30,95.0,4,29,3,380.0
2026-03-29 05:00:00+05:30,90.0,5,29,3,360.0
2026-03-29 06:00:00+05:30,105.0,6,29,3,420.0
2026-03-29 07:00:00+05:30,114.0,7,29,3,456.0
2026-03-29 08:00:00+05:30,122.0,8,29,3,488.0
2026-03-29 09:00:00+05:30,135.0,9,29,3,500.0
2026-03-29 10:00:00+05:30,83.0,10,29,3,332.0
2026-03-29 11:00:00+05:30,61.0,11,29,3,244.0
2026-03-29 12:00:00+05:30,58.0,12,29,3,232.0
2026-03-29 13:00:00+05:30,47.0,13,29,3,188.0
2026-03-29 14:00:00+05:30,41.0,14,29,3,164.0
2026-03-29 15:00:00+05:30,44.0,15,29,3,176.0
2026-03-29 16:00:00+05:30,33.0,16,29,3,132.0
2026-03-29 17:00:00+05:30,37.0,17,29,3,148.0
2026-03-29 18:00:00+05:30,36.0,18,29,3,144.0
2026-03-29 19:00:00+05:30,59.0,19,29,3,236.0
2026-03-29 20:00:00+05:30,63.0,20,29,3,252.0
2026-03-29 21:00:00+05:30,77.0,21,29,3,308.0
2026-03-29 22:00:00+05:30,76.0,22,29,3,304.0
2026-03-29 23:00:00+05:30,64.0,23,29,3,256.0
2026-03-30 00:00:00+05:30,62.0,0,30,3,248.0
2026-03-30 01:00:00+05:30,61.0,1,30,3,244.0
2026-03-30 02:00:00+05:30,64.0,2,30,3,256.0
2026-03-30 03:00:00+05:30,65.0,3,30,3,260.0
2026-03-30 04:00:00+05:30,73.0,4,30,3,292.0
2026-03-30 05:00:00+05:30,73.0,5,30,3,292.0
2026-03-30 06:00:00+05:30,70.0,6,30,3,280.0
2026-03-30 07:00:00+05:30,75.0,7,30,3,300.0
2026-03-30 08:00:00+05:30,93.0,8,30,3,372.0
2026-03-30 09:00:00+05:30,95.0,9,30,3,380.0
2026-03-30 10:00:00+05:30,59.0,10,30,3,236.0
2026-03-30 11:00:00+05:30,63.0,11,30,3,252.0
2026-03-30 12:00:00+05:30,46.0,12,30,3,184.0
2026-03-30 13:00:00+05:30,39.0,13,30,3,156.0
2026-03-30 14:00:00+05:30,33.0,14,30,3,132.0
2026-03-30 15:00:00+05:30,39.0,15,30,3,156.0
2026-03-30 16:00:00+05:30,31.0,16,30,3,124.0
2026-03-30 17:00:00+05:30,33.0,17,30,3,132.0
2026-03-30 18:00:00+05:30,28.0,18,30,3,112.0
2026-03-30 19:00:00+05:30,31.0,19,30,3,124.0
2026-03-30 20:00:00+05:30,49.0,20,30,3,196.0
2026-03-30 21:00:00+05:30,47.0,21,30,3,188.0
2026-03-30 22:00:00+05:30,43.0,22,30,3,172.0
2026-03-30 23:00:00+05:30,50.0,23,30,3,200.0
2026-03-31 00:00:00+05:30,54.0,0,31,3,216.0
2026-03-31 01:00:00+05:30,57.0,1,31,3,228.0
2026-03-31 02:00:00+05:30,43.0,2,31,3,172.0
2026-03-31 03:00:00+05:30,44.0,3,31,3,176.0
2026-03-31 04:00:00+05:30,55.0,4,31,3,220.0
2026-03-31 05:00:00+05:30,83.0,5,31,3,332.0
2026-03-31 06:00:00+05:30,119.0,6,31,3,476.0
2026-03-31 07:00:00+05:30,161.0,7,31,3,500.0
2026-03-31 08:00:00+05:30,155.0,8,31,3,500.0
2026-03-31 09:00:00+05:30,58.0,9,31,3,232.0
2026-03-31 10:00:00+05:30,36.0,10,31,3,144.0
2026-03-31 11:00:00+05:30,45.0,11,31,3,180.0
2026-03-31 12:00:00+05:30,29.0,12,31,3,116.0
2026-03-31 13:00:00+05:30,41.0,13,31,3,164.0
2026-03-31 14:00:00+05:30,34.0,14,31,3,136.0
2026-03-31 15:00:00+05:30,44.0,15,31,3,176.0
2026-03-31 16:00:00+05:30,36.0,16,31,3,144.0
2026-03-31 17:00:00+05:30,17.0,17,31,3,68.0
2026-03-31 18:00:00+05:30,14.0,18,31,3,56.0
2026-03-31 19:00:00+05:30,12.0,19,31,3,48.0
2026-03-31 20:00:00+05:30,19.0,20,31,3,76.0
2026-03-31 21:00:00+05:30,20.0,21,31,3,80.0
2026-03-31 22:00:00+05:30,20.0,22,31,3,80.0
2026-03-31 23:00:00+05:30,14.0,23,31,3,56.0
2026-04-01 00:00:00+05:30,19.0,0,1,4,76.0
2026-04-01 01:00:00+05:30,35.0,1,1,4,140.0
2026-04-01 02:00:00+05:30,32.0,2,1,4,128.0
2026-04-01 03:00:00+05:30,22.0,3,1,4,88.0
2026-04-01 04:00:00+05:30,27.0,4,1,4,108.0
2026-04-01 05:00:00+05:30,27.0,5,1,4,108.0
2026-04-01 06:00:00+05:30,28.0,6,1,4,112.0
2026-04-01 07:00:00+05:30,35.0,7,1,4,140.0
2026-04-01 08:00:00+05:30,52.0,8,1,4,208.0
2026-04-01 09:00:00+05:30,54.0,9,1,4,216.0
2026-04-01 10:00:00+05:30,51.0,10,1,4,204.0
2026-04-01 11:00:00+05:30,48.0,11,1,4,192.0
2026-04-01 12:00:00+05:30,35.0,12,1,4,140.0
2026-04-01 13:00:00+05:30,32.0,13,1,4,128.0
2026-04-01 14:00:00+05:30,20.0,14,1,4,80.0
2026-04-01 15:00:00+05:30,20.0,15,1,4,80.0
2026-04-01 16:00:00+05:30,22.0,16,1,4,88.0
2026-04-01 17:00:00+05:30,22.0,17,1,4,88.0
2026-04-01 18:00:00+05:30,35.0,18,1,4,140.0
2026-04-01 19:00:00+05:30,41.0,19,1,4,164.0
2026-04-01 20:00:00+05:30,52.0,20,1,4,208.0
2026-04-01 21:00:00+05:30,69.0,21,1,4,276.0
2026-04-01 22:00:00+05:30,78.0,22,1,4,312.0
2026-04-01 23:00:00+05:30,76.0,23,1,4,304.0
2026-04-02 00:00:00+05:30,95.0,0,2,4,380.0
2026-04-02 01:00:00+05:30,97.0,1,2,4,388.0
2026-04-02 02:00:00+05:30,88.0,2,2,4,352.0
2026-04-02 03:00:00+05:30,81.0,3,2,4,324.0
2026-04-02 04:00:00+05:30,80.0,4,2,4,320.0
2026-04-02 05:00:00+05:30,74.0,5,2,4,296.0
2026-04-02 06:00:00+05:30,73.0,6,2,4,292.0
2026-04-02 07:00:00+05:30,78.0,7,2,4,312.0
2026-04-02 08:00:00+05:30,100.0,8,2,4,400.0
2026-04-02 09:00:00+05:30,101.0,9,2,4,404.0
2026-04-02 10:00:00+05:30,94.0,10,2,4,376.0
2026-04-02 11:00:00+05:30,52.0,11,2,4,208.0
2026-04-02 12:00:00+05:30,40.0,12,2,4,160.0
2026-04-02 13:00:00+05:30,48.0,13,2,4,192.0
2026-04-02 14:00:00+05:30,44.0,14,2,4,176.0
2026-04-02 15:00:00+05:30,42.0,15,2,4,168.0
2026-04-02 16:00:00+05:30,38.0,16,2,4,152.0
2026-04-02 17:00:00+05:30,41.0,17,2,4,164.0
2026-04-02 18:00:00+05:30,49.0,18,2,4,196.0
2026-04-02 19:00:00+05:30,60.0,19,2,4,240.0
2026-04-02 20:00:00+05:30,58.0,20,2,4,232.0
2026-04-02 21:00:00+05:30,81.0,21,2,4,324.0
2026-04-02 22:00:00+05:30,86.0,22,2,4,344.0
2026-04-02 23:00:00+05:30,106.0,23,2,4,424.0
2026-04-03 00:00:00+05:30,105.0,0,3,4,420.0
2026-04-03 01:00:00+05:30,110.0,1,3,4,440.0
2026-04-03 02:00:00+05:30,108.0,2,3,4,432.0
2026-04-03 03:00:00+05:30,105.0,3,3,4,420.0
2026-04-03 04:00:00+05:30,106.0,4,3,4,424.0
2026-04-03 05:00:00+05:30,104.0,5,3,4,416.0
2026-04-03 06:00:00+05:30,130.0,6,3,4,500.0
2026-04-03 07:00:00+05:30,258.0,7,3,4,500.0
2026-04-03 08:00:00+05:30,202.0,8,3,4,500.0
2026-04-03 09:00:00+05:30,164.0,9,3,4,500.0
2026-04-03 10:00:00+05:30,109.0,10,3,4,436.0
2026-04-03 11:00:00+05:30,68.0,11,3,4,272.0
2026-04-03 12:00:00+05:30,55.0,12,3,4,220.0
2026-04-03 13:00:00+05:30,45.0,13,3,4,180.0
2026-04-03 14:00:00+05:30,40.0,14,3,4,160.0
2026-04-03 15:00:00+05:30,37.0,15,3,4,148.0
2026-04-03 16:00:00+05:30,35.0,16,3,4,140.0
2026-04-03 17:00:00+05:30,50.0,17,3,4,200.0
2026-04-03 18:00:00+05:30,41.0,18,3,4,164.0
2026-04-03 19:00:00+05:30,40.0,19,3,4,160.0
2026-04-03 20:00:00+05:30,37.0,20,3,4,148.0
2026-04-03 21:00:00+05:30,22.0,21,3,4,88.0
2026-04-03 22:00:00+05:30,27.0,22,3,4,108.0
2026-04-03 23:00:00+05:30,26.0,23,3,4,104.0
2026-04-04 00:00:00+05:30,31.0,0,4,4,124.0
2026-04-04 01:00:00+05:30,32.0,1,4,4,128.0
2026-04-04 02:00:00+05:30,40.0,2,4,4,160.0
2026-04-04 03:00:00+05:30,45.0,3,4,4,180.0
2026-04-04 04:00:00+05:30,38.0,4,4,4,152.0
2026-04-04 05:00:00+05:30,31.0,5,4,4,124.0
2026-04-04 06:00:00+05:30,27.0,6,4,4,108.0
2026-04-04 07:00:00+05:30,40.0,7,4,4,160.0
2026-04-04 08:00:00+05:30,96.0,8,4,4,384.0
2026-04-04 09:00:00+05:30,97.0,9,4,4,388.0
2026-04-04 10:00:00+05:30,156.0,10,4,4,500.0
2026-04-04 11:00:00+05:30,70.0,11,4,4,280.0
2026-04-04 12:00:00+05:30,47.0,12,4,4,188.0
2026-04-04 13:00:00+05:30,40.0,13,4,4,160.0
2026-04-04 14:00:00+05:30,35.0,14,4,4,140.0
2026-04-04 15:00:00+05:30,30.0,15,4,4,120.0
2026-04-04 16:00:00+05:30,31.0,16,4,4,124.0
2026-04-04 17:00:00+05:30,31.0,17,4,4,124.0
2026-04-04 18:00:00+05:30,29.0,18,4,4,116.0
2026-04-04 19:00:00+05:30,31.0,19,4,4,124.0
2026-04-04 20:00:00+05:30,69.0,20,4,4,276.0
2026-04-04 21:00:00+05:30,52.0,21,4,4,208.0
2026-04-04 22:00:00+05:30,31.0,22,4,4,124.0
2026-04-04 23:00:00+05:30,40.0,23,4,4,160.0
2026-04-05 00:00:00+05:30,30.0,0,5,4,120.0
2026-04-05 01:00:00+05:30,31.0,1,5,4,124.0
2026-04-05 02:00:00+05:30,72.0,2,5,4,288.0
2026-04-05 03:00:00+05:30,55.0,3,5,4,220.0
2026-04-05 04:00:00+05:30,46.0,4,5,4,184.0
2026-04-05 05:00:00+05:30,48.0,5,5,4,192.0
2026-04-05 06:00:00+05:30,47.0,6,5,4,188.0
2026-04-05 07:00:00+05:30,49.0,7,5,4,196.0
2026-04-05 08:00:00+05:30,57.0,8,5,4,228.0
2026-04-05 09:00:00+05:30,68.0,9,5,4,272.0
2026-04-05 10:00:00+05:30,69.0,10,5,4,276.0
2026-04-05 11:00:00+05:30,58.0,11,5,4,232.0
2026-04-05 12:00:00+05:30,67.0,12,5,4,268.0
2026-04-05 13:00:00+05:30,47.0,13,5,4,188.0
2026-04-05 14:00:00+05:30,35.0,14,5,4,140.0
2026-04-05 15:00:00+05:30,18.0,15,5,4,72.0
2026-04-05 16:00:00+05:30,15.0,16,5,4,60.0
2026-04-05 17:00:00+05:30,17.0,17,5,4,68.0
2026-04-05 18:00:00+05:30,17.0,18,5,4,68.0
2026-04-05 19:00:00+05:30,20.0,19,5,4,80.0
2026-04-05 20:00:00+05:30,32.0,20,5,4,128.0
2026-04-05 21:00:00+05:30,45.0,21,5,4,180.0
2026-04-05 22:00:00+05:30,59.0,22,5,4,236.0
2026-04-05 23:00:00+05:30,51.0,23,5,4,204.0
2026-04-06 00:00:00+05:30,40.0,0,6,4,160.0
2026-04-06 01:00:00+05:30,34.0,1,6,4,136.0
2026-04-06 02:00:00+05:30,42.0,2,6,4,168.0
2026-04-06 03:00:00+05:30,43.0,3,6,4,172.0
2026-04-06 04:00:00+05:30,45.0,4,6,4,180.0
2026-04-06 05:00:00+05:30,46.0,5,6,4,184.0
2026-04-06 06:00:00+05:30,57.0,6,6,4,228.0
2026-04-06 07:00:00+05:30,60.0,7,6,4,240.0
2026-04-06 08:00:00+05:30,73.0,8,6,4,292.0
2026-04-06 09:00:00+05:30,103.0,9,6,4,412.0
2026-04-06 10:00:00+05:30,73.0,10,6,4,292.0
2026-04-06 11:00:00+05:30,25.0,11,6,4,100.0
2026-04-06 12:00:00+05:30,17.0,12,6,4,68.0
2026-04-06 13:00:00+05:30,18.0,13,6,4,72.0
2026-04-06 14:00:00+05:30,16.0,14,6,4,64.0
2026-04-06 15:00:00+05:30,20.0,15,6,4,80.0
2026-04-06 16:00:00+05:30,20.0,16,6,4,80.0
2026-04-06 17:00:00+05:30,23.0,17,6,4,92.0
2026-04-06 18:00:00+05:30,22.0,18,6,4,88.0
2026-04-06 19:00:00+05:30,22.0,19,6,4,88.0
2026-04-06 20:00:00+05:30,30.0,20,6,4,120.0
2026-04-06 21:00:00+05:30,36.0,21,6,4,144.0
2026-04-06 22:00:00+05:30,23.0,22,6,4,92.0
2026-04-06 23:00:00+05:30,19.0,23,6,4,76.0
2026-04-07 00:00:00+05:30,21.0,0,7,4,84.0
2026-04-07 01:00:00+05:30,27.0,1,7,4,108.0
2026-04-07 02:00:00+05:30,25.0,2,7,4,100.0
2026-04-07 03:00:00+05:30,29.0,3,7,4,116.0
2026-04-07 04:00:00+05:30,39.0,4,7,4,156.0
2026-04-07 05:00:00+05:30,59.0,5,7,4,236.0
2026-04-07 06:00:00+05:30,47.0,6,7,4,188.0
2026-04-07 07:00:00+05:30,53.0,7,7,4,212.0
2026-04-07 08:00:00+05:30,48.0,8,7,4,192.0
2026-04-07 09:00:00+05:30,69.0,9,7,4,276.0
2026-04-07 10:00:00+05:30,63.0,10,7,4,252.0
2026-04-07 11:00:00+05:30,41.0,11,7,4,164.0
2026-04-07 12:00:00+05:30,36.0,12,7,4,144.0
2026-04-07 13:00:00+05:30,37.0,13,7,4,148.0
2026-04-07 14:00:00+05:30,25.0,14,7,4,100.0
2026-04-07 15:00:00+05:30,24.0,15,7,4,96.0
2026-04-07 16:00:00+05:30,22.0,16,7,4,88.0
2026-04-07 17:00:00+05:30,28.0,17,7,4,112.0
2026-04-07 18:00:00+05:30,38.0,18,7,4,152.0
2026-04-07 19:00:00+05:30,38.0,19,7,4,152.0
2026-04-07 20:00:00+05:30,37.0,20,7,4,148.0
2026-04-07 21:00:00+05:30,50.0,21,7,4,200.0
2026-04-07 22:00:00+05:30,51.0,22,7,4,204.0
2026-04-07 23:00:00+05:30,38.0,23,7,4,152.0
2026-04-08 00:00:00+05:30,31.0,0,8,4,124.0
2026-04-08 01:00:00+05:30,34.0,1,8,4,136.0
2026-04-08 02:00:00+05:30,28.0,2,8,4,112.0
2026-04-08 03:00:00+05:30,21.0,3,8,4,84.0
2026-04-08 04:00:00+05:30,22.0,4,8,4,88.0
2026-04-08 05:00:00+05:30,15.0,5,8,4,60.0
2026-04-08 06:00:00+05:30,15.0,6,8,4,60.0
2026-04-08 07:00:00+05:30,14.0,7,8,4,56.0
2026-04-08 08:00:00+05:30,14.0,8,8,4,56.0
2026-04-08 09:00:00+05:30,32.0,9,8,4,128.0
2026-04-08 10:00:00+05:30,35.0,10,8,4,140.0
2026-04-08 11:00:00+05:30,42.0,11,8,4,168.0
2026-04-08 12:00:00+05:30,35.0,12,8,4,140.0
2026-04-08 13:00:00+05:30,33.0,13,8,4,132.0
2026-04-08 14:00:00+05:30,25.0,14,8,4,100.0
2026-04-08 15:00:00+05:30,27.0,15,8,4,108.0
2026-04-08 16:00:00+05:30,30.0,16,8,4,120.0
2026-04-08 17:00:00+05:30,32.0,17,8,4,128.0
2026-04-08 18:00:00+05:30,37.0,18,8,4,148.0
2026-04-08 19:00:00+05:30,37.0,19,8,4,148.0
2026-04-08 20:00:00+05:30,33.0,20,8,4,132.0
2026-04-08 21:00:00+05:30,36.0,21,8,4,144.0
2026-04-08 22:00:00+05:30,36.0,22,8,4,144.0
2026-04-08 23:00:00+05:30,39.0,23,8,4,156.0
2026-04-09 00:00:00+05:30,46.0,0,9,4,184.0
2026-04-09 01:00:00+05:30,50.0,1,9,4,200.0
2026-04-09 02:00:00+05:30,37.0,2,9,4,148.0
2026-04-09 03:00:00+05:30,33.0,3,9,4,132.0
2026-04-09 04:00:00+05:30,34.0,4,9,4,136.0
2026-04-09 05:00:00+05:30,33.0,5,9,4,132.0
2026-04-09 07:00:00+05:30,28.0,7,9,4,112.0
2026-04-09 08:00:00+05:30,45.0,8,9,4,180.0
2026-04-09 09:00:00+05:30,48.0,9,9,4,192.0
2026-04-09 10:00:00+05:30,39.0,10,9,4,156.0
2026-04-09 11:00:00+05:30,27.0,11,9,4,108.0
2026-04-09 12:00:00+05:30,28.0,12,9,4,112.0
2026-04-09 13:00:00+05:30,25.0,13,9,4,100.0
2026-04-09 14:00:00+05:30,27.0,14,9,4,108.0
2026-04-09 15:00:00+05:30,28.0,15,9,4,112.0
2026-04-09 16:00:00+05:30,30.0,16,9,4,120.0
2026-04-09 17:00:00+05:30,23.0,17,9,4,92.0
2026-04-09 18:00:00+05:30,21.0,18,9,4,84.0
2026-04-09 19:00:00+05:30,28.0,19,9,4,112.0
2026-04-09 20:00:00+05:30,36.0,20,9,4,144.0
2026-04-09 21:00:00+05:30,44.0,21,9,4,176.0
2026-04-09 22:00:00+05:30,65.0,22,9,4,260.0
2026-04-09 23:00:00+05:30,95.0,23,9,4,380.0
2026-04-10 00:00:00+05:30,78.0,0,10,4,312.0
2026-04-10 01:00:00+05:30,62.0,1,10,4,248.0
2026-04-10 02:00:00+05:30,55.0,2,10,4,220.0
2026-04-10 03:00:00+05:30,52.0,3,10,4,208.0
2026-04-10 04:00:00+05:30,60.0,4,10,4,240.0
2026-04-10 05:00:00+05:30,66.0,5,10,4,264.0
2026-04-10 06:00:00+05:30,113.0,6,10,4,452.0
2026-04-10 07:00:00+05:30,102.0,7,10,4,408.0
2026-04-10 08:00:00+05:30,95.0,8,10,4,380.0
2026-04-10 09:00:00+05:30,66.0,9,10,4,264.0
2026-04-10 10:00:00+05:30,49.0,10,10,4,196.0
2026-04-10 11:00:00+05:30,25.0,11,10,4,100.0
2026-04-10 12:00:00+05:30,20.0,12,10,4,80.0
2026-04-10 13:00:00+05:30,20.0,13,10,4,80.0
2026-04-10 14:00:00+05:30,12.0,14,10,4,48.0
2026-04-10 15:00:00+05:30,18.0,15,10,4,72.0
2026-04-10 16:00:00+05:30,17.0,16,10,4,68.0
2026-04-10 17:00:00+05:30,15.0,17,10,4,60.0
2026-04-10 18:00:00+05:30,18.0,18,10,4,72.0
2026-04-10 19:00:00+05:30,25.0,19,10,4,100.0
2026-04-10 20:00:00+05:30,35.0,20,10,4,140.0
2026-04-10 21:00:00+05:30,47.0,21,10,4,188.0
2026-04-10 22:00:00+05:30,49.0,22,10,4,196.0
2026-04-10 23:00:00+05:30,42.0,23,10,4,168.0
2026-04-11 00:00:00+05:30,42.0,0,11,4,168.0
2026-04-11 01:00:00+05:30,36.0,1,11,4,144.0
2026-04-11 02:00:00+05:30,36.0,2,11,4,144.0
2026-04-11 03:00:00+05:30,38.0,3,11,4,152.0
2026-04-11 04:00:00+05:30,43.0,4,11,4,172.0
2026-04-11 05:00:00+05:30,47.0,5,11,4,188.0
2026-04-11 06:00:00+05:30,35.0,6,11,4,140.0
2026-04-11 07:00:00+05:30,49.0,7,11,4,196.0
2026-04-11 08:00:00+05:30,68.0,8,11,4,272.0
2026-04-11 09:00:00+05:30,60.0,9,11,4,240.0
2026-04-11 10:00:00+05:30,34.0,10,11,4,136.0
2026-04-11 11:00:00+05:30,21.0,11,11,4,84.0
2026-04-11 12:00:00+05:30,23.0,12,11,4,92.0
2026-04-11 13:00:00+05:30,23.0,13,11,4,92.0
2026-04-11 14:00:00+05:30,27.0,14,11,4,108.0
2026-04-11 15:00:00+05:30,22.0,15,11,4,88.0
2026-04-11 16:00:00+05:30,18.0,16,11,4,72.0
2026-04-11 17:00:00+05:30,25.0,17,11,4,100.0
2026-04-11 18:00:00+05:30,27.0,18,11,4,108.0
2026-04-11 19:00:00+05:30,40.0,19,11,4,160.0
2026-04-11 20:00:00+05:30,46.0,20,11,4,184.0
2026-04-11 21:00:00+05:30,59.0,21,11,4,236.0
2026-04-11 22:00:00+05:30,63.0,22,11,4,252.0
2026-04-11 23:00:00+05:30,62.0,23,11,4,248.0
2026-04-12 00:00:00+05:30,69.0,0,12,4,276.0
2026-04-12 01:00:00+05:30,79.0,1,12,4,316.0
2026-04-12 02:00:00+05:30,66.0,2,12,4,264.0
2026-04-12 03:00:00+05:30,60.0,3,12,4,240.0
2026-04-12 04:00:00+05:30,58.0,4,12,4,232.0
2026-04-12 05:00:00+05:30,56.0,5,12,4,224.0
2026-04-12 06:00:00+05:30,52.0,6,12,4,208.0
2026-04-12 07:00:00+05:30,65.0,7,12,4,260.0
2026-04-12 08:00:00+05:30,157.0,8,12,4,500.0
2026-04-12 09:00:00+05:30,104.0,9,12,4,416.0
2026-04-12 10:00:00+05:30,69.0,10,12,4,276.0
2026-04-12 11:00:00+05:30,68.0,11,12,4,272.0
2026-04-12 12:00:00+05:30,39.0,12,12,4,156.0
2026-04-12 13:00:00+05:30,29.0,13,12,4,116.0
2026-04-12 14:00:00+05:30,26.0,14,12,4,104.0
2026-04-12 15:00:00+05:30,24.0,15,12,4,96.0
2026-04-12 16:00:00+05:30,21.0,16,12,4,84.0
2026-04-12 17:00:00+05:30,16.0,17,12,4,64.0
2026-04-12 18:00:00+05:30,19.0,18,12,4,76.0
2026-04-12 19:00:00+05:30,22.0,19,12,4,88.0
2026-04-12 20:00:00+05:30,20.0,20,12,4,80.0
2026-04-12 21:00:00+05:30,36.0,21,12,4,144.0
2026-04-12 22:00:00+05:30,33.0,22,12,4,132.0
2026-04-12 23:00:00+05:30,37.0,23,12,4,148.0
2026-04-13 00:00:00+05:30,38.0,0,13,4,152.0
2026-04-13 01:00:00+05:30,41.0,1,13,4,164.0
2026-04-13 02:00:00+05:30,45.0,2,13,4,180.0
2026-04-13 03:00:00+05:30,41.0,3,13,4,164.0
2026-04-13 04:00:00+05:30,51.0,4,13,4,204.0
2026-04-13 05:00:00+05:30,55.0,5,13,4,220.0
2026-04-13 06:00:00+05:30,49.0,6,13,4,196.0
2026-04-13 07:00:00+05:30,69.0,7,13,4,276.0
2026-04-13 08:00:00+05:30,175.0,8,13,4,500.0
2026-04-13 09:00:00+05:30,119.0,9,13,4,476.0
2026-04-13 10:00:00+05:30,85.0,10,13,4,340.0
2026-04-13 11:00:00+05:30,65.0,11,13,4,260.0
2026-04-13 12:00:00+05:30,30.0,12,13,4,120.0
2026-04-13 13:00:00+05:30,18.0,13,13,4,72.0
2026-04-13 14:00:00+05:30,13.0,14,13,4,52.0
2026-04-13 15:00:00+05:30,14.0,15,13,4,56.0
2026-04-13 16:00:00+05:30,15.0,16,13,4,60.0
2026-04-13 17:00:00+05:30,8.0,17,13,4,32.0
2026-04-13 18:00:00+05:30,15.0,18,13,4,60.0
2026-04-13 19:00:00+05:30,19.0,19,13,4,76.0
2026-04-13 20:00:00+05:30,34.0,20,13,4,136.0
2026-04-13 21:00:00+05:30,51.0,21,13,4,204.0
2026-04-13 22:00:00+05:30,66.0,22,13,4,264.0
2026-04-13 23:00:00+05:30,59.0,23,13,4,236.0
2026-04-14 00:00:00+05:30,64.0,0,14,4,256.0
2026-04-14 01:00:00+05:30,57.0,1,14,4,228.0
2026-04-14 02:00:00+05:30,63.0,2,14,4,252.0
2026-04-14 03:00:00+05:30,55.0,3,14,4,220.0
2026-04-14 04:00:00+05:30,46.0,4,14,4,184.0
2026-04-14 05:00:00+05:30,43.0,5,14,4,172.0
2026-04-14 06:00:00+05:30,46.0,6,14,4,184.0
2026-04-14 07:00:00+05:30,49.0,7,14,4,196.0
2026-04-14 08:00:00+05:30,77.0,8,14,4,308.0
2026-04-14 09:00:00+05:30,97.0,9,14,4,388.0
2026-04-14 10:00:00+05:30,89.0,10,14,4,356.0
2026-04-14 11:00:00+05:30,64.0,11,14,4,256.0
2026-04-14 12:00:00+05:30,43.0,12,14,4,172.0
2026-04-14 13:00:00+05:30,44.0,13,14,4,176.0
2026-04-14 14:00:00+05:30,30.0,14,14,4,120.0
2026-04-14 15:00:00+05:30,23.0,15,14,4,92.0
2026-04-14 16:00:00+05:30,23.0,16,14,4,92.0
2026-04-14 17:00:00+05:30,23.0,17,14,4,92.0
2026-04-14 18:00:00+05:30,23.0,18,14,4,92.0
2026-04-14 19:00:00+05:30,26.0,19,14,4,104.0
2026-04-14 20:00:00+05:30,40.0,20,14,4,160.0
2026-04-14 21:00:00+05:30,59.0,21,14,4,236.0
2026-04-14 22:00:00+05:30,62.0,22,14,4,248.0
2026-04-14 23:00:00+05:30,65.0,23,14,4,260.0
2026-04-15 00:00:00+05:30,72.0,0,15,4,288.0
2026-04-15 01:00:00+05:30,71.0,1,15,4,284.0
2026-04-15 02:00:00+05:30,72.0,2,15,4,288.0
2026-04-15 03:00:00+05:30,70.0,3,15,4,280.0
2026-04-15 04:00:00+05:30,65.0,4,15,4,260.0
2026-04-15 05:00:00+05:30,69.0,5,15,4,276.0
2026-04-15 06:00:00+05:30,84.0,6,15,4,336.0
2026-04-15 07:00:00+05:30,123.0,7,15,4,492.0
2026-04-15 08:00:00+05:30,240.0,8,15,4,500.0
2026-04-15 09:00:00+05:30,195.0,9,15,4,500.0
2026-04-15 10:00:00+05:30,162.0,10,15,4,500.0
2026-04-15 11:00:00+05:30,59.0,11,15,4,236.0
2026-04-15 12:00:00+05:30,53.0,12,15,4,212.0
2026-04-15 13:00:00+05:30,27.0,13,15,4,108.0
2026-04-15 14:00:00+05:30,25.0,14,15,4,100.0
2026-04-15 15:00:00+05:30,19.0,15,15,4,76.0
2026-04-15 16:00:00+05:30,8.0,16,15,4,32.0
2026-04-15 17:00:00+05:30,13.0,17,15,4,52.0
2026-04-15 18:00:00+05:30,19.0,18,15,4,76.0
2026-04-15 19:00:00+05:30,16.0,19,15,4,64.0
2026-04-15 20:00:00+05:30,32.0,20,15,4,128.0
2026-04-15 21:00:00+05:30,49.0,21,15,4,196.0
2026-04-15 22:00:00+05:30,70.0,22,15,4,280.0
2026-04-15 23:00:00+05:30,75.0,23,15,4,300.0
2026-04-16 00:00:00+05:30,85.0,0,16,4,340.0
2026-04-16 01:00:00+05:30,122.0,1,16,4,488.0
2026-04-16 02:00:00+05:30,127.0,2,16,4,500.0
2026-04-16 03:00:00+05:30,143.0,3,16,4,500.0
2026-04-16 04:00:00+05:30,139.0,4,16,4,500.0
2026-04-16 05:00:00+05:30,156.0,5,16,4,500.0
2026-04-16 06:00:00+05:30,146.0,6,16,4,500.0
2026-04-16 07:00:00+05:30,152.0,7,16,4,500.0
2026-04-16 08:00:00+05:30,157.0,8,16,4,500.0
2026-04-16 09:00:00+05:30,237.0,9,16,4,500.0
2026-04-16 10:00:00+05:30,144.0,10,16,4,500.0
2026-04-16 11:00:00+05:30,52.0,11,16,4,208.0
2026-04-16 12:00:00+05:30,30.0,12,16,4,120.0
2026-04-16 13:00:00+05:30,28.0,13,16,4,112.0
2026-04-16 14:00:00+05:30,27.0,14,16,4,108.0
2026-04-16 15:00:00+05:30,31.0,15,16,4,124.0
2026-04-16 16:00:00+05:30,27.0,16,16,4,108.0
2026-04-16 17:00:00+05:30,25.0,17,16,4,100.0
2026-04-16 18:00:00+05:30,29.0,18,16,4,116.0
2026-04-16 19:00:00+05:30,31.0,19,16,4,124.0
2026-04-16 20:00:00+05:30,43.0,20,16,4,172.0
2026-04-16 21:00:00+05:30,57.0,21,16,4,228.0
2026-04-16 22:00:00+05:30,57.0,22,16,4,228.0
2026-04-16 23:00:00+05:30,66.0,23,16,4,264.0
2026-04-17 00:00:00+05:30,83.0,0,17,4,332.0
2026-04-17 01:00:00+05:30,88.0,1,17,4,352.0
2026-04-17 02:00:00+05:30,98.0,2,17,4,392.0
2026-04-17 03:00:00+05:30,105.0,3,17,4,420.0
2026-04-17 04:00:00+05:30,113.0,4,17,4,452.0
2026-04-17 05:00:00+05:30,117.0,5,17,4,468.0
2026-04-17 06:00:00+05:30,142.0,6,17,4,500.0
2026-04-17 07:00:00+05:30,161.0,7,17,4,500.0
2026-04-17 08:00:00+05:30,156.0,8,17,4,500.0
2026-04-17 09:00:00+05:30,153.0,9,17,4,500.0
2026-04-17 10:00:00+05:30,120.0,10,17,4,480.0
2026-04-17 11:00:00+05:30,94.0,11,17,4,376.0
2026-04-17 12:00:00+05:30,86.0,12,17,4,344.0
2026-04-17 13:00:00+05:30,122.0,13,17,4,488.0
2026-04-17 14:00:00+05:30,73.0,14,17,4,292.0
2026-04-17 15:00:00+05:30,48.0,15,17,4,192.0
2026-04-17 16:00:00+05:30,50.0,16,17,4,200.0
2026-04-17 17:00:00+05:30,44.0,17,17,4,176.0
2026-04-17 18:00:00+05:30,57.0,18,17,4,228.0
2026-04-17 19:00:00+05:30,56.0,19,17,4,224.0
2026-04-17 20:00:00+05:30,33.0,20,17,4,132.0
2026-04-17 21:00:00+05:30,34.0,21,17,4,136.0
2026-04-17 22:00:00+05:30,20.0,22,17,4,80.0
2026-04-17 23:00:00+05:30,7.0,23,17,4,28.0
2026-04-18 00:00:00+05:30,7.0,0,18,4,28.0
2026-04-18 01:00:00+05:30,12.0,1,18,4,48.0
2026-04-18 02:00:00+05:30,21.0,2,18,4,84.0
2026-04-18 03:00:00+05:30,25.0,3,18,4,100.0
2026-04-18 04:00:00+05:30,35.0,4,18,4,140.0
2026-04-18 05:00:00+05:30,138.0,5,18,4,500.0
2026-04-18 06:00:00+05:30,142.0,6,18,4,500.0
2026-04-18 07:00:00+05:30,126.0,7,18,4,500.0
2026-04-18 08:00:00+05:30,109.0,8,18,4,436.0
2026-04-18 09:00:00+05:30,96.0,9,18,4,384.0
2026-04-18 10:00:00+05:30,92.0,10,18,4,368.0
2026-04-18 11:00:00+05:30,71.0,11,18,4,284.0
2026-04-18 12:00:00+05:30,73.0,12,18,4,292.0
2026-04-18 13:00:00+05:30,47.0,13,18,4,188.0
2026-04-18 14:00:00+05:30,36.0,14,18,4,144.0
2026-04-18 15:00:00+05:30,33.0,15,18,4,132.0
2026-04-18 16:00:00+05:30,25.0,16,18,4,100.0
2026-04-18 17:00:00+05:30,24.0,17,18,4,96.0
2026-04-18 18:00:00+05:30,24.0,18,18,4,96.0
2026-04-18 19:00:00+05:30,28.0,19,18,4,112.0
2026-04-18 20:00:00+05:30,52.0,20,18,4,208.0
2026-04-18 21:00:00+05:30,60.0,21,18,4,240.0
2026-04-18 22:00:00+05:30,81.0,22,18,4,324.0
2026-04-18 23:00:00+05:30,83.0,23,18,4,332.0
2026-04-19 00:00:00+05:30,79.0,0,19,4,316.0
2026-04-19 01:00:00+05:30,103.0,1,19,4,412.0
2026-04-19 02:00:00+05:30,121.0,2,19,4,484.0
2026-04-19 03:00:00+05:30,132.0,3,19,4,500.0
2026-04-19 04:00:00+05:30,216.0,4,19,4,500.0
2026-04-19 05:00:00+05:30,204.0,5,19,4,500.0
2026-04-19 06:00:00+05:30,194.0,6,19,4,500.0
2026-04-19 07:00:00+05:30,190.0,7,19,4,500.0
2026-04-19 08:00:00+05:30,201.0,8,19,4,500.0
2026-04-19 09:00:00+05:30,200.0,9,19,4,500.0
2026-04-19 10:00:00+05:30,207.0,10,19,4,500.0
2026-04-19 11:00:00+05:30,178.0,11,19,4,500.0
2026-04-19 12:00:00+05:30,115.0,12,19,4,460.0
2026-04-19 13:00:00+05:30,102.0,13,19,4,408.0
2026-04-19 14:00:00+05:30,35.0,14,19,4,140.0
2026-04-19 15:00:00+05:30,27.0,15,19,4,108.0
2026-04-19 16:00:00+05:30,21.0,16,19,4,84.0
2026-04-19 17:00:00+05:30,18.0,17,19,4,72.0
2026-04-19 18:00:00+05:30,25.0,18,19,4,100.0
2026-04-19 19:00:00+05:30,28.0,19,19,4,112.0
2026-04-19 20:00:00+05:30,39.0,20,19,4,156.0
2026-04-19 21:00:00+05:30,58.0,21,19,4,232.0
2026-04-19 22:00:00+05:30,69.0,22,19,4,276.0
2026-04-19 23:00:00+05:30,59.0,23,19,4,236.0
2026-04-20 00:00:00+05:30,49.0,0,20,4,196.0
2026-04-20 01:00:00+05:30,58.0,1,20,4,232.0
2026-04-20 02:00:00+05:30,53.0,2,20,4,212.0
2026-04-20 03:00:00+05:30,55.0,3,20,4,220.0
2026-04-20 04:00:00+05:30,54.0,4,20,4,216.0
2026-04-20 05:00:00+05:30,58.0,5,20,4,232.0
2026-04-20 06:00:00+05:30,69.0,6,20,4,276.0
2026-04-20 07:00:00+05:30,72.0,7,20,4,288.0
2026-04-20 08:00:00+05:30,158.0,8,20,4,500.0
2026-04-20 09:00:00+05:30,141.0,9,20,4,500.0
2026-04-20 10:00:00+05:30,98.0,10,20,4,392.0
2026-04-20 11:00:00+05:30,88.0,11,20,4,352.0
2026-04-20 12:00:00+05:30,65.0,12,20,4,260.0
2026-04-20 13:00:00+05:30,33.0,13,20,4,132.0
2026-04-20 14:00:00+05:30,20.0,14,20,4,80.0
2026-04-20 15:00:00+05:30,22.0,15,20,4,88.0
2026-04-20 16:00:00+05:30,27.0,16,20,4,108.0
2026-04-20 17:00:00+05:30,23.0,17,20,4,92.0
2026-04-20 18:00:00+05:30,27.0,18,20,4,108.0
2026-04-20 19:00:00+05:30,24.0,19,20,4,96.0
2026-04-20 20:00:00+05:30,36.0,20,20,4,144.0
2026-04-20 21:00:00+05:30,41.0,21,20,4,164.0
2026-04-20 22:00:00+05:30,58.0,22,20,4,232.0
2026-04-20 23:00:00+05:30,69.0,23,20,4,276.0
2026-04-21 00:00:00+05:30,61.0,0,21,4,244.0
2026-04-21 01:00:00+05:30,61.0,1,21,4,244.0
2026-04-21 02:00:00+05:30,62.0,2,21,4,248.0
2026-04-21 03:00:00+05:30,63.0,3,21,4,252.0
2026-04-21 04:00:00+05:30,61.0,4,21,4,244.0
2026-04-21 05:00:00+05:30,58.0,5,21,4,232.0
2026-04-21 06:00:00+05:30,61.0,6,21,4,244.0
2026-04-21 07:00:00+05:30,89.0,7,21,4,356.0
2026-04-21 08:00:00+05:30,139.0,8,21,4,500.0
2026-04-21 09:00:00+05:30,117.0,9,21,4,468.0
2026-04-21 10:00:00+05:30,91.0,10,21,4,364.0
2026-04-21 11:00:00+05:30,84.0,11,21,4,336.0
2026-04-21 12:00:00+05:30,46.0,12,21,4,184.0
2026-04-21 13:00:00+05:30,29.0,13,21,4,116.0
2026-04-21 14:00:00+05:30,30.0,14,21,4,120.0
2026-04-21 15:00:00+05:30,32.0,15,21,4,128.0
2026-04-21 16:00:00+05:30,29.0,16,21,4,116.0
2026-04-21 17:00:00+05:30,31.0,17,21,4,124.0
2026-04-21 18:00:00+05:30,31.0,18,21,4,124.0
2026-04-21 19:00:00+05:30,33.0,19,21,4,132.0
2026-04-21 20:00:00+05:30,39.0,20,21,4,156.0
2026-04-21 21:00:00+05:30,54.0,21,21,4,216.0
2026-04-21 22:00:00+05:30,71.0,22,21,4,284.0
2026-04-21 23:00:00+05:30,88.0,23,21,4,352.0
2026-04-22 00:00:00+05:30,103.0,0,22,4,412.0
2026-04-22 01:00:00+05:30,112.0,1,22,4,448.0
2026-04-22 02:00:00+05:30,119.0,2,22,4,476.0
2026-04-22 03:00:00+05:30,111.0,3,22,4,444.0
2026-04-22 04:00:00+05:30,143.0,4,22,4,500.0
2026-04-22 05:00:00+05:30,128.0,5,22,4,500.0
2026-04-22 06:00:00+05:30,134.0,6,22,4,500.0
2026-04-22 07:00:00+05:30,180.0,7,22,4,500.0
2026-04-22 08:00:00+05:30,153.0,8,22,4,500.0
2026-04-22 09:00:00+05:30,104.0,9,22,4,416.0
2026-04-22 10:00:00+05:30,74.0,10,22,4,296.0
2026-04-22 11:00:00+05:30,53.0,11,22,4,212.0
2026-04-22 12:00:00+05:30,37.0,12,22,4,148.0
2026-04-22 13:00:00+05:30,29.0,13,22,4,116.0
2026-04-22 14:00:00+05:30,23.0,14,22,4,92.0
2026-04-22 15:00:00+05:30,30.0,15,22,4,120.0
2026-04-22 16:00:00+05:30,26.0,16,22,4,104.0
2026-04-22 17:00:00+05:30,26.0,17,22,4,104.0
2026-04-22 18:00:00+05:30,23.0,18,22,4,92.0
2026-04-22 19:00:00+05:30,32.0,19,22,4,128.0
2026-04-22 20:00:00+05:30,39.0,20,22,4,156.0
2026-04-22 21:00:00+05:30,65.0,21,22,4,260.0
2026-04-22 22:00:00+05:30,67.0,22,22,4,268.0
2026-04-22 23:00:00+05:30,79.0,23,22,4,316.0
2026-04-23 00:00:00+05:30,90.0,0,23,4,360.0
2026-04-23 01:00:00+05:30,104.0,1,23,4,416.0
2026-04-23 02:00:00+05:30,97.0,2,23,4,388.0
2026-04-23 03:00:00+05:30,90.0,3,23,4,360.0
2026-04-23 04:00:00+05:30,90.0,4,23,4,360.0
2026-04-23 05:00:00+05:30,62.0,5,23,4,248.0
2026-04-23 06:00:00+05:30,34.0,6,23,4,136.0
2026-04-23 07:00:00+05:30,20.0,7,23,4,80.0
2026-04-23 08:00:00+05:30,30.0,8,23,4,120.0
2026-04-23 09:00:00+05:30,19.0,9,23,4,76.0
2026-04-23 10:00:00+05:30,27.0,10,23,4,108.0
2026-04-23 11:00:00+05:30,28.0,11,23,4,112.0
2026-04-23 12:00:00+05:30,26.0,12,23,4,104.0
2026-04-23 13:00:00+05:30,141.0,13,23,4,500.0
2026-04-23 14:00:00+05:30,141.0,14,23,4,500.0
2026-04-23 16:00:00+05:30,25.0,16,23,4,100.0
2026-04-23 17:00:00+05:30,25.0,17,23,4,100.0
2026-04-23 18:00:00+05:30,27.0,18,23,4,108.0
2026-04-23 19:00:00+05:30,37.0,19,23,4,148.0
2026-04-23 20:00:00+05:30,51.0,20,23,4,204.0
2026-04-23 21:00:00+05:30,55.0,21,23,4,220.0
2026-04-23 22:00:00+05:30,68.0,22,23,4,272.0
2026-04-23 23:00:00+05:30,82.0,23,23,4,328.0
2026-04-24 00:00:00+05:30,95.0,0,24,4,380.0
2026-04-24 01:00:00+05:30,111.0,1,24,4,444.0
2026-04-24 02:00:00+05:30,119.0,2,24,4,476.0
2026-04-24 03:00:00+05:30,164.0,3,24,4,500.0
2026-04-24 04:00:00+05:30,203.0,4,24,4,500.0
2026-04-24 05:00:00+05:30,175.0,5,24,4,500.0
2026-04-24 06:00:00+05:30,139.0,6,24,4,500.0
2026-04-24 07:00:00+05:30,125.0,7,24,4,500.0
2026-04-24 08:00:00+05:30,70.0,8,24,4,280.0
2026-04-24 09:00:00+05:30,40.0,9,24,4,160.0
2026-04-24 10:00:00+05:30,61.0,10,24,4,244.0
2026-04-24 11:00:00+05:30,81.0,11,24,4,324.0
2026-04-24 12:00:00+05:30,63.0,12,24,4,252.0
2026-04-24 13:00:00+05:30,57.0,13,24,4,228.0
2026-04-24 14:00:00+05:30,45.0,14,24,4,180.0
2026-04-24 15:00:00+05:30,48.0,15,24,4,192.0
2026-04-24 16:00:00+05:30,43.0,16,24,4,172.0
2026-04-24 17:00:00+05:30,51.0,17,24,4,204.0
2026-04-24 18:00:00+05:30,45.0,18,24,4,180.0
2026-04-24 19:00:00+05:30,50.0,19,24,4,200.0
2026-04-24 20:00:00+05:30,70.0,20,24,4,280.0
2026-04-24 21:00:00+05:30,73.0,21,24,4,292.0
2026-04-24 22:00:00+05:30,90.0,22,24,4,360.0
2026-04-24 23:00:00+05:30,143.0,23,24,4,500.0
2026-04-25 00:00:00+05:30,139.0,0,25,4,500.0
2026-04-25 01:00:00+05:30,132.0,1,25,4,500.0
2026-04-25 02:00:00+05:30,144.0,2,25,4,500.0
2026-04-25 03:00:00+05:30,121.0,3,25,4,484.0
2026-04-25 04:00:00+05:30,98.0,4,25,4,392.0
2026-04-25 05:00:00+05:30,77.0,5,25,4,308.0
2026-04-25 06:00:00+05:30,71.0,6,25,4,284.0
2026-04-25 07:00:00+05:30,98.0,7,25,4,392.0
2026-04-25 08:00:00+05:30,207.0,8,25,4,500.0
2026-04-25 09:00:00+05:30,135.0,9,25,4,500.0
2026-04-25 10:00:00+05:30,96.0,10,25,4,384.0
2026-04-25 11:00:00+05:30,60.0,11,25,4,240.0
2026-04-25 12:00:00+05:30,46.0,12,25,4,184.0
2026-04-25 13:00:00+05:30,38.0,13,25,4,152.0
2026-04-25 14:00:00+05:30,30.0,14,25,4,120.0
2026-04-25 15:00:00+05:30,34.0,15,25,4,136.0
2026-04-25 16:00:00+05:30,37.0,16,25,4,148.0
2026-04-25 17:00:00+05:30,39.0,17,25,4,156.0
2026-04-25 18:00:00+05:30,38.0,18,25,4,152.0
2026-04-25 19:00:00+05:30,41.0,19,25,4,164.0
2026-04-25 20:00:00+05:30,49.0,20,25,4,196.0
2026-04-25 21:00:00+05:30,60.0,21,25,4,240.0
2026-04-25 22:00:00+05:30,82.0,22,25,4,328.0
2026-04-25 23:00:00+05:30,89.0,23,25,4,356.0
2026-04-26 00:00:00+05:30,89.0,0,26,4,356.0
2026-04-26 01:00:00+05:30,98.0,1,26,4,392.0
2026-04-26 02:00:00+05:30,90.0,2,26,4,360.0
2026-04-26 03:00:00+05:30,90.0,3,26,4,360.0
2026-04-26 04:00:00+05:30,92.0,4,26,4,368.0
2026-04-26 05:00:00+05:30,117.0,5,26,4,468.0
2026-04-26 06:00:00+05:30,187.0,6,26,4,500.0
2026-04-26 07:00:00+05:30,162.0,7,26,4,500.0
2026-04-26 08:00:00+05:30,142.0,8,26,4,500.0
2026-04-26 09:00:00+05:30,140.0,9,26,4,500.0
2026-04-26 10:00:00+05:30,111.0,10,26,4,444.0
2026-04-26 11:00:00+05:30,79.0,11,26,4,316.0
2026-04-26 12:00:00+05:30,54.0,12,26,4,216.0
2026-04-26 13:00:00+05:30,44.0,13,26,4,176.0
2026-04-26 14:00:00+05:30,43.0,14,26,4,172.0
2026-04-26 15:00:00+05:30,40.0,15,26,4,160.0
2026-04-26 16:00:00+05:30,45.0,16,26,4,180.0
2026-04-26 17:00:00+05:30,48.0,17,26,4,192.0
2026-04-26 18:00:00+05:30,43.0,18,26,4,172.0
2026-04-26 19:00:00+05:30,42.0,19,26,4,168.0
2026-04-26 20:00:00+05:30,52.0,20,26,4,208.0
2026-04-26 21:00:00+05:30,69.0,21,26,4,276.0
2026-04-26 22:00:00+05:30,73.0,22,26,4,292.0
2026-04-26 23:00:00+05:30,88.0,23,26,4,352.0
2026-04-27 00:00:00+05:30,83.0,0,27,4,332.0
2026-04-27 01:00:00+05:30,68.0,1,27,4,272.0
2026-04-27 02:00:00+05:30,58.0,2,27,4,232.0
2026-04-27 03:00:00+05:30,53.0,3,27,4,212.0
2026-04-27 04:00:00+05:30,64.0,4,27,4,256.0
2026-04-27 05:00:00+05:30,78.0,5,27,4,312.0
2026-04-27 06:00:00+05:30,101.0,6,27,4,404.0
2026-04-27 07:00:00+05:30,155.0,7,27,4,500.0
2026-04-27 08:00:00+05:30,192.0,8,27,4,500.0
2026-04-27 09:00:00+05:30,166.0,9,27,4,500.0
2026-04-27 10:00:00+05:30,83.0,10,27,4,332.0
2026-04-27 11:00:00+05:30,49.0,11,27,4,196.0
2026-04-27 12:00:00+05:30,44.0,12,27,4,176.0
2026-04-27 13:00:00+05:30,32.0,13,27,4,128.0
2026-04-27 14:00:00+05:30,27.0,14,27,4,108.0
2026-04-27 15:00:00+05:30,57.0,15,27,4,228.0
2026-04-27 16:00:00+05:30,57.0,16,27,4,228.0
2026-04-27 17:00:00+05:30,82.0,17,27,4,328.0
2026-04-27 18:00:00+05:30,52.0,18,27,4,208.0
2026-04-27 19:00:00+05:30,49.0,19,27,4,196.0
2026-04-27 20:00:00+05:30,55.0,20,27,4,220.0
2026-04-27 21:00:00+05:30,135.0,21,27,4,500.0
2026-04-27 22:00:00+05:30,86.0,22,27,4,344.0
2026-04-27 23:00:00+05:30,44.0,23,27,4,176.0
2026-04-28 00:00:00+05:30,23.0,0,28,4,92.0
2026-04-28 01:00:00+05:30,20.0,1,28,4,80.0
2026-04-28 02:00:00+05:30,28.0,2,28,4,112.0
2026-04-28 03:00:00+05:30,56.0,3,28,4,224.0
2026-04-28 04:00:00+05:30,48.0,4,28,4,192.0
2026-04-28 05:00:00+05:30,38.0,5,28,4,152.0
2026-04-28 06:00:00+05:30,48.0,6,28,4,192.0
2026-04-28 07:00:00+05:30,68.0,7,28,4,272.0
2026-04-28 08:00:00+05:30,67.0,8,28,4,268.0
2026-04-28 09:00:00+05:30,106.0,9,28,4,424.0
2026-04-28 10:00:00+05:30,113.0,10,28,4,452.0
2026-04-28 11:00:00+05:30,86.0,11,28,4,344.0
2026-04-28 12:00:00+05:30,59.0,12,28,4,236.0
2026-04-28 13:00:00+05:30,48.0,13,28,4,192.0
2026-04-28 14:00:00+05:30,50.0,14,28,4,200.0
2026-05-04 19:00:00+05:30,14.0,19,4,5,56.0
2026-05-04 20:00:00+05:30,13.0,20,4,5,52.0
2026-05-04 21:00:00+05:30,14.0,21,4,5,56.0
2026-05-04 22:00:00+05:30,23.0,22,4,5,92.0
2026-05-04 23:00:00+05:30,21.0,23,4,5,84.0
2026-05-05 00:00:00+05:30,17.0,0,5,5,68.0
2026-05-05 01:00:00+05:30,14.0,1,5,5,56.0
2026-05-05 02:00:00+05:30,15.0,2,5,5,60.0
2026-05-05 03:00:00+05:30,18.0,3,5,5,72.0
2026-05-05 04:00:00+05:30,26.0,4,5,5,104.0
2026-05-05 05:00:00+05:30,39.0,5,5,5,156.0
2026-05-05 06:00:00+05:30,47.0,6,5,5,188.0
2026-05-05 07:00:00+05:30,45.0,7,5,5,180.0
2026-05-05 08:00:00+05:30,60.0,8,5,5,240.0
2026-05-05 09:00:00+05:30,64.0,9,5,5,256.0
2026-05-05 10:00:00+05:30,33.0,10,5,5,132.0
2026-05-05 11:00:00+05:30,30.0,11,5,5,120.0
2026-05-05 12:00:00+05:30,27.0,12,5,5,108.0
2026-05-05 13:00:00+05:30,28.0,13,5,5,112.0
2026-05-05 14:00:00+05:30,28.0,14,5,5,112.0
2026-05-05 15:00:00+05:30,35.0,15,5,5,140.0
2026-05-05 16:00:00+05:30,38.0,16,5,5,152.0
2026-05-05 17:00:00+05:30,37.0,17,5,5,148.0
2026-05-05 18:00:00+05:30,37.0,18,5,5,148.0
2026-05-05 19:00:00+05:30,39.0,19,5,5,156.0
2026-05-05 20:00:00+05:30,41.0,20,5,5,164.0
2026-05-05 21:00:00+05:30,37.0,21,5,5,148.0
2026-05-05 22:00:00+05:30,24.0,22,5,5,96.0
2026-05-05 23:00:00+05:30,20.0,23,5,5,80.0
2026-05-06 00:00:00+05:30,29.0,0,6,5,116.0
2026-05-06 01:00:00+05:30,34.0,1,6,5,136.0
2026-05-06 02:00:00+05:30,29.0,2,6,5,116.0
2026-05-06 03:00:00+05:30,33.0,3,6,5,132.0
2026-05-06 04:00:00+05:30,47.0,4,6,5,188.0
2026-05-06 05:00:00+05:30,59.0,5,6,5,236.0
2026-05-06 06:00:00+05:30,58.0,6,6,5,232.0
2026-05-06 07:00:00+05:30,50.0,7,6,5,200.0
2026-05-06 08:00:00+05:30,54.0,8,6,5,216.0
2026-05-06 09:00:00+05:30,42.0,9,6,5,168.0
2026-05-06 10:00:00+05:30,51.0,10,6,5,204.0
2026-05-06 11:00:00+05:30,44.0,11,6,5,176.0
2026-05-06 12:00:00+05:30,46.0,12,6,5,184.0
2026-05-06 13:00:00+05:30,43.0,13,6,5,172.0
2026-05-06 14:00:00+05:30,43.0,14,6,5,172.0
2026-05-06 15:00:00+05:30,44.0,15,6,5,176.0
2026-05-06 16:00:00+05:30,48.0,16,6,5,192.0
2026-05-06 17:00:00+05:30,55.0,17,6,5,220.0
2026-05-06 18:00:00+05:30,55.0,18,6,5,220.0
2026-05-06 19:00:00+05:30,55.0,19,6,5,220.0
2026-05-06 20:00:00+05:30,65.0,20,6,5,260.0
2026-05-06 21:00:00+05:30,74.0,21,6,5,296.0
2026-05-06 22:00:00+05:30,90.0,22,6,5,360.0
2026-05-06 23:00:00+05:30,80.0,23,6,5,320.0
2026-05-07 00:00:00+05:30,62.0,0,7,5,248.0
2026-05-07 01:00:00+05:30,62.0,1,7,5,248.0
2026-05-07 02:00:00+05:30,55.0,2,7,5,220.0
2026-05-07 03:00:00+05:30,45.0,3,7,5,180.0
2026-05-07 04:00:00+05:30,33.0,4,7,5,132.0
2026-05-07 05:00:00+05:30,42.0,5,7,5,168.0
2026-05-07 06:00:00+05:30,24.0,6,7,5,96.0
2026-05-07 07:00:00+05:30,30.0,7,7,5,120.0
2026-05-07 08:00:00+05:30,34.0,8,7,5,136.0
2026-05-07 09:00:00+05:30,39.0,9,7,5,156.0
2026-05-07 10:00:00+05:30,33.0,10,7,5,132.0
2026-05-07 11:00:00+05:30,32.0,11,7,5,128.0
2026-05-07 12:00:00+05:30,30.0,12,7,5,120.0
2026-05-07 13:00:00+05:30,31.0,13,7,5,124.0
2026-05-07 14:00:00+05:30,30.0,14,7,5,120.0
2026-05-07 15:00:00+05:30,26.0,15,7,5,104.0
2026-05-07 16:00:00+05:30,25.0,16,7,5,100.0
2026-05-07 17:00:00+05:30,28.0,17,7,5,112.0
2026-05-07 18:00:00+05:30,28.0,18,7,5,112.0
2026-05-07 19:00:00+05:30,22.0,19,7,5,88.0
2026-05-07 20:00:00+05:30,26.0,20,7,5,104.0
2026-05-07 21:00:00+05:30,35.0,21,7,5,140.0
2026-05-07 22:00:00+05:30,40.0,22,7,5,160.0
2026-05-07 23:00:00+05:30,30.0,23,7,5,120.0
2026-05-08 00:00:00+05:30,36.0,0,8,5,144.0
2026-05-08 01:00:00+05:30,43.0,1,8,5,172.0
2026-05-08 02:00:00+05:30,38.0,2,8,5,152.0
2026-05-08 03:00:00+05:30,52.0,3,8,5,208.0
2026-05-08 04:00:00+05:30,41.0,4,8,5,164.0
2026-05-08 05:00:00+05:30,56.0,5,8,5,224.0
2026-05-08 06:00:00+05:30,54.0,6,8,5,216.0
2026-05-08 07:00:00+05:30,49.0,7,8,5,196.0
2026-05-08 08:00:00+05:30,44.0,8,8,5,176.0
2026-05-08 09:00:00+05:30,40.0,9,8,5,160.0
2026-05-08 10:00:00+05:30,36.0,10,8,5,144.0
2026-05-08 11:00:00+05:30,25.0,11,8,5,100.0
2026-05-08 12:00:00+05:30,27.0,12,8,5,108.0
2026-05-08 13:00:00+05:30,23.0,13,8,5,92.0
2026-05-08 14:00:00+05:30,28.0,14,8,5,112.0
2026-05-08 15:00:00+05:30,27.0,15,8,5,108.0
2026-05-08 16:00:00+05:30,23.0,16,8,5,92.0
2026-05-08 17:00:00+05:30,24.0,17,8,5,96.0
2026-05-08 18:00:00+05:30,28.0,18,8,5,112.0
2026-05-08 19:00:00+05:30,29.0,19,8,5,116.0
2026-05-08 20:00:00+05:30,32.0,20,8,5,128.0
2026-05-08 21:00:00+05:30,35.0,21,8,5,140.0
2026-05-08 22:00:00+05:30,43.0,22,8,5,172.0
2026-05-08 23:00:00+05:30,38.0,23,8,5,152.0
2026-05-09 00:00:00+05:30,41.0,0,9,5,164.0
2026-05-09 01:00:00+05:30,46.0,1,9,5,184.0
2026-05-09 02:00:00+05:30,48.0,2,9,5,192.0
2026-05-09 03:00:00+05:30,61.0,3,9,5,244.0
2026-05-09 04:00:00+05:30,60.0,4,9,5,240.0
2026-05-09 05:00:00+05:30,52.0,5,9,5,208.0
2026-05-09 06:00:00+05:30,65.0,6,9,5,260.0
2026-05-09 07:00:00+05:30,69.0,7,9,5,276.0
2026-05-09 08:00:00+05:30,52.0,8,9,5,208.0
2026-05-09 09:00:00+05:30,45.0,9,9,5,180.0
2026-05-09 10:00:00+05:30,44.0,10,9,5,176.0
2026-05-09 11:00:00+05:30,41.0,11,9,5,164.0
2026-05-09 12:00:00+05:30,39.0,12,9,5,156.0
2026-05-09 13:00:00+05:30,31.0,13,9,5,124.0
2026-05-09 14:00:00+05:30,35.0,14,9,5,140.0
2026-05-09 15:00:00+05:30,35.0,15,9,5,140.0
2026-05-09 16:00:00+05:30,34.0,16,9,5,136.0
2026-05-09 17:00:00+05:30,36.0,17,9,5,144.0
2026-05-09 18:00:00+05:30,35.0,18,9,5,140.0
2026-05-09 19:00:00+05:30,38.0,19,9,5,152.0
2026-05-09 20:00:00+05:30,54.0,20,9,5,216.0
2026-05-09 21:00:00+05:30,48.0,21,9,5,192.0
2026-05-09 22:00:00+05:30,54.0,22,9,5,216.0
2026-05-09 23:00:00+05:30,60.0,23,9,5,240.0
2026-05-10 00:00:00+05:30,69.0,0,10,5,276.0
2026-05-10 01:00:00+05:30,70.0,1,10,5,280.0
2026-05-10 02:00:00+05:30,56.0,2,10,5,224.0
2026-05-10 03:00:00+05:30,54.0,3,10,5,216.0
2026-05-10 04:00:00+05:30,55.0,4,10,5,220.0
2026-05-10 05:00:00+05:30,49.0,5,10,5,196.0
2026-05-10 06:00:00+05:30,61.0,6,10,5,244.0
2026-05-10 07:00:00+05:30,57.0,7,10,5,228.0
2026-05-10 08:00:00+05:30,64.0,8,10,5,256.0
2026-05-10 09:00:00+05:30,46.0,9,10,5,184.0
2026-05-10 10:00:00+05:30,46.0,10,10,5,184.0
2026-05-10 11:00:00+05:30,41.0,11,10,5,164.0
2026-05-10 12:00:00+05:30,46.0,12,10,5,184.0
2026-05-10 13:00:00+05:30,43.0,13,10,5,172.0
2026-05-10 14:00:00+05:30,42.0,14,10,5,168.0
2026-05-10 15:00:00+05:30,42.0,15,10,5,168.0
2026-05-10 16:00:00+05:30,45.0,16,10,5,180.0
2026-05-10 17:00:00+05:30,47.0,17,10,5,188.0
2026-05-10 18:00:00+05:30,43.0,18,10,5,172.0
2026-05-10 19:00:00+05:30,42.0,19,10,5,168.0
2026-05-10 20:00:00+05:30,48.0,20,10,5,192.0
2026-05-10 21:00:00+05:30,55.0,21,10,5,220.0
2026-05-10 22:00:00+05:30,53.0,22,10,5,212.0
2026-05-10 23:00:00+05:30,56.0,23,10,5,224.0
2026-05-11 00:00:00+05:30,69.0,0,11,5,276.0
2026-05-11 01:00:00+05:30,59.0,1,11,5,236.0
2026-05-11 02:00:00+05:30,59.0,2,11,5,236.0
2026-05-11 03:00:00+05:30,58.0,3,11,5,232.0
2026-05-11 04:00:00+05:30,56.0,4,11,5,224.0
2026-05-11 05:00:00+05:30,45.0,5,11,5,180.0
2026-05-11 06:00:00+05:30,52.0,6,11,5,208.0
2026-05-11 07:00:00+05:30,54.0,7,11,5,216.0
2026-05-11 08:00:00+05:30,59.0,8,11,5,236.0
2026-05-11 09:00:00+05:30,57.0,9,11,5,228.0
2026-05-11 10:00:00+05:30,63.0,10,11,5,252.0
2026-05-11 11:00:00+05:30,53.0,11,11,5,212.0
2026-05-11 12:00:00+05:30,48.0,12,11,5,192.0
2026-05-11 13:00:00+05:30,48.0,13,11,5,192.0
2026-05-11 14:00:00+05:30,54.0,14,11,5,216.0
2026-05-11 15:00:00+05:30,61.0,15,11,5,244.0
2026-05-11 16:00:00+05:30,54.0,16,11,5,216.0
2026-05-11 17:00:00+05:30,53.0,17,11,5,212.0
2026-05-11 18:00:00+05:30,55.0,18,11,5,220.0
2026-05-11 19:00:00+05:30,59.0,19,11,5,236.0
2026-05-11 20:00:00+05:30,63.0,20,11,5,252.0
2026-05-11 21:00:00+05:30,70.0,21,11,5,280.0
2026-05-11 22:00:00+05:30,84.0,22,11,5,336.0
2026-05-11 23:00:00+05:30,89.0,23,11,5,356.0
2026-05-12 00:00:00+05:30,82.0,0,12,5,328.0
2026-05-12 01:00:00+05:30,72.0,1,12,5,288.0
2026-05-12 02:00:00+05:30,58.0,2,12,5,232.0
2026-05-12 03:00:00+05:30,72.0,3,12,5,288.0
2026-05-12 04:00:00+05:30,69.0,4,12,5,276.0
2026-05-12 05:00:00+05:30,66.0,5,12,5,264.0
2026-05-12 06:00:00+05:30,70.0,6,12,5,280.0
2026-05-12 07:00:00+05:30,81.0,7,12,5,324.0
2026-05-12 08:00:00+05:30,75.0,8,12,5,300.0
2026-05-12 09:00:00+05:30,69.0,9,12,5,276.0
2026-05-12 10:00:00+05:30,64.0,10,12,5,256.0
2026-05-12 11:00:00+05:30,67.0,11,12,5,268.0
2026-05-12 12:00:00+05:30,68.0,12,12,5,272.0
2026-05-12 13:00:00+05:30,61.0,13,12,5,244.0
2026-05-12 14:00:00+05:30,74.0,14,12,5,296.0
2026-05-12 15:00:00+05:30,62.0,15,12,5,248.0
2026-05-12 16:00:00+05:30,61.0,16,12,5,244.0
2026-05-12 17:00:00+05:30,52.0,17,12,5,208.0
2026-05-12 18:00:00+05:30,57.0,18,12,5,228.0
2026-05-12 19:00:00+05:30,49.0,19,12,5,196.0
2026-05-12 20:00:00+05:30,59.0,20,12,5,236.0
2026-05-12 21:00:00+05:30,45.0,21,12,5,180.0
2026-05-12 22:00:00+05:30,45.0,22,12,5,180.0
2026-05-12 23:00:00+05:30,43.0,23,12,5,172.0
2026-05-13 00:00:00+05:30,48.0,0,13,5,192.0
2026-05-13 01:00:00+05:30,45.0,1,13,5,180.0
2026-05-13 02:00:00+05:30,66.0,2,13,5,264.0
2026-05-13 03:00:00+05:30,61.0,3,13,5,244.0
2026-05-13 04:00:00+05:30,51.0,4,13,5,204.0
2026-05-13 05:00:00+05:30,57.0,5,13,5,228.0
2026-05-13 06:00:00+05:30,59.0,6,13,5,236.0
2026-05-13 07:00:00+05:30,63.0,7,13,5,252.0
2026-05-13 08:00:00+05:30,79.0,8,13,5,316.0
2026-05-13 09:00:00+05:30,86.0,9,13,5,344.0
2026-05-13 10:00:00+05:30,96.0,10,13,5,384.0
2026-05-13 11:00:00+05:30,51.0,11,13,5,204.0
2026-05-13 12:00:00+05:30,51.0,12,13,5,204.0
2026-05-13 13:00:00+05:30,49.0,13,13,5,196.0
2026-05-13 14:00:00+05:30,59.0,14,13,5,236.0
2026-05-13 15:00:00+05:30,59.0,15,13,5,236.0
2026-05-13 16:00:00+05:30,57.0,16,13,5,228.0
2026-05-13 17:00:00+05:30,55.0,17,13,5,220.0
2026-05-13 18:00:00+05:30,60.0,18,13,5,240.0
2026-05-13 19:00:00+05:30,62.0,19,13,5,248.0
2026-05-13 20:00:00+05:30,69.0,20,13,5,276.0
2026-05-13 21:00:00+05:30,39.0,21,13,5,156.0
2026-05-13 22:00:00+05:30,28.0,22,13,5,112.0
2026-05-13 23:00:00+05:30,32.0,23,13,5,128.0
2026-05-14 00:00:00+05:30,40.0,0,14,5,160.0
2026-05-14 01:00:00+05:30,35.0,1,14,5,140.0
2026-05-14 02:00:00+05:30,30.0,2,14,5,120.0
2026-05-14 03:00:00+05:30,30.0,3,14,5,120.0
2026-05-14 04:00:00+05:30,27.0,4,14,5,108.0
2026-05-14 05:00:00+05:30,38.0,5,14,5,152.0
2026-05-14 06:00:00+05:30,30.0,6,14,5,120.0
2026-05-14 07:00:00+05:30,24.0,7,14,5,96.0
2026-05-14 08:00:00+05:30,33.0,8,14,5,132.0
2026-05-14 09:00:00+05:30,32.0,9,14,5,128.0
2026-05-14 10:00:00+05:30,27.0,10,14,5,108.0
2026-05-14 11:00:00+05:30,38.0,11,14,5,152.0
2026-05-14 12:00:00+05:30,42.0,12,14,5,168.0
2026-05-14 13:00:00+05:30,100.0,13,14,5,400.0
2026-05-14 14:00:00+05:30,60.0,14,14,5,240.0
2026-05-14 15:00:00+05:30,56.0,15,14,5,224.0
2026-05-14 16:00:00+05:30,54.0,16,14,5,216.0
2026-05-14 17:00:00+05:30,55.0,17,14,5,220.0
2026-05-14 18:00:00+05:30,60.0,18,14,5,240.0
2026-05-14 19:00:00+05:30,59.0,19,14,5,236.0
2026-05-14 20:00:00+05:30,49.0,20,14,5,196.0
2026-05-14 21:00:00+05:30,52.0,21,14,5,208.0
2026-05-14 22:00:00+05:30,54.0,22,14,5,216.0
2026-05-14 23:00:00+05:30,60.0,23,14,5,240.0
2026-05-15 00:00:00+05:30,61.0,0,15,5,244.0
2026-05-15 01:00:00+05:30,54.0,1,15,5,216.0
2026-05-15 02:00:00+05:30,27.0,2,15,5,108.0
2026-05-15 03:00:00+05:30,27.0,3,15,5,108.0
2026-05-15 04:00:00+05:30,44.0,4,15,5,176.0
2026-05-15 05:00:00+05:30,26.0,5,15,5,104.0
2026-05-15 06:00:00+05:30,26.0,6,15,5,104.0
2026-05-15 07:00:00+05:30,32.0,7,15,5,128.0
2026-05-15 08:00:00+05:30,38.0,8,15,5,152.0
2026-05-15 09:00:00+05:30,38.0,9,15,5,152.0
2026-05-15 10:00:00+05:30,45.0,10,15,5,180.0
2026-05-15 11:00:00+05:30,56.0,11,15,5,224.0
2026-05-15 12:00:00+05:30,41.0,12,15,5,164.0
2026-05-15 13:00:00+05:30,35.0,13,15,5,140.0
2026-05-15 14:00:00+05:30,59.0,14,15,5,236.0
2026-05-15 15:00:00+05:30,54.0,15,15,5,216.0
2026-05-15 16:00:00+05:30,32.0,16,15,5,128.0
2026-05-15 17:00:00+05:30,38.0,17,15,5,152.0
2026-05-15 18:00:00+05:30,50.0,18,15,5,200.0
2026-05-15 19:00:00+05:30,49.0,19,15,5,196.0
2026-05-15 20:00:00+05:30,70.0,20,15,5,280.0
2026-05-15 21:00:00+05:30,69.0,21,15,5,276.0
2026-05-15 22:00:00+05:30,69.0,22,15,5,276.0
2026-05-15 23:00:00+05:30,69.0,23,15,5,276.0
2026-05-16 00:00:00+05:30,69.0,0,16,5,276.0
2026-05-16 01:00:00+05:30,73.0,1,16,5,292.0
2026-05-16 02:00:00+05:30,77.0,2,16,5,308.0
2026-05-16 03:00:00+05:30,82.0,3,16,5,328.0
2026-05-16 04:00:00+05:30,91.0,4,16,5,364.0
2026-05-16 05:00:00+05:30,93.0,5,16,5,372.0
2026-05-16 06:00:00+05:30,86.0,6,16,5,344.0
2026-05-16 07:00:00+05:30,102.0,7,16,5,408.0
2026-05-16 08:00:00+05:30,117.0,8,16,5,468.0
2026-05-16 09:00:00+05:30,92.0,9,16,5,368.0
2026-05-16 10:00:00+05:30,69.0,10,16,5,276.0
2026-05-16 11:00:00+05:30,70.0,11,16,5,280.0
2026-05-16 12:00:00+05:30,57.0,12,16,5,228.0
2026-05-16 13:00:00+05:30,57.0,13,16,5,228.0
2026-05-16 14:00:00+05:30,33.0,14,16,5,132.0
2026-05-16 15:00:00+05:30,29.0,15,16,5,116.0
2026-05-16 16:00:00+05:30,27.0,16,16,5,108.0
2026-05-16 17:00:00+05:30,29.0,17,16,5,116.0
2026-05-16 18:00:00+05:30,33.0,18,16,5,132.0
2026-05-16 19:00:00+05:30,32.0,19,16,5,128.0
2026-05-16 20:00:00+05:30,43.0,20,16,5,172.0
2026-05-16 21:00:00+05:30,54.0,21,16,5,216.0
2026-05-16 22:00:00+05:30,60.0,22,16,5,240.0
2026-05-16 23:00:00+05:30,69.0,23,16,5,276.0
2026-05-17 00:00:00+05:30,66.0,0,17,5,264.0
2026-05-17 01:00:00+05:30,67.0,1,17,5,268.0
2026-05-17 02:00:00+05:30,63.0,2,17,5,252.0
2026-05-17 03:00:00+05:30,66.0,3,17,5,264.0
2026-05-17 04:00:00+05:30,69.0,4,17,5,276.0
2026-05-17 05:00:00+05:30,84.0,5,17,5,336.0
2026-05-17 06:00:00+05:30,88.0,6,17,5,352.0
2026-05-17 07:00:00+05:30,87.0,7,17,5,348.0
2026-05-17 08:00:00+05:30,118.0,8,17,5,472.0
2026-05-17 09:00:00+05:30,118.0,9,17,5,472.0
2026-05-17 10:00:00+05:30,83.0,10,17,5,332.0
2026-05-17 11:00:00+05:30,60.0,11,17,5,240.0
2026-05-17 12:00:00+05:30,52.0,12,17,5,208.0
2026-05-17 13:00:00+05:30,50.0,13,17,5,200.0
2026-05-17 14:00:00+05:30,42.0,14,17,5,168.0
2026-05-17 15:00:00+05:30,40.0,15,17,5,160.0
2026-05-17 16:00:00+05:30,35.0,16,17,5,140.0
2026-05-17 17:00:00+05:30,37.0,17,17,5,148.0
2026-05-17 18:00:00+05:30,36.0,18,17,5,144.0
2026-05-17 19:00:00+05:30,42.0,19,17,5,168.0
2026-05-17 20:00:00+05:30,46.0,20,17,5,184.0
2026-05-17 21:00:00+05:30,53.0,21,17,5,212.0
2026-05-17 22:00:00+05:30,58.0,22,17,5,232.0
2026-05-17 23:00:00+05:30,52.0,23,17,5,208.0
2026-05-18 00:00:00+05:30,51.0,0,18,5,204.0
2026-05-18 01:00:00+05:30,46.0,1,18,5,184.0
2026-05-18 02:00:00+05:30,50.0,2,18,5,200.0
2026-05-18 03:00:00+05:30,55.0,3,18,5,220.0
2026-05-18 04:00:00+05:30,63.0,4,18,5,252.0
2026-05-18 05:00:00+05:30,70.0,5,18,5,280.0
2026-05-18 06:00:00+05:30,106.0,6,18,5,424.0
2026-05-18 07:00:00+05:30,88.0,7,18,5,352.0
2026-05-18 08:00:00+05:30,90.0,8,18,5,360.0
2026-05-18 09:00:00+05:30,87.0,9,18,5,348.0
2026-05-18 10:00:00+05:30,76.0,10,18,5,304.0
2026-05-18 11:00:00+05:30,58.0,11,18,5,232.0
2026-05-18 12:00:00+05:30,43.0,12,18,5,172.0
2026-05-18 13:00:00+05:30,38.0,13,18,5,152.0
2026-05-18 14:00:00+05:30,36.0,14,18,5,144.0
2026-05-18 15:00:00+05:30,36.0,15,18,5,144.0
2026-05-18 16:00:00+05:30,37.0,16,18,5,148.0
2026-05-18 17:00:00+05:30,38.0,17,18,5,152.0
2026-05-18 18:00:00+05:30,37.0,18,18,5,148.0
2026-05-18 19:00:00+05:30,33.0,19,18,5,132.0
2026-05-18 20:00:00+05:30,38.0,20,18,5,152.0
2026-05-18 21:00:00+05:30,58.0,21,18,5,232.0
2026-05-18 22:00:00+05:30,73.0,22,18,5,292.0
2026-05-18 23:00:00+05:30,63.0,23,18,5,252.0
2026-05-19 00:00:00+05:30,54.0,0,19,5,216.0
2026-05-19 01:00:00+05:30,61.0,1,19,5,244.0
2026-05-19 02:00:00+05:30,64.0,2,19,5,256.0
2026-05-19 03:00:00+05:30,68.0,3,19,5,272.0
2026-05-19 04:00:00+05:30,62.0,4,19,5,248.0
2026-05-19 05:00:00+05:30,65.0,5,19,5,260.0
2026-05-19 06:00:00+05:30,72.0,6,19,5,288.0
2026-05-19 07:00:00+05:30,67.0,7,19,5,268.0
2026-05-19 08:00:00+05:30,78.0,8,19,5,312.0
2026-05-19 09:00:00+05:30,72.0,9,19,5,288.0
2026-05-19 10:00:00+05:30,54.0,10,19,5,216.0
2026-05-19 11:00:00+05:30,88.0,11,19,5,352.0
2026-05-19 12:00:00+05:30,58.0,12,19,5,232.0
2026-05-19 13:00:00+05:30,44.0,13,19,5,176.0
2026-05-19 14:00:00+05:30,34.0,14,19,5,136.0
2026-05-19 15:00:00+05:30,31.0,15,19,5,124.0
2026-05-19 16:00:00+05:30,28.0,16,19,5,112.0
2026-05-19 17:00:00+05:30,32.0,17,19,5,128.0
2026-05-19 18:00:00+05:30,29.0,18,19,5,116.0
2026-05-19 19:00:00+05:30,22.0,19,19,5,88.0
2026-05-19 20:00:00+05:30,38.0,20,19,5,152.0
2026-05-19 21:00:00+05:30,60.0,21,19,5,240.0
2026-05-19 22:00:00+05:30,62.0,22,19,5,248.0
2026-05-19 23:00:00+05:30,69.0,23,19,5,276.0
2026-05-20 00:00:00+05:30,74.0,0,20,5,296.0
2026-05-20 01:00:00+05:30,63.0,1,20,5,252.0
2026-05-20 02:00:00+05:30,54.0,2,20,5,216.0
2026-05-20 03:00:00+05:30,43.0,3,20,5,172.0
2026-05-20 04:00:00+05:30,48.0,4,20,5,192.0
2026-05-20 05:00:00+05:30,42.0,5,20,5,168.0
2026-05-20 06:00:00+05:30,38.0,6,20,5,152.0
2026-05-20 07:00:00+05:30,30.0,7,20,5,120.0
2026-05-20 08:00:00+05:30,43.0,8,20,5,172.0
2026-05-20 09:00:00+05:30,47.0,9,20,5,188.0
2026-05-20 10:00:00+05:30,62.0,10,20,5,248.0
2026-05-20 11:00:00+05:30,65.0,11,20,5,260.0
2026-05-20 12:00:00+05:30,39.0,12,20,5,156.0
2026-05-20 13:00:00+05:30,32.0,13,20,5,128.0
2026-05-20 14:00:00+05:30,29.0,14,20,5,116.0
2026-05-20 15:00:00+05:30,33.0,15,20,5,132.0
2026-05-20 16:00:00+05:30,23.0,16,20,5,92.0
2026-05-20 17:00:00+05:30,25.0,17,20,5,100.0
2026-05-20 18:00:00+05:30,21.0,18,20,5,84.0
2026-05-20 19:00:00+05:30,35.0,19,20,5,140.0
2026-05-20 20:00:00+05:30,46.0,20,20,5,184.0
2026-05-20 21:00:00+05:30,49.0,21,20,5,196.0
2026-05-20 22:00:00+05:30,48.0,22,20,5,192.0
2026-05-20 23:00:00+05:30,47.0,23,20,5,188.0
2026-05-21 00:00:00+05:30,36.0,0,21,5,144.0
2026-05-21 01:00:00+05:30,42.0,1,21,5,168.0
2026-05-21 02:00:00+05:30,36.0,2,21,5,144.0
2026-05-21 03:00:00+05:30,36.0,3,21,5,144.0
2026-05-21 04:00:00+05:30,33.0,4,21,5,132.0
2026-05-21 05:00:00+05:30,40.0,5,21,5,160.0
2026-05-21 06:00:00+05:30,40.0,6,21,5,160.0
2026-05-21 07:00:00+05:30,45.0,7,21,5,180.0
2026-05-21 08:00:00+05:30,51.0,8,21,5,204.0
2026-05-21 09:00:00+05:30,66.0,9,21,5,264.0
2026-05-21 10:00:00+05:30,85.0,10,21,5,340.0
2026-05-21 11:00:00+05:30,78.0,11,21,5,312.0
2026-05-21 12:00:00+05:30,70.0,12,21,5,280.0
2026-05-21 13:00:00+05:30,65.0,13,21,5,260.0
2026-05-21 14:00:00+05:30,63.0,14,21,5,252.0
2026-05-21 15:00:00+05:30,64.0,15,21,5,256.0
2026-05-21 16:00:00+05:30,51.0,16,21,5,204.0
2026-05-21 17:00:00+05:30,48.0,17,21,5,192.0
2026-05-21 18:00:00+05:30,48.0,18,21,5,192.0
2026-05-21 19:00:00+05:30,50.0,19,21,5,200.0
2026-05-21 20:00:00+05:30,48.0,20,21,5,192.0
2026-05-21 21:00:00+05:30,50.0,21,21,5,200.0
2026-05-21 22:00:00+05:30,50.0,22,21,5,200.0
2026-05-21 23:00:00+05:30,44.0,23,21,5,176.0
2026-05-22 00:00:00+05:30,39.0,0,22,5,156.0
2026-05-22 01:00:00+05:30,34.0,1,22,5,136.0
2026-05-22 02:00:00+05:30,41.0,2,22,5,164.0
2026-05-22 03:00:00+05:30,32.0,3,22,5,128.0
2026-05-22 04:00:00+05:30,35.0,4,22,5,140.0
2026-05-22 05:00:00+05:30,43.0,5,22,5,172.0
2026-05-22 06:00:00+05:30,41.0,6,22,5,164.0
2026-05-22 07:00:00+05:30,47.0,7,22,5,188.0
2026-05-22 08:00:00+05:30,52.0,8,22,5,208.0
2026-05-22 09:00:00+05:30,54.0,9,22,5,216.0
2026-05-22 10:00:00+05:30,59.0,10,22,5,236.0
2026-05-22 11:00:00+05:30,57.0,11,22,5,228.0
2026-05-22 12:00:00+05:30,66.0,12,22,5,264.0
2026-05-22 13:00:00+05:30,56.0,13,22,5,224.0
2026-05-22 14:00:00+05:30,48.0,14,22,5,192.0
2026-05-22 15:00:00+05:30,616.0,15,22,5,500.0
2026-05-22 16:00:00+05:30,48.0,16,22,5,192.0
2026-05-22 17:00:00+05:30,45.0,17,22,5,180.0
2026-05-22 18:00:00+05:30,56.0,18,22,5,224.0
2026-05-22 19:00:00+05:30,67.0,19,22,5,268.0
2026-05-22 20:00:00+05:30,60.0,20,22,5,240.0
2026-05-22 21:00:00+05:30,56.0,21,22,5,224.0
2026-05-22 22:00:00+05:30,58.0,22,22,5,232.0
2026-05-22 23:00:00+05:30,57.0,23,22,5,228.0
2026-05-23 00:00:00+05:30,50.0,0,23,5,200.0
2026-05-23 01:00:00+05:30,51.0,1,23,5,204.0
2026-05-23 02:00:00+05:30,46.0,2,23,5,184.0
2026-05-23 03:00:00+05:30,46.0,3,23,5,184.0
2026-05-23 04:00:00+05:30,52.0,4,23,5,208.0
2026-05-23 05:00:00+05:30,79.0,5,23,5,316.0
2026-05-23 06:00:00+05:30,111.0,6,23,5,444.0
2026-05-23 07:00:00+05:30,70.0,7,23,5,280.0
2026-05-23 08:00:00+05:30,90.0,8,23,5,360.0
2026-05-23 09:00:00+05:30,86.0,9,23,5,344.0
2026-05-23 10:00:00+05:30,40.0,10,23,5,160.0
2026-05-23 11:00:00+05:30,41.0,11,23,5,164.0
2026-05-23 12:00:00+05:30,42.0,12,23,5,168.0
2026-05-23 13:00:00+05:30,57.0,13,23,5,228.0
2026-05-23 14:00:00+05:30,52.0,14,23,5,208.0
2026-05-23 15:00:00+05:30,52.0,15,23,5,208.0
2026-05-23 16:00:00+05:30,68.0,16,23,5,272.0
2026-05-23 17:00:00+05:30,56.0,17,23,5,224.0
2026-05-23 18:00:00+05:30,45.0,18,23,5,180.0
2026-05-23 19:00:00+05:30,55.0,19,23,5,220.0
2026-05-23 20:00:00+05:30,63.0,20,23,5,252.0
2026-05-23 21:00:00+05:30,60.0,21,23,5,240.0
2026-05-23 22:00:00+05:30,56.0,22,23,5,224.0
2026-05-23 23:00:00+05:30,54.0,23,23,5,216.0
2026-05-24 00:00:00+05:30,49.0,0,24,5,196.0
2026-05-24 01:00:00+05:30,61.0,1,24,5,244.0
2026-05-24 02:00:00+05:30,60.0,2,24,5,240.0
2026-05-24 03:00:00+05:30,57.0,3,24,5,228.0
2026-05-24 04:00:00+05:30,73.0,4,24,5,292.0
2026-05-24 05:00:00+05:30,84.0,5,24,5,336.0
2026-05-24 06:00:00+05:30,96.0,6,24,5,384.0
2026-05-24 07:00:00+05:30,67.0,7,24,5,268.0
2026-05-24 08:00:00+05:30,67.0,8,24,5,268.0
2026-05-24 09:00:00+05:30,77.0,9,24,5,308.0
2026-05-24 10:00:00+05:30,73.0,10,24,5,292.0
2026-05-24 11:00:00+05:30,56.0,11,24,5,224.0
2026-05-24 12:00:00+05:30,48.0,12,24,5,192.0
2026-05-24 13:00:00+05:30,34.0,13,24,5,136.0
2026-05-24 14:00:00+05:30,31.0,14,24,5,124.0
2026-05-24 15:00:00+05:30,38.0,15,24,5,152.0
2026-05-24 16:00:00+05:30,39.0,16,24,5,156.0
2026-05-24 17:00:00+05:30,38.0,17,24,5,152.0
2026-05-24 18:00:00+05:30,39.0,18,24,5,156.0
2026-05-24 19:00:00+05:30,38.0,19,24,5,152.0
2026-05-24 20:00:00+05:30,64.0,20,24,5,256.0
2026-05-24 21:00:00+05:30,57.0,21,24,5,228.0
2026-05-24 22:00:00+05:30,65.0,22,24,5,260.0
2026-05-24 23:00:00+05:30,84.0,23,24,5,336.0
2026-05-25 00:00:00+05:30,60.0,0,25,5,240.0
2026-05-25 01:00:00+05:30,61.0,1,25,5,244.0
2026-05-25 02:00:00+05:30,49.0,2,25,5,196.0
2026-05-25 03:00:00+05:30,51.0,3,25,5,204.0
2026-05-25 04:00:00+05:30,54.0,4,25,5,216.0
2026-05-25 05:00:00+05:30,55.0,5,25,5,220.0
2026-05-25 06:00:00+05:30,64.0,6,25,5,256.0
2026-05-25 07:00:00+05:30,62.0,7,25,5,248.0
2026-05-25 08:00:00+05:30,74.0,8,25,5,296.0
2026-05-25 09:00:00+05:30,74.0,9,25,5,296.0
2026-05-25 10:00:00+05:30,76.0,10,25,5,304.0
2026-05-25 11:00:00+05:30,139.0,11,25,5,500.0
2026-05-25 12:00:00+05:30,94.0,12,25,5,376.0
2026-05-25 13:00:00+05:30,92.0,13,25,5,368.0
2026-05-25 14:00:00+05:30,90.0,14,25,5,360.0
2026-05-25 15:00:00+05:30,87.0,15,25,5,348.0
2026-05-25 16:00:00+05:30,79.0,16,25,5,316.0
2026-05-25 17:00:00+05:30,74.0,17,25,5,296.0
2026-05-25 18:00:00+05:30,72.0,18,25,5,288.0
2026-05-25 19:00:00+05:30,83.0,19,25,5,332.0
2026-05-25 20:00:00+05:30,78.0,20,25,5,312.0
2026-05-25 21:00:00+05:30,89.0,21,25,5,356.0
2026-05-25 22:00:00+05:30,105.0,22,25,5,420.0
2026-05-25 23:00:00+05:30,115.0,23,25,5,460.0
2026-05-26 00:00:00+05:30,100.0,0,26,5,400.0
2026-05-26 01:00:00+05:30,116.0,1,26,5,464.0
2026-05-26 02:00:00+05:30,113.0,2,26,5,452.0
2026-05-26 03:00:00+05:30,103.0,3,26,5,412.0
2026-05-26 04:00:00+05:30,96.0,4,26,5,384.0
2026-05-26 05:00:00+05:30,105.0,5,26,5,420.0
2026-05-26 06:00:00+05:30,103.0,6,26,5,412.0
2026-05-26 07:00:00+05:30,124.0,7,26,5,496.0
2026-05-26 08:00:00+05:30,113.0,8,26,5,452.0
2026-05-26 09:00:00+05:30,100.0,9,26,5,400.0
2026-05-26 10:00:00+05:30,61.0,10,26,5,244.0
2026-05-26 11:00:00+05:30,47.0,11,26,5,188.0
2026-05-26 12:00:00+05:30,40.0,12,26,5,160.0
2026-05-26 13:00:00+05:30,25.0,13,26,5,100.0
2026-05-26 14:00:00+05:30,27.0,14,26,5,108.0
2026-05-26 15:00:00+05:30,32.0,15,26,5,128.0
2026-05-26 16:00:00+05:30,24.0,16,26,5,96.0
2026-05-26 17:00:00+05:30,26.0,17,26,5,104.0
2026-05-26 18:00:00+05:30,25.0,18,26,5,100.0
2026-05-26 19:00:00+05:30,25.0,19,26,5,100.0
2026-05-26 20:00:00+05:30,38.0,20,26,5,152.0
2026-05-26 21:00:00+05:30,54.0,21,26,5,216.0
2026-05-26 22:00:00+05:30,49.0,22,26,5,196.0
2026-05-26 23:00:00+05:30,62.0,23,26,5,248.0
2026-05-27 00:00:00+05:30,62.0,0,27,5,248.0
2026-05-27 01:00:00+05:30,72.0,1,27,5,288.0
2026-05-27 02:00:00+05:30,68.0,2,27,5,272.0
2026-05-27 03:00:00+05:30,70.0,3,27,5,280.0
2026-05-27 04:00:00+05:30,67.0,4,27,5,268.0
2026-05-27 05:00:00+05:30,77.0,5,27,5,308.0
2026-05-27 06:00:00+05:30,110.0,6,27,5,440.0
2026-05-27 07:00:00+05:30,135.0,7,27,5,500.0
2026-05-27 08:00:00+05:30,145.0,8,27,5,500.0
2026-05-27 09:00:00+05:30,169.0,9,27,5,500.0
2026-05-27 10:00:00+05:30,105.0,10,27,5,420.0
2026-05-27 11:00:00+05:30,30.0,11,27,5,120.0
2026-05-27 12:00:00+05:30,48.0,12,27,5,192.0
2026-05-27 13:00:00+05:30,32.0,13,27,5,128.0
2026-05-27 14:00:00+05:30,30.0,14,27,5,120.0
2026-05-27 15:00:00+05:30,36.0,15,27,5,144.0
2026-05-27 16:00:00+05:30,34.0,16,27,5,136.0
2026-05-27 17:00:00+05:30,33.0,17,27,5,132.0
2026-05-27 18:00:00+05:30,36.0,18,27,5,144.0
2026-05-27 19:00:00+05:30,43.0,19,27,5,172.0
2026-05-27 20:00:00+05:30,39.0,20,27,5,156.0
2026-05-27 21:00:00+05:30,58.0,21,27,5,232.0
2026-05-27 22:00:00+05:30,59.0,22,27,5,236.0
2026-05-27 23:00:00+05:30,73.0,23,27,5,292.0
2026-05-28 00:00:00+05:30,74.0,0,28,5,296.0
2026-05-28 01:00:00+05:30,87.0,1,28,5,348.0
2026-05-28 02:00:00+05:30,87.0,2,28,5,348.0
2026-05-28 03:00:00+05:30,87.0,3,28,5,348.0
2026-05-28 04:00:00+05:30,76.0,4,28,5,304.0
2026-05-28 05:00:00+05:30,85.0,5,28,5,340.0
2026-05-28 06:00:00+05:30,82.0,6,28,5,328.0
2026-05-28 07:00:00+05:30,82.0,7,28,5,328.0
2026-05-28 09:00:00+05:30,77.0,9,28,5,308.0
2026-05-28 10:00:00+05:30,74.0,10,28,5,296.0
2026-05-28 11:00:00+05:30,73.0,11,28,5,292.0
2026-05-28 12:00:00+05:30,67.0,12,28,5,268.0
2026-05-28 13:00:00+05:30,71.0,13,28,5,284.0
2026-05-28 14:00:00+05:30,116.0,14,28,5,464.0
2026-05-28 15:00:00+05:30,60.0,15,28,5,240.0
2026-05-28 16:00:00+05:30,61.0,16,28,5,244.0
2026-05-28 17:00:00+05:30,62.0,17,28,5,248.0
2026-05-28 18:00:00+05:30,48.0,18,28,5,192.0
2026-05-28 19:00:00+05:30,110.0,19,28,5,440.0
2026-05-28 20:00:00+05:30,34.0,20,28,5,136.0
2026-05-28 21:00:00+05:30,24.0,21,28,5,96.0
2026-05-28 22:00:00+05:30,67.0,22,28,5,268.0
2026-05-28 23:00:00+05:30,22.0,23,28,5,88.0
2026-05-29 00:00:00+05:30,18.0,0,29,5,72.0
2026-05-29 01:00:00+05:30,20.0,1,29,5,80.0
2026-05-29 02:00:00+05:30,14.0,2,29,5,56.0
2026-05-29 03:00:00+05:30,32.0,3,29,5,128.0
2026-05-29 04:00:00+05:30,42.0,4,29,5,168.0
2026-05-29 05:00:00+05:30,29.0,5,29,5,116.0
2026-05-29 06:00:00+05:30,27.0,6,29,5,108.0
2026-05-29 07:00:00+05:30,30.0,7,29,5,120.0
2026-05-29 08:00:00+05:30,36.0,8,29,5,144.0
2026-05-29 09:00:00+05:30,33.0,9,29,5,132.0
2026-05-29 10:00:00+05:30,41.0,10,29,5,164.0
2026-05-29 11:00:00+05:30,43.0,11,29,5,172.0
2026-05-29 12:00:00+05:30,39.0,12,29,5,156.0
2026-05-29 13:00:00+05:30,41.0,13,29,5,164.0
2026-05-29 14:00:00+05:30,38.0,14,29,5,152.0
2026-05-29 15:00:00+05:30,26.0,15,29,5,104.0
2026-05-29 16:00:00+05:30,27.0,16,29,5,108.0
2026-05-29 17:00:00+05:30,28.0,17,29,5,112.0
2026-05-29 18:00:00+05:30,29.0,18,29,5,116.0
2026-05-29 19:00:00+05:30,27.0,19,29,5,108.0
2026-05-29 20:00:00+05:30,15.0,20,29,5,60.0
2026-05-29 21:00:00+05:30,30.0,21,29,5,120.0
2026-05-29 22:00:00+05:30,21.0,22,29,5,84.0
2026-05-29 23:00:00+05:30,16.0,23,29,5,64.0
2026-05-30 00:00:00+05:30,23.0,0,30,5,92.0
2026-05-30 01:00:00+05:30,18.0,1,30,5,72.0
2026-05-30 02:00:00+05:30,16.0,2,30,5,64.0
2026-05-30 03:00:00+05:30,15.0,3,30,5,60.0
2026-05-30 04:00:00+05:30,19.0,4,30,5,76.0
2026-05-30 05:00:00+05:30,18.0,5,30,5,72.0
2026-05-30 06:00:00+05:30,33.0,6,30,5,132.0
2026-05-30 07:00:00+05:30,28.0,7,30,5,112.0
2026-05-30 08:00:00+05:30,19.0,8,30,5,76.0
2026-05-30 09:00:00+05:30,17.0,9,30,5,68.0
2026-05-30 10:00:00+05:30,19.0,10,30,5,76.0
2026-05-30 11:00:00+05:30,19.0,11,30,5,76.0
2026-05-30 12:00:00+05:30,27.0,12,30,5,108.0
2026-05-30 13:00:00+05:30,26.0,13,30,5,104.0
2026-05-30 14:00:00+05:30,21.0,14,30,5,84.0
2026-05-30 15:00:00+05:30,26.0,15,30,5,104.0
2026-05-30 16:00:00+05:30,32.0,16,30,5,128.0
2026-05-30 17:00:00+05:30,70.0,17,30,5,280.0
2026-05-30 18:00:00+05:30,20.0,18,30,5,80.0
2026-05-30 19:00:00+05:30,27.0,19,30,5,108.0
2026-05-30 20:00:00+05:30,36.0,20,30,5,144.0
2026-05-30 21:00:00+05:30,38.0,21,30,5,152.0
2026-05-30 22:00:00+05:30,52.0,22,30,5,208.0
2026-05-30 23:00:00+05:30,41.0,23,30,5,164.0
2026-05-31 00:00:00+05:30,22.0,0,31,5,88.0
2026-05-31 01:00:00+05:30,17.0,1,31,5,68.0
2026-05-31 02:00:00+05:30,16.0,2,31,5,64.0
2026-05-31 03:00:00+05:30,8.0,3,31,5,32.0
2026-05-31 04:00:00+05:30,24.0,4,31,5,96.0
2026-05-31 05:00:00+05:30,24.0,5,31,5,96.0
2026-05-31 06:00:00+05:30,26.0,6,31,5,104.0
2026-05-31 07:00:00+05:30,28.0,7,31,5,112.0
2026-05-31 08:00:00+05:30,23.0,8,31,5,92.0
2026-05-31 09:00:00+05:30,25.0,9,31,5,100.0
2026-05-31 10:00:00+05:30,27.0,10,31,5,108.0
2026-05-31 11:00:00+05:30,33.0,11,31,5,132.0
2026-05-31 12:00:00+05:30,36.0,12,31,5,144.0
2026-05-31 13:00:00+05:30,25.0,13,31,5,100.0
2026-05-31 14:00:00+05:30,30.0,14,31,5,120.0
2026-05-31 15:00:00+05:30,33.0,15,31,5,132.0
2026-05-31 16:00:00+05:30,29.0,16,31,5,116.0
2026-05-31 17:00:00+05:30,21.0,17,31,5,84.0
2026-05-31 18:00:00+05:30,27.0,18,31,5,108.0
2026-05-31 19:00:00+05:30,27.0,19,31,5,108.0
2026-05-31 20:00:00+05:30,25.0,20,31,5,100.0
2026-05-31 21:00:00+05:30,24.0,21,31,5,96.0
2026-05-31 22:00:00+05:30,23.0,22,31,5,92.0
2026-05-31 23:00:00+05:30,24.0,23,31,5,96.0
2026-06-01 00:00:00+05:30,28.0,0,1,6,112.0
2026-06-01 01:00:00+05:30,28.0,1,1,6,112.0
2026-06-01 02:00:00+05:30,36.0,2,1,6,144.0
2026-06-01 03:00:00+05:30,27.0,3,1,6,108.0
2026-06-01 04:00:00+05:30,34.0,4,1,6,136.0
2026-06-01 05:00:00+05:30,37.0,5,1,6,148.0
2026-06-01 06:00:00+05:30,53.0,6,1,6,212.0
2026-06-01 07:00:00+05:30,40.0,7,1,6,160.0
2026-06-01 08:00:00+05:30,41.0,8,1,6,164.0
2026-06-01 09:00:00+05:30,36.0,9,1,6,144.0
2026-06-01 10:00:00+05:30,31.0,10,1,6,124.0
2026-06-01 11:00:00+05:30,33.0,11,1,6,132.0
2026-06-01 12:00:00+05:30,29.0,12,1,6,116.0
2026-06-01 13:00:00+05:30,24.0,13,1,6,96.0
2026-06-01 14:00:00+05:30,27.0,14,1,6,108.0
2026-06-01 15:00:00+05:30,27.0,15,1,6,108.0
2026-06-01 16:00:00+05:30,28.0,16,1,6,112.0
2026-06-01 17:00:00+05:30,31.0,17,1,6,124.0
2026-06-01 18:00:00+05:30,26.0,18,1,6,104.0
2026-06-01 19:00:00+05:30,22.0,19,1,6,88.0
2026-06-01 20:00:00+05:30,30.0,20,1,6,120.0
2026-06-01 21:00:00+05:30,34.0,21,1,6,136.0
2026-06-01 22:00:00+05:30,43.0,22,1,6,172.0
2026-06-01 23:00:00+05:30,46.0,23,1,6,184.0
2026-06-02 00:00:00+05:30,51.0,0,2,6,204.0
2026-06-02 01:00:00+05:30,39.0,1,2,6,156.0
2026-06-02 02:00:00+05:30,42.0,2,2,6,168.0
2026-06-02 03:00:00+05:30,36.0,3,2,6,144.0
2026-06-02 04:00:00+05:30,34.0,4,2,6,136.0
2026-06-02 05:00:00+05:30,39.0,5,2,6,156.0
2026-06-02 06:00:00+05:30,42.0,6,2,6,168.0
2026-06-02 07:00:00+05:30,36.0,7,2,6,144.0
2026-06-02 08:00:00+05:30,38.0,8,2,6,152.0
2026-06-02 09:00:00+05:30,51.0,9,2,6,204.0
2026-06-02 10:00:00+05:30,42.0,10,2,6,168.0
2026-06-02 11:00:00+05:30,39.0,11,2,6,156.0
2026-06-02 12:00:00+05:30,39.0,12,2,6,156.0
2026-06-02 13:00:00+05:30,33.0,13,2,6,132.0
2026-06-02 14:00:00+05:30,33.0,14,2,6,132.0
2026-06-02 15:00:00+05:30,33.0,15,2,6,132.0
2026-06-02 16:00:00+05:30,32.0,16,2,6,128.0
2026-06-02 17:00:00+05:30,35.0,17,2,6,140.0
2026-06-02 18:00:00+05:30,32.0,18,2,6,128.0
2026-06-02 19:00:00+05:30,28.0,19,2,6,112.0
2026-06-02 20:00:00+05:30,31.0,20,2,6,124.0
2026-06-02 21:00:00+05:30,41.0,21,2,6,164.0
2026-06-02 22:00:00+05:30,49.0,22,2,6,196.0
2026-06-02 23:00:00+05:30,55.0,23,2,6,220.0
2026-06-03 00:00:00+05:30,56.0,0,3,6,224.0
2026-06-03 01:00:00+05:30,55.0,1,3,6,220.0
2026-06-03 02:00:00+05:30,69.0,2,3,6,276.0
2026-06-03 03:00:00+05:30,71.0,3,3,6,284.0
2026-06-03 04:00:00+05:30,60.0,4,3,6,240.0
2026-06-03 05:00:00+05:30,69.0,5,3,6,276.0
2026-06-03 06:00:00+05:30,60.0,6,3,6,240.0
2026-06-03 07:00:00+05:30,57.0,7,3,6,228.0
2026-06-03 08:00:00+05:30,53.0,8,3,6,212.0
2026-06-03 09:00:00+05:30,40.0,9,3,6,160.0
2026-06-03 10:00:00+05:30,35.0,10,3,6,140.0
2026-06-03 11:00:00+05:30,47.0,11,3,6,188.0
2026-06-03 12:00:00+05:30,43.0,12,3,6,172.0
2026-06-03 13:00:00+05:30,50.0,13,3,6,200.0
2026-06-03 14:00:00+05:30,57.0,14,3,6,228.0
2026-06-03 15:00:00+05:30,68.0,15,3,6,272.0
2026-06-03 16:00:00+05:30,72.0,16,3,6,288.0
2026-06-03 17:00:00+05:30,69.0,17,3,6,276.0
2026-06-03 18:00:00+05:30,63.0,18,3,6,252.0
2026-06-03 19:00:00+05:30,59.0,19,3,6,236.0
2026-06-03 20:00:00+05:30,55.0,20,3,6,220.0
2026-06-03 21:00:00+05:30,69.0,21,3,6,276.0
2026-06-03 22:00:00+05:30,70.0,22,3,6,280.0
2026-06-03 23:00:00+05:30,74.0,23,3,6,296.0
2026-06-04 00:00:00+05:30,68.0,0,4,6,272.0
2026-06-04 01:00:00+05:30,69.0,1,4,6,276.0
2026-06-04 02:00:00+05:30,66.0,2,4,6,264.0
2026-06-04 03:00:00+05:30,68.0,3,4,6,272.0
2026-06-04 04:00:00+05:30,56.0,4,4,6,224.0
2026-06-04 05:00:00+05:30,49.0,5,4,6,196.0
2026-06-04 06:00:00+05:30,42.0,6,4,6,168.0
2026-06-04 07:00:00+05:30,43.0,7,4,6,172.0
2026-06-04 08:00:00+05:30,57.0,8,4,6,228.0
2026-06-04 09:00:00+05:30,50.0,9,4,6,200.0
2026-06-04 10:00:00+05:30,47.0,10,4,6,188.0
2026-06-04 11:00:00+05:30,66.0,11,4,6,264.0
2026-06-04 12:00:00+05:30,84.0,12,4,6,336.0
2026-06-04 13:00:00+05:30,69.0,13,4,6,276.0
2026-06-04 14:00:00+05:30,66.0,14,4,6,264.0
2026-06-04 15:00:00+05:30,46.0,15,4,6,184.0
2026-06-04 16:00:00+05:30,15.0,16,4,6,60.0
2026-06-04 17:00:00+05:30,42.0,17,4,6,168.0
2026-06-04 18:00:00+05:30,20.0,18,4,6,80.0
2026-06-04 19:00:00+05:30,29.0,19,4,6,116.0
2026-06-04 20:00:00+05:30,61.0,20,4,6,244.0
2026-06-04 21:00:00+05:30,36.0,21,4,6,144.0
2026-06-04 22:00:00+05:30,40.0,22,4,6,160.0
2026-06-04 23:00:00+05:30,36.0,23,4,6,144.0
2026-06-05 00:00:00+05:30,51.0,0,5,6,204.0
2026-06-05 01:00:00+05:30,37.0,1,5,6,148.0
2026-06-05 02:00:00+05:30,36.0,2,5,6,144.0
2026-06-05 03:00:00+05:30,36.0,3,5,6,144.0
2026-06-05 04:00:00+05:30,43.0,4,5,6,172.0
2026-06-05 05:00:00+05:30,41.0,5,5,6,164.0
2026-06-05 06:00:00+05:30,32.0,6,5,6,128.0
2026-06-05 07:00:00+05:30,20.0,7,5,6,80.0
2026-06-05 08:00:00+05:30,24.0,8,5,6,96.0
2026-06-05 09:00:00+05:30,28.0,9,5,6,112.0
2026-06-05 10:00:00+05:30,32.0,10,5,6,128.0
2026-06-05 11:00:00+05:30,35.0,11,5,6,140.0
2026-06-05 12:00:00+05:30,50.0,12,5,6,200.0
2026-06-05 13:00:00+05:30,53.0,13,5,6,212.0
2026-06-05 14:00:00+05:30,53.0,14,5,6,212.0
2026-06-05 15:00:00+05:30,61.0,15,5,6,244.0
2026-06-05 16:00:00+05:30,55.0,16,5,6,220.0
2026-06-05 17:00:00+05:30,44.0,17,5,6,176.0
2026-06-05 18:00:00+05:30,47.0,18,5,6,188.0
2026-06-05 19:00:00+05:30,48.0,19,5,6,192.0
2026-06-05 20:00:00+05:30,52.0,20,5,6,208.0
2026-06-05 21:00:00+05:30,59.0,21,5,6,236.0
2026-06-05 22:00:00+05:30,81.0,22,5,6,324.0
2026-06-05 23:00:00+05:30,93.0,23,5,6,372.0
2026-06-06 00:00:00+05:30,84.0,0,6,6,336.0
2026-06-06 01:00:00+05:30,86.0,1,6,6,344.0
2026-06-06 02:00:00+05:30,98.0,2,6,6,392.0
2026-06-06 03:00:00+05:30,94.0,3,6,6,376.0
2026-06-06 04:00:00+05:30,82.0,4,6,6,328.0
2026-06-06 05:00:00+05:30,89.0,5,6,6,356.0
2026-06-06 06:00:00+05:30,85.0,6,6,6,340.0
2026-06-06 07:00:00+05:30,94.0,7,6,6,376.0
2026-06-06 08:00:00+05:30,88.0,8,6,6,352.0
2026-06-06 09:00:00+05:30,52.0,9,6,6,208.0
2026-06-06 10:00:00+05:30,48.0,10,6,6,192.0
2026-06-06 11:00:00+05:30,36.0,11,6,6,144.0
2026-06-06 12:00:00+05:30,41.0,12,6,6,164.0
2026-06-06 13:00:00+05:30,48.0,13,6,6,192.0
2026-06-06 14:00:00+05:30,48.0,14,6,6,192.0
2026-06-06 15:00:00+05:30,48.0,15,6,6,192.0
2026-06-06 16:00:00+05:30,48.0,16,6,6,192.0
2026-06-06 17:00:00+05:30,46.0,17,6,6,184.0
2026-06-06 18:00:00+05:30,44.0,18,6,6,176.0
2026-06-06 19:00:00+05:30,38.0,19,6,6,152.0
2026-06-06 20:00:00+05:30,37.0,20,6,6,148.0
2026-06-06 21:00:00+05:30,48.0,21,6,6,192.0
2026-06-06 22:00:00+05:30,29.0,22,6,6,116.0
2026-06-06 23:00:00+05:30,32.0,23,6,6,128.0
2026-06-07 00:00:00+05:30,26.0,0,7,6,104.0
2026-06-07 01:00:00+05:30,30.0,1,7,6,120.0
2026-06-07 02:00:00+05:30,26.0,2,7,6,104.0
2026-06-07 03:00:00+05:30,30.0,3,7,6,120.0
2026-06-07 04:00:00+05:30,22.0,4,7,6,88.0
2026-06-07 05:00:00+05:30,25.0,5,7,6,100.0
2026-06-07 06:00:00+05:30,21.0,6,7,6,84.0
2026-06-07 07:00:00+05:30,26.0,7,7,6,104.0
2026-06-07 08:00:00+05:30,27.0,8,7,6,108.0
2026-06-07 09:00:00+05:30,41.0,9,7,6,164.0
2026-06-07 10:00:00+05:30,47.0,10,7,6,188.0
2026-06-07 11:00:00+05:30,48.0,11,7,6,192.0
2026-06-07 12:00:00+05:30,46.0,12,7,6,184.0
2026-06-07 13:00:00+05:30,48.0,13,7,6,192.0
2026-06-07 14:00:00+05:30,51.0,14,7,6,204.0
2026-06-07 15:00:00+05:30,49.0,15,7,6,196.0
2026-06-07 16:00:00+05:30,45.0,16,7,6,180.0
2026-06-07 17:00:00+05:30,41.0,17,7,6,164.0
2026-06-07 18:00:00+05:30,31.0,18,7,6,124.0
2026-06-07 19:00:00+05:30,40.0,19,7,6,160.0
2026-06-07 20:00:00+05:30,46.0,20,7,6,184.0
2026-06-07 21:00:00+05:30,29.0,21,7,6,116.0
2026-06-07 22:00:00+05:30,39.0,22,7,6,156.0
2026-06-07 23:00:00+05:30,31.0,23,7,6,124.0
2026-06-08 00:00:00+05:30,25.0,0,8,6,100.0
2026-06-08 01:00:00+05:30,32.0,1,8,6,128.0
2026-06-08 02:00:00+05:30,47.0,2,8,6,188.0
2026-06-08 03:00:00+05:30,32.0,3,8,6,128.0
2026-06-08 04:00:00+05:30,27.0,4,8,6,108.0
2026-06-08 05:00:00+05:30,19.0,5,8,6,76.0
2026-06-08 06:00:00+05:30,25.0,6,8,6,100.0
2026-06-08 07:00:00+05:30,29.0,7,8,6,116.0
2026-06-08 08:00:00+05:30,33.0,8,8,6,132.0
2026-06-08 09:00:00+05:30,39.0,9,8,6,156.0
2026-06-08 10:00:00+05:30,39.0,10,8,6,156.0
2026-06-08 11:00:00+05:30,43.0,11,8,6,172.0
2026-06-08 12:00:00+05:30,39.0,12,8,6,156.0
2026-06-08 13:00:00+05:30,43.0,13,8,6,172.0
2026-06-08 14:00:00+05:30,49.0,14,8,6,196.0
2026-06-08 15:00:00+05:30,49.0,15,8,6,196.0
2026-06-08 16:00:00+05:30,46.0,16,8,6,184.0
2026-06-08 17:00:00+05:30,34.0,17,8,6,136.0
2026-06-08 18:00:00+05:30,33.0,18,8,6,132.0
2026-06-08 19:00:00+05:30,35.0,19,8,6,140.0
2026-06-08 20:00:00+05:30,40.0,20,8,6,160.0
2026-06-08 21:00:00+05:30,52.0,21,8,6,208.0
2026-06-08 22:00:00+05:30,68.0,22,8,6,272.0
2026-06-08 23:00:00+05:30,49.0,23,8,6,196.0
2026-06-09 00:00:00+05:30,37.0,0,9,6,148.0
2026-06-09 01:00:00+05:30,43.0,1,9,6,172.0
2026-06-09 02:00:00+05:30,39.0,2,9,6,156.0
2026-06-09 03:00:00+05:30,42.0,3,9,6,168.0
2026-06-09 04:00:00+05:30,40.0,4,9,6,160.0
2026-06-09 05:00:00+05:30,39.0,5,9,6,156.0
2026-06-09 06:00:00+05:30,48.0,6,9,6,192.0
2026-06-09 07:00:00+05:30,39.0,7,9,6,156.0
2026-06-09 08:00:00+05:30,39.0,8,9,6,156.0
2026-06-09 09:00:00+05:30,43.0,9,9,6,172.0
2026-06-09 10:00:00+05:30,49.0,10,9,6,196.0
2026-06-09 11:00:00+05:30,47.0,11,9,6,188.0
2026-06-09 12:00:00+05:30,43.0,12,9,6,172.0
2026-06-09 13:00:00+05:30,52.0,13,9,6,208.0
2026-06-09 14:00:00+05:30,39.0,14,9,6,156.0
2026-06-09 15:00:00+05:30,45.0,15,9,6,180.0
2026-06-09 16:00:00+05:30,42.0,16,9,6,168.0
2026-06-09 17:00:00+05:30,37.0,17,9,6,148.0
2026-06-09 18:00:00+05:30,73.0,18,9,6,292.0
2026-06-09 19:00:00+05:30,57.0,19,9,6,228.0
2026-06-09 20:00:00+05:30,36.0,20,9,6,144.0
2026-06-09 21:00:00+05:30,20.0,21,9,6,80.0
2026-06-09 22:00:00+05:30,20.0,22,9,6,80.0
2026-06-09 23:00:00+05:30,45.0,23,9,6,180.0
2026-06-10 00:00:00+05:30,32.0,0,10,6,128.0
2026-06-10 01:00:00+05:30,20.0,1,10,6,80.0
2026-06-10 02:00:00+05:30,19.0,2,10,6,76.0
2026-06-10 03:00:00+05:30,27.0,3,10,6,108.0
2026-06-10 04:00:00+05:30,34.0,4,10,6,136.0
2026-06-10 05:00:00+05:30,30.0,5,10,6,120.0
2026-06-10 06:00:00+05:30,43.0,6,10,6,172.0
2026-06-10 07:00:00+05:30,37.0,7,10,6,148.0
2026-06-10 08:00:00+05:30,48.0,8,10,6,192.0
2026-06-10 09:00:00+05:30,46.0,9,10,6,184.0
2026-06-10 10:00:00+05:30,58.0,10,10,6,232.0
2026-06-10 11:00:00+05:30,52.0,11,10,6,208.0
2026-06-10 12:00:00+05:30,52.0,12,10,6,208.0
2026-06-10 13:00:00+05:30,48.0,13,10,6,192.0
2026-06-10 14:00:00+05:30,47.0,14,10,6,188.0
2026-06-10 15:00:00+05:30,47.0,15,10,6,188.0
2026-06-10 16:00:00+05:30,45.0,16,10,6,180.0
2026-06-10 17:00:00+05:30,40.0,17,10,6,160.0
2026-06-10 18:00:00+05:30,42.0,18,10,6,168.0
2026-06-10 19:00:00+05:30,52.0,19,10,6,208.0
2026-06-10 20:00:00+05:30,63.0,20,10,6,252.0
2026-06-10 21:00:00+05:30,80.0,21,10,6,320.0
2026-06-10 22:00:00+05:30,74.0,22,10,6,296.0
2026-06-10 23:00:00+05:30,69.0,23,10,6,276.0
2026-06-11 00:00:00+05:30,63.0,0,11,6,252.0
2026-06-11 01:00:00+05:30,63.0,1,11,6,252.0
2026-06-11 02:00:00+05:30,59.0,2,11,6,236.0
2026-06-11 03:00:00+05:30,39.0,3,11,6,156.0
2026-06-11 04:00:00+05:30,38.0,4,11,6,152.0
2026-06-11 05:00:00+05:30,29.0,5,11,6,116.0
2026-06-11 06:00:00+05:30,35.0,6,11,6,140.0
2026-06-11 07:00:00+05:30,36.0,7,11,6,144.0
2026-06-11 08:00:00+05:30,35.0,8,11,6,140.0
2026-06-11 09:00:00+05:30,36.0,9,11,6,144.0
2026-06-11 10:00:00+05:30,48.0,10,11,6,192.0
2026-06-11 11:00:00+05:30,43.0,11,11,6,172.0
2026-06-11 12:00:00+05:30,45.0,12,11,6,180.0
2026-06-11 13:00:00+05:30,39.0,13,11,6,156.0
2026-06-11 14:00:00+05:30,32.0,14,11,6,128.0
2026-06-11 15:00:00+05:30,37.0,15,11,6,148.0
2026-06-11 16:00:00+05:30,35.0,16,11,6,140.0
2026-06-11 17:00:00+05:30,37.0,17,11,6,148.0
2026-06-11 18:00:00+05:30,33.0,18,11,6,132.0
2026-06-11 19:00:00+05:30,35.0,19,11,6,140.0
2026-06-11 20:00:00+05:30,33.0,20,11,6,132.0
2026-06-11 21:00:00+05:30,39.0,21,11,6,156.0
2026-06-11 22:00:00+05:30,38.0,22,11,6,152.0
2026-06-11 23:00:00+05:30,35.0,23,11,6,140.0
2026-06-12 00:00:00+05:30,35.0,0,12,6,140.0
2026-06-12 01:00:00+05:30,10.0,1,12,6,40.0
2026-06-12 02:00:00+05:30,9.0,2,12,6,36.0
2026-06-12 03:00:00+05:30,21.0,3,12,6,84.0
2026-06-12 04:00:00+05:30,6.0,4,12,6,24.0
2026-06-12 05:00:00+05:30,14.0,5,12,6,56.0
2026-06-12 06:00:00+05:30,18.0,6,12,6,72.0
2026-06-12 07:00:00+05:30,18.0,7,12,6,72.0
2026-06-12 08:00:00+05:30,19.0,8,12,6,76.0
2026-06-12 09:00:00+05:30,22.0,9,12,6,88.0
2026-06-12 10:00:00+05:30,18.0,10,12,6,72.0
2026-06-12 11:00:00+05:30,22.0,11,12,6,88.0
2026-06-12 12:00:00+05:30,24.0,12,12,6,96.0
2026-06-12 13:00:00+05:30,24.0,13,12,6,96.0
2026-06-12 14:00:00+05:30,29.0,14,12,6,116.0
2026-06-12 15:00:00+05:30,27.0,15,12,6,108.0
2026-06-12 16:00:00+05:30,34.0,16,12,6,136.0
2026-06-12 17:00:00+05:30,34.0,17,12,6,136.0
2026-06-12 18:00:00+05:30,32.0,18,12,6,128.0
2026-06-12 19:00:00+05:30,39.0,19,12,6,156.0
2026-06-12 20:00:00+05:30,37.0,20,12,6,148.0
2026-06-12 21:00:00+05:30,38.0,21,12,6,152.0
2026-06-12 22:00:00+05:30,35.0,22,12,6,140.0
2026-06-12 23:00:00+05:30,35.0,23,12,6,140.0
2026-06-13 00:00:00+05:30,52.0,0,13,6,208.0
2026-06-13 01:00:00+05:30,18.0,1,13,6,72.0
2026-06-13 02:00:00+05:30,9.0,2,13,6,36.0
2026-06-13 03:00:00+05:30,10.0,3,13,6,40.0
2026-06-13 04:00:00+05:30,13.0,4,13,6,52.0
2026-06-13 05:00:00+05:30,24.0,5,13,6,96.0
2026-06-13 06:00:00+05:30,18.0,6,13,6,72.0
2026-06-13 07:00:00+05:30,21.0,7,13,6,84.0
2026-06-13 08:00:00+05:30,23.0,8,13,6,92.0
2026-06-13 09:00:00+05:30,29.0,9,13,6,116.0
2026-06-13 10:00:00+05:30,34.0,10,13,6,136.0
2026-06-13 11:00:00+05:30,40.0,11,13,6,160.0
2026-06-13 12:00:00+05:30,58.0,12,13,6,232.0
2026-06-13 13:00:00+05:30,44.0,13,13,6,176.0
2026-06-13 14:00:00+05:30,40.0,14,13,6,160.0
2026-06-13 15:00:00+05:30,41.0,15,13,6,164.0
2026-06-13 16:00:00+05:30,48.0,16,13,6,192.0
2026-06-13 17:00:00+05:30,61.0,17,13,6,244.0
2026-06-13 18:00:00+05:30,58.0,18,13,6,232.0
2026-06-13 19:00:00+05:30,58.0,19,13,6,232.0
2026-06-13 21:00:00+05:30,59.0,21,13,6,236.0
2026-06-13 22:00:00+05:30,56.0,22,13,6,224.0
2026-06-13 23:00:00+05:30,57.0,23,13,6,228.0
2026-06-14 00:00:00+05:30,63.0,0,14,6,252.0
2026-06-14 01:00:00+05:30,73.0,1,14,6,292.0
2026-06-14 02:00:00+05:30,100.0,2,14,6,400.0
2026-06-14 03:00:00+05:30,75.0,3,14,6,300.0
2026-06-14 04:00:00+05:30,58.0,4,14,6,232.0
2026-06-14 05:00:00+05:30,56.0,5,14,6,224.0
2026-06-14 06:00:00+05:30,48.0,6,14,6,192.0
2026-06-14 07:00:00+05:30,45.0,7,14,6,180.0
2026-06-14 08:00:00+05:30,48.0,8,14,6,192.0
2026-06-14 09:00:00+05:30,49.0,9,14,6,196.0
2026-06-14 10:00:00+05:30,46.0,10,14,6,184.0
2026-06-14 11:00:00+05:30,42.0,11,14,6,168.0
2026-06-14 12:00:00+05:30,43.0,12,14,6,172.0
2026-06-14 13:00:00+05:30,51.0,13,14,6,204.0
2026-06-14 14:00:00+05:30,44.0,14,14,6,176.0
2026-06-14 15:00:00+05:30,44.0,15,14,6,176.0
2026-06-14 16:00:00+05:30,47.0,16,14,6,188.0
2026-06-14 17:00:00+05:30,48.0,17,14,6,192.0
2026-06-14 18:00:00+05:30,47.0,18,14,6,188.0
2026-06-14 19:00:00+05:30,48.0,19,14,6,192.0
2026-06-14 20:00:00+05:30,53.0,20,14,6,212.0
2026-06-14 21:00:00+05:30,55.0,21,14,6,220.0
2026-06-14 22:00:00+05:30,63.0,22,14,6,252.0
2026-06-14 23:00:00+05:30,75.0,23,14,6,300.0
2026-06-15 00:00:00+05:30,43.0,0,15,6,172.0
2026-06-15 01:00:00+05:30,25.0,1,15,6,100.0
2026-06-15 02:00:00+05:30,31.0,2,15,6,124.0
2026-06-15 03:00:00+05:30,29.0,3,15,6,116.0
2026-06-15 04:00:00+05:30,29.0,4,15,6,116.0
2026-06-15 05:00:00+05:30,26.0,5,15,6,104.0
2026-06-15 06:00:00+05:30,24.0,6,15,6,96.0
2026-06-15 07:00:00+05:30,29.0,7,15,6,116.0
2026-06-15 08:00:00+05:30,39.0,8,15,6,156.0
2026-06-15 09:00:00+05:30,40.0,9,15,6,160.0
2026-06-15 10:00:00+05:30,39.0,10,15,6,156.0
2026-06-15 11:00:00+05:30,41.0,11,15,6,164.0
2026-06-15 12:00:00+05:30,36.0,12,15,6,144.0
2026-06-15 13:00:00+05:30,38.0,13,15,6,152.0
2026-06-15 14:00:00+05:30,49.0,14,15,6,196.0
2026-06-15 15:00:00+05:30,60.0,15,15,6,240.0
2026-06-15 16:00:00+05:30,20.0,16,15,6,80.0
2026-06-15 17:00:00+05:30,20.0,17,15,6,80.0
2026-06-15 19:00:00+05:30,25.0,19,15,6,100.0
2026-06-15 20:00:00+05:30,32.0,20,15,6,128.0
2026-06-15 21:00:00+05:30,25.0,21,15,6,100.0
2026-06-15 22:00:00+05:30,41.0,22,15,6,164.0
2026-06-15 23:00:00+05:30,46.0,23,15,6,184.0
2026-06-16 00:00:00+05:30,48.0,0,16,6,192.0
2026-06-16 01:00:00+05:30,47.0,1,16,6,188.0
2026-06-16 02:00:00+05:30,41.0,2,16,6,164.0
2026-06-16 03:00:00+05:30,52.0,3,16,6,208.0
2026-06-16 04:00:00+05:30,47.0,4,16,6,188.0
2026-06-16 05:00:00+05:30,53.0,5,16,6,212.0
2026-06-16 06:00:00+05:30,48.0,6,16,6,192.0
2026-06-16 07:00:00+05:30,50.0,7,16,6,200.0
2026-06-16 08:00:00+05:30,91.0,8,16,6,364.0
2026-06-16 09:00:00+05:30,110.0,9,16,6,440.0
2026-06-16 10:00:00+05:30,22.0,10,16,6,88.0
2026-06-16 11:00:00+05:30,14.0,11,16,6,56.0
2026-06-16 12:00:00+05:30,25.0,12,16,6,100.0
2026-06-16 13:00:00+05:30,24.0,13,16,6,96.0
2026-06-16 14:00:00+05:30,26.0,14,16,6,104.0
2026-06-16 15:00:00+05:30,28.0,15,16,6,112.0
2026-06-16 16:00:00+05:30,20.0,16,16,6,80.0
2026-06-16 17:00:00+05:30,26.0,17,16,6,104.0
2026-06-16 18:00:00+05:30,21.0,18,16,6,84.0
2026-06-16 19:00:00+05:30,23.0,19,16,6,92.0
2026-06-16 20:00:00+05:30,32.0,20,16,6,128.0
2026-06-16 21:00:00+05:30,26.0,21,16,6,104.0
2026-06-16 22:00:00+05:30,24.0,22,16,6,96.0
2026-06-16 23:00:00+05:30,29.0,23,16,6,116.0
2026-06-17 00:00:00+05:30,29.0,0,17,6,116.0
2026-06-17 01:00:00+05:30,27.0,1,17,6,108.0
2026-06-17 02:00:00+05:30,21.0,2,17,6,84.0
2026-06-17 03:00:00+05:30,21.0,3,17,6,84.0
2026-06-17 04:00:00+05:30,20.0,4,17,6,80.0
2026-06-17 05:00:00+05:30,18.0,5,17,6,72.0
2026-06-17 06:00:00+05:30,26.0,6,17,6,104.0
2026-06-17 07:00:00+05:30,30.0,7,17,6,120.0
2026-06-17 08:00:00+05:30,28.0,8,17,6,112.0
2026-06-17 09:00:00+05:30,41.0,9,17,6,164.0
2026-06-17 10:00:00+05:30,60.0,10,17,6,240.0
2026-06-17 11:00:00+05:30,50.0,11,17,6,200.0
2026-06-17 12:00:00+05:30,40.0,12,17,6,160.0
2026-06-17 13:00:00+05:30,227.0,13,17,6,500.0
2026-06-17 14:00:00+05:30,33.0,14,17,6,132.0
2026-06-17 15:00:00+05:30,39.0,15,17,6,156.0
2026-06-17 16:00:00+05:30,35.0,16,17,6,140.0
2026-06-17 17:00:00+05:30,43.0,17,17,6,172.0
2026-06-17 18:00:00+05:30,33.0,18,17,6,132.0
2026-06-17 19:00:00+05:30,31.0,19,17,6,124.0
2026-06-17 20:00:00+05:30,36.0,20,17,6,144.0
2026-06-17 21:00:00+05:30,46.0,21,17,6,184.0
2026-06-17 22:00:00+05:30,50.0,22,17,6,200.0
2026-06-17 23:00:00+05:30,57.0,23,17,6,228.0
2026-06-18 00:00:00+05:30,61.0,0,18,6,244.0
2026-06-18 01:00:00+05:30,78.0,1,18,6,312.0
2026-06-18 02:00:00+05:30,70.0,2,18,6,280.0
2026-06-18 03:00:00+05:30,109.0,3,18,6,436.0
2026-06-18 04:00:00+05:30,91.0,4,18,6,364.0
2026-06-18 05:00:00+05:30,74.0,5,18,6,296.0
2026-06-18 06:00:00+05:30,61.0,6,18,6,244.0
2026-06-18 07:00:00+05:30,73.0,7,18,6,292.0
2026-06-18 08:00:00+05:30,81.0,8,18,6,324.0
2026-06-18 09:00:00+05:30,91.0,9,18,6,364.0
2026-06-18 10:00:00+05:30,68.0,10,18,6,272.0
2026-06-18 11:00:00+05:30,46.0,11,18,6,184.0
2026-06-18 12:00:00+05:30,42.0,12,18,6,168.0
2026-06-18 13:00:00+05:30,47.0,13,18,6,188.0
2026-06-18 14:00:00+05:30,46.0,14,18,6,184.0
2026-06-18 15:00:00+05:30,47.0,15,18,6,188.0
2026-06-18 16:00:00+05:30,45.0,16,18,6,180.0
2026-06-18 17:00:00+05:30,31.0,17,18,6,124.0
2026-06-18 18:00:00+05:30,37.0,18,18,6,148.0
2026-06-18 19:00:00+05:30,38.0,19,18,6,152.0
2026-06-18 20:00:00+05:30,28.0,20,18,6,112.0
2026-06-18 21:00:00+05:30,24.0,21,18,6,96.0
2026-06-18 22:00:00+05:30,24.0,22,18,6,96.0
2026-06-18 23:00:00+05:30,20.0,23,18,6,80.0
2026-06-19 00:00:00+05:30,24.0,0,19,6,96.0
2026-06-19 01:00:00+05:30,23.0,1,19,6,92.0
2026-06-19 02:00:00+05:30,27.0,2,19,6,108.0
2026-06-19 03:00:00+05:30,33.0,3,19,6,132.0
2026-06-19 04:00:00+05:30,42.0,4,19,6,168.0
2026-06-19 05:00:00+05:30,35.0,5,19,6,140.0
2026-06-19 06:00:00+05:30,45.0,6,19,6,180.0
2026-06-19 07:00:00+05:30,45.0,7,19,6,180.0
2026-06-19 09:00:00+05:30,50.0,9,19,6,200.0
2026-06-19 10:00:00+05:30,48.0,10,19,6,192.0
2026-06-19 11:00:00+05:30,55.0,11,19,6,220.0
2026-06-19 12:00:00+05:30,63.0,12,19,6,252.0
2026-06-19 13:00:00+05:30,52.0,13,19,6,208.0
2026-06-19 14:00:00+05:30,53.0,14,19,6,212.0
2026-06-19 15:00:00+05:30,44.0,15,19,6,176.0
2026-06-19 16:00:00+05:30,40.0,16,19,6,160.0
2026-06-19 17:00:00+05:30,36.0,17,19,6,144.0
2026-06-19 18:00:00+05:30,26.0,18,19,6,104.0
2026-06-19 19:00:00+05:30,28.0,19,19,6,112.0
2026-06-19 20:00:00+05:30,30.0,20,19,6,120.0
2026-06-19 21:00:00+05:30,35.0,21,19,6,140.0
2026-06-19 22:00:00+05:30,33.0,22,19,6,132.0
2026-06-19 23:00:00+05:30,52.0,23,19,6,208.0
2026-06-20 00:00:00+05:30,46.0,0,20,6,184.0
2026-06-20 01:00:00+05:30,54.0,1,20,6,216.0
2026-06-20 02:00:00+05:30,54.0,2,20,6,216.0
2026-06-20 04:00:00+05:30,45.0,4,20,6,180.0
2026-06-20 05:00:00+05:30,45.0,5,20,6,180.0
2026-06-20 06:00:00+05:30,47.0,6,20,6,188.0
2026-06-20 07:00:00+05:30,47.0,7,20,6,188.0
2026-06-20 08:00:00+05:30,68.0,8,20,6,272.0
2026-06-20 09:00:00+05:30,48.0,9,20,6,192.0
2026-06-20 10:00:00+05:30,70.0,10,20,6,280.0
2026-06-20 11:00:00+05:30,44.0,11,20,6,176.0
2026-06-20 12:00:00+05:30,38.0,12,20,6,152.0
2026-06-20 13:00:00+05:30,35.0,13,20,6,140.0
2026-06-20 14:00:00+05:30,40.0,14,20,6,160.0
2026-06-20 15:00:00+05:30,30.0,15,20,6,120.0
2026-06-20 16:00:00+05:30,34.0,16,20,6,136.0
2026-06-20 17:00:00+05:30,37.0,17,20,6,148.0
2026-06-20 18:00:00+05:30,41.0,18,20,6,164.0
2026-06-20 19:00:00+05:30,45.0,19,20,6,180.0
2026-06-20 20:00:00+05:30,43.0,20,20,6,172.0
2026-06-20 21:00:00+05:30,57.0,21,20,6,228.0
2026-06-20 22:00:00+05:30,56.0,22,20,6,224.0
2026-06-20 23:00:00+05:30,71.0,23,20,6,284.0
2026-06-21 00:00:00+05:30,53.0,0,21,6,212.0
2026-06-21 01:00:00+05:30,40.0,1,21,6,160.0
2026-06-21 02:00:00+05:30,38.0,2,21,6,152.0
2026-06-21 03:00:00+05:30,38.0,3,21,6,152.0
2026-06-21 04:00:00+05:30,40.0,4,21,6,160.0
2026-06-21 05:00:00+05:30,29.0,5,21,6,116.0
2026-06-21 06:00:00+05:30,25.0,6,21,6,100.0
2026-06-21 07:00:00+05:30,21.0,7,21,6,84.0
2026-06-21 08:00:00+05:30,26.0,8,21,6,104.0
2026-06-21 09:00:00+05:30,26.0,9,21,6,104.0
2026-06-21 10:00:00+05:30,25.0,10,21,6,100.0
2026-06-21 11:00:00+05:30,26.0,11,21,6,104.0
2026-06-21 12:00:00+05:30,31.0,12,21,6,124.0
2026-06-21 13:00:00+05:30,31.0,13,21,6,124.0
2026-06-21 14:00:00+05:30,33.0,14,21,6,132.0
2026-06-21 15:00:00+05:30,35.0,15,21,6,140.0
2026-06-21 16:00:00+05:30,25.0,16,21,6,100.0
2026-06-21 17:00:00+05:30,31.0,17,21,6,124.0
2026-06-21 18:00:00+05:30,29.0,18,21,6,116.0
2026-06-21 19:00:00+05:30,34.0,19,21,6,136.0
2026-06-21 20:00:00+05:30,22.0,20,21,6,88.0
2026-06-21 21:00:00+05:30,27.0,21,21,6,108.0
2026-06-21 22:00:00+05:30,51.0,22,21,6,204.0
2026-06-21 23:00:00+05:30,162.0,23,21,6,500.0
2026-06-22 00:00:00+05:30,96.0,0,22,6,384.0
2026-06-22 01:00:00+05:30,58.0,1,22,6,232.0
2026-06-22 02:00:00+05:30,44.0,2,22,6,176.0
2026-06-22 03:00:00+05:30,43.0,3,22,6,172.0
2026-06-22 04:00:00+05:30,45.0,4,22,6,180.0
2026-06-22 05:00:00+05:30,33.0,5,22,6,132.0
2026-06-22 06:00:00+05:30,34.0,6,22,6,136.0
2026-06-22 07:00:00+05:30,45.0,7,22,6,180.0
2026-06-22 08:00:00+05:30,50.0,8,22,6,200.0
2026-06-22 09:00:00+05:30,37.0,9,22,6,148.0
2026-06-22 10:00:00+05:30,34.0,10,22,6,136.0
2026-06-22 11:00:00+05:30,38.0,11,22,6,152.0
2026-06-22 12:00:00+05:30,33.0,12,22,6,132.0
2026-06-22 13:00:00+05:30,28.0,13,22,6,112.0
2026-06-22 14:00:00+05:30,27.0,14,22,6,108.0
2026-06-22 15:00:00+05:30,22.0,15,22,6,88.0
2026-06-22 16:00:00+05:30,24.0,16,22,6,96.0
2026-06-22 17:00:00+05:30,20.0,17,22,6,80.0
2026-06-22 18:00:00+05:30,21.0,18,22,6,84.0
2026-06-22 19:00:00+05:30,26.0,19,22,6,104.0
2026-06-22 20:00:00+05:30,26.0,20,22,6,104.0
2026-06-22 22:00:00+05:30,38.0,22,22,6,152.0
2026-06-22 23:00:00+05:30,37.0,23,22,6,148.0
2026-06-23 00:00:00+05:30,43.0,0,23,6,172.0
2026-06-23 01:00:00+05:30,47.0,1,23,6,188.0
2026-06-23 02:00:00+05:30,61.0,2,23,6,244.0
2026-06-23 03:00:00+05:30,72.0,3,23,6,288.0
2026-06-23 04:00:00+05:30,69.0,4,23,6,276.0
2026-06-23 05:00:00+05:30,63.0,5,23,6,252.0
2026-06-23 06:00:00+05:30,67.0,6,23,6,268.0
2026-06-23 07:00:00+05:30,66.0,7,23,6,264.0
2026-06-23 08:00:00+05:30,107.0,8,23,6,428.0
2026-06-23 09:00:00+05:30,88.0,9,23,6,352.0
2026-06-23 10:00:00+05:30,54.0,10,23,6,216.0
2026-06-23 11:00:00+05:30,43.0,11,23,6,172.0
2026-06-23 12:00:00+05:30,38.0,12,23,6,152.0
2026-06-23 13:00:00+05:30,34.0,13,23,6,136.0
2026-06-23 14:00:00+05:30,38.0,14,23,6,152.0
2026-06-23 15:00:00+05:30,58.0,15,23,6,232.0
2026-06-23 16:00:00+05:30,26.0,16,23,6,104.0
2026-06-23 17:00:00+05:30,23.0,17,23,6,92.0
2026-06-23 18:00:00+05:30,25.0,18,23,6,100.0
2026-06-23 19:00:00+05:30,26.0,19,23,6,104.0
2026-06-23 20:00:00+05:30,27.0,20,23,6,108.0
2026-06-23 21:00:00+05:30,27.0,21,23,6,108.0
2026-06-23 22:00:00+05:30,32.0,22,23,6,128.0
2026-06-23 23:00:00+05:30,30.0,23,23,6,120.0
2026-06-24 00:00:00+05:30,25.0,0,24,6,100.0
2026-06-24 01:00:00+05:30,29.0,1,24,6,116.0
2026-06-24 02:00:00+05:30,32.0,2,24,6,128.0
2026-06-24 03:00:00+05:30,28.0,3,24,6,112.0
2026-06-24 04:00:00+05:30,25.0,4,24,6,100.0
2026-06-24 05:00:00+05:30,29.0,5,24,6,116.0
2026-06-24 06:00:00+05:30,25.0,6,24,6,100.0
2026-06-24 07:00:00+05:30,51.0,7,24,6,204.0
2026-06-24 08:00:00+05:30,44.0,8,24,6,176.0
2026-06-24 09:00:00+05:30,38.0,9,24,6,152.0
2026-06-24 10:00:00+05:30,40.0,10,24,6,160.0
2026-06-24 11:00:00+05:30,34.0,11,24,6,136.0
2026-06-24 12:00:00+05:30,43.0,12,24,6,172.0
2026-06-24 13:00:00+05:30,32.0,13,24,6,128.0
2026-06-24 14:00:00+05:30,31.0,14,24,6,124.0
2026-06-24 15:00:00+05:30,29.0,15,24,6,116.0
2026-06-24 16:00:00+05:30,29.0,16,24,6,116.0
2026-06-24 17:00:00+05:30,30.0,17,24,6,120.0
2026-06-24 18:00:00+05:30,29.0,18,24,6,116.0
2026-06-24 19:00:00+05:30,37.0,19,24,6,148.0
2026-06-24 20:00:00+05:30,40.0,20,24,6,160.0
2026-06-24 21:00:00+05:30,17.0,21,24,6,68.0
2026-06-24 22:00:00+05:30,23.0,22,24,6,92.0
2026-06-24 23:00:00+05:30,23.0,23,24,6,92.0
2026-06-25 00:00:00+05:30,38.0,0,25,6,152.0
2026-06-25 01:00:00+05:30,36.0,1,25,6,144.0
2026-06-25 02:00:00+05:30,31.0,2,25,6,124.0
2026-06-25 03:00:00+05:30,33.0,3,25,6,132.0
2026-06-25 04:00:00+05:30,31.0,4,25,6,124.0
2026-06-25 05:00:00+05:30,31.0,5,25,6,124.0
2026-06-25 06:00:00+05:30,26.0,6,25,6,104.0
2026-06-25 07:00:00+05:30,35.0,7,25,6,140.0
2026-06-25 08:00:00+05:30,71.0,8,25,6,284.0
2026-06-25 09:00:00+05:30,31.0,9,25,6,124.0
2026-06-25 10:00:00+05:30,43.0,10,25,6,172.0
2026-06-25 11:00:00+05:30,31.0,11,25,6,124.0
2026-06-25 12:00:00+05:30,53.0,12,25,6,212.0
2026-06-25 13:00:00+05:30,48.0,13,25,6,192.0
2026-06-25 14:00:00+05:30,56.0,14,25,6,224.0
2026-06-25 15:00:00+05:30,28.0,15,25,6,112.0
2026-06-25 16:00:00+05:30,40.0,16,25,6,160.0
2026-06-25 17:00:00+05:30,35.0,17,25,6,140.0
2026-06-25 18:00:00+05:30,37.0,18,25,6,148.0
2026-06-25 19:00:00+05:30,47.0,19,25,6,188.0
2026-06-25 20:00:00+05:30,52.0,20,25,6,208.0
2026-06-25 21:00:00+05:30,56.0,21,25,6,224.0
2026-06-25 22:00:00+05:30,48.0,22,25,6,192.0
2026-06-25 23:00:00+05:30,36.0,23,25,6,144.0
2026-06-26 00:00:00+05:30,29.0,0,26,6,116.0
2026-06-26 01:00:00+05:30,28.0,1,26,6,112.0
2026-06-26 02:00:00+05:30,21.0,2,26,6,84.0
2026-06-26 03:00:00+05:30,25.0,3,26,6,100.0
2026-06-26 04:00:00+05:30,19.0,4,26,6,76.0
2026-06-26 05:00:00+05:30,14.0,5,26,6,56.0
2026-06-26 06:00:00+05:30,18.0,6,26,6,72.0
2026-06-26 07:00:00+05:30,24.0,7,26,6,96.0
2026-06-26 08:00:00+05:30,39.0,8,26,6,156.0
2026-06-26 09:00:00+05:30,35.0,9,26,6,140.0
2026-06-26 10:00:00+05:30,38.0,10,26,6,152.0
2026-06-26 11:00:00+05:30,47.0,11,26,6,188.0
2026-06-26 12:00:00+05:30,38.0,12,26,6,152.0
2026-06-26 13:00:00+05:30,34.0,13,26,6,136.0
2026-06-26 14:00:00+05:30,31.0,14,26,6,124.0
2026-06-26 15:00:00+05:30,36.0,15,26,6,144.0
2026-06-26 16:00:00+05:30,30.0,16,26,6,120.0
2026-06-26 17:00:00+05:30,31.0,17,26,6,124.0
2026-06-26 18:00:00+05:30,31.0,18,26,6,124.0
2026-06-26 19:00:00+05:30,34.0,19,26,6,136.0
2026-06-26 20:00:00+05:30,41.0,20,26,6,164.0
2026-06-26 21:00:00+05:30,27.0,21,26,6,108.0
2026-06-26 22:00:00+05:30,28.0,22,26,6,112.0
2026-06-26 23:00:00+05:30,28.0,23,26,6,112.0
2026-06-27 00:00:00+05:30,25.0,0,27,6,100.0
2026-06-27 01:00:00+05:30,33.0,1,27,6,132.0
2026-06-27 02:00:00+05:30,40.0,2,27,6,160.0
2026-06-27 03:00:00+05:30,33.0,3,27,6,132.0
2026-06-27 04:00:00+05:30,45.0,4,27,6,180.0
2026-06-27 05:00:00+05:30,37.0,5,27,6,148.0
2026-06-27 06:00:00+05:30,33.0,6,27,6,132.0
2026-06-27 07:00:00+05:30,39.0,7,27,6,156.0
2026-06-27 08:00:00+05:30,52.0,8,27,6,208.0
2026-06-27 09:00:00+05:30,43.0,9,27,6,172.0
2026-06-27 10:00:00+05:30,44.0,10,27,6,176.0
2026-06-27 11:00:00+05:30,46.0,11,27,6,184.0
2026-06-27 12:00:00+05:30,48.0,12,27,6,192.0
2026-06-27 13:00:00+05:30,51.0,13,27,6,204.0
2026-06-27 14:00:00+05:30,57.0,14,27,6,228.0
2026-06-27 15:00:00+05:30,53.0,15,27,6,212.0
2026-06-27 16:00:00+05:30,49.0,16,27,6,196.0
2026-06-27 17:00:00+05:30,38.0,17,27,6,152.0
2026-06-27 18:00:00+05:30,39.0,18,27,6,156.0
2026-06-27 19:00:00+05:30,48.0,19,27,6,192.0
2026-06-27 20:00:00+05:30,66.0,20,27,6,264.0
2026-06-27 21:00:00+05:30,69.0,21,27,6,276.0
2026-06-27 22:00:00+05:30,75.0,22,27,6,300.0
2026-06-27 23:00:00+05:30,70.0,23,27,6,280.0
2026-06-28 00:00:00+05:30,74.0,0,28,6,296.0
2026-06-28 01:00:00+05:30,84.0,1,28,6,336.0
2026-06-28 02:00:00+05:30,111.0,2,28,6,444.0
2026-06-28 03:00:00+05:30,91.0,3,28,6,364.0
2026-06-28 04:00:00+05:30,83.0,4,28,6,332.0
2026-06-28 05:00:00+05:30,69.0,5,28,6,276.0
2026-06-28 06:00:00+05:30,57.0,6,28,6,228.0
2026-06-28 07:00:00+05:30,41.0,7,28,6,164.0
2026-06-28 08:00:00+05:30,47.0,8,28,6,188.0
2026-06-28 09:00:00+05:30,33.0,9,28,6,132.0
2026-06-28 10:00:00+05:30,33.0,10,28,6,132.0
2026-06-28 11:00:00+05:30,33.0,11,28,6,132.0
2026-06-28 12:00:00+05:30,36.0,12,28,6,144.0
2026-06-28 13:00:00+05:30,42.0,13,28,6,168.0
2026-06-28 14:00:00+05:30,41.0,14,28,6,164.0
2026-06-28 15:00:00+05:30,39.0,15,28,6,156.0
2026-06-28 16:00:00+05:30,42.0,16,28,6,168.0
2026-06-28 17:00:00+05:30,43.0,17,28,6,172.0
2026-06-28 18:00:00+05:30,62.0,18,28,6,248.0
2026-06-28 19:00:00+05:30,33.0,19,28,6,132.0
2026-06-28 20:00:00+05:30,48.0,20,28,6,192.0
2026-06-28 21:00:00+05:30,52.0,21,28,6,208.0
2026-06-28 22:00:00+05:30,62.0,22,28,6,248.0
2026-06-28 23:00:00+05:30,52.0,23,28,6,208.0
2026-06-29 00:00:00+05:30,59.0,0,29,6,236.0
2026-06-29 01:00:00+05:30,71.0,1,29,6,284.0
2026-06-29 02:00:00+05:30,51.0,2,29,6,204.0
2026-06-29 03:00:00+05:30,43.0,3,29,6,172.0
2026-06-29 04:00:00+05:30,43.0,4,29,6,172.0
2026-06-29 05:00:00+05:30,41.0,5,29,6,164.0
2026-06-29 06:00:00+05:30,40.0,6,29,6,160.0
2026-06-29 07:00:00+05:30,35.0,7,29,6,140.0
2026-06-29 08:00:00+05:30,34.0,8,29,6,136.0
2026-06-29 09:00:00+05:30,33.0,9,29,6,132.0
2026-06-29 10:00:00+05:30,31.0,10,29,6,124.0
2026-06-29 11:00:00+05:30,40.0,11,29,6,160.0
2026-06-29 12:00:00+05:30,34.0,12,29,6,136.0
2026-06-29 13:00:00+05:30,45.0,13,29,6,180.0
2026-06-29 14:00:00+05:30,47.0,14,29,6,188.0
2026-06-29 15:00:00+05:30,49.0,15,29,6,196.0
2026-06-29 16:00:00+05:30,42.0,16,29,6,168.0
2026-06-29 17:00:00+05:30,41.0,17,29,6,164.0
2026-06-29 18:00:00+05:30,41.0,18,29,6,164.0
2026-06-29 19:00:00+05:30,37.0,19,29,6,148.0
2026-06-29 20:00:00+05:30,37.0,20,29,6,148.0
2026-06-29 21:00:00+05:30,49.0,21,29,6,196.0
2026-06-29 22:00:00+05:30,58.0,22,29,6,232.0
2026-06-29 23:00:00+05:30,48.0,23,29,6,192.0
2026-06-30 00:00:00+05:30,33.0,0,30,6,132.0
2026-06-30 01:00:00+05:30,38.0,1,30,6,152.0
2026-06-30 02:00:00+05:30,27.0,2,30,6,108.0
2026-06-30 03:00:00+05:30,32.0,3,30,6,128.0
2026-06-30 04:00:00+05:30,26.0,4,30,6,104.0
2026-06-30 05:00:00+05:30,25.0,5,30,6,100.0
2026-06-30 06:00:00+05:30,38.0,6,30,6,152.0
2026-06-30 07:00:00+05:30,44.0,7,30,6,176.0
2026-06-30 08:00:00+05:30,37.0,8,30,6,148.0
2026-06-30 09:00:00+05:30,36.0,9,30,6,144.0
2026-06-30 10:00:00+05:30,48.0,10,30,6,192.0
2026-06-30 11:00:00+05:30,57.0,11,30,6,228.0
2026-06-30 12:00:00+05:30,51.0,12,30,6,204.0
2026-06-30 13:00:00+05:30,56.0,13,30,6,224.0
2026-06-30 14:00:00+05:30,60.0,14,30,6,240.0
2026-06-30 15:00:00+05:30,67.0,15,30,6,268.0
2026-06-30 16:00:00+05:30,69.0,16,30,6,276.0
2026-06-30 17:00:00+05:30,84.0,17,30,6,336.0
2026-06-30 18:00:00+05:30,86.0,18,30,6,344.0
2026-06-30 19:00:00+05:30,78.0,19,30,6,312.0
2026-06-30 20:00:00+05:30,73.0,20,30,6,292.0
2026-06-30 21:00:00+05:30,70.0,21,30,6,280.0
2026-06-30 22:00:00+05:30,71.0,22,30,6,284.0
2026-06-30 23:00:00+05:30,60.0,23,30,6,240.0
2026-07-01 00:00:00+05:30,48.0,0,1,7,192.0
2026-07-01 01:00:00+05:30,59.0,1,1,7,236.0
2026-07-01 02:00:00+05:30,48.0,2,1,7,192.0
2026-07-01 03:00:00+05:30,54.0,3,1,7,216.0
2026-07-01 04:00:00+05:30,48.0,4,1,7,192.0
2026-07-01 05:00:00+05:30,40.0,5,1,7,160.0
2026-07-01 06:00:00+05:30,40.0,6,1,7,160.0
2026-07-01 07:00:00+05:30,37.0,7,1,7,148.0
2026-07-01 08:00:00+05:30,27.0,8,1,7,108.0
2026-07-01 09:00:00+05:30,23.0,9,1,7,92.0
2026-07-01 10:00:00+05:30,29.0,10,1,7,116.0
2026-07-01 11:00:00+05:30,37.0,11,1,7,148.0
2026-07-01 12:00:00+05:30,36.0,12,1,7,144.0
2026-07-01 13:00:00+05:30,30.0,13,1,7,120.0
2026-07-01 14:00:00+05:30,30.0,14,1,7,120.0
2026-07-01 15:00:00+05:30,32.0,15,1,7,128.0
2026-07-01 16:00:00+05:30,37.0,16,1,7,148.0
2026-07-01 17:00:00+05:30,39.0,17,1,7,156.0
2026-07-01 18:00:00+05:30,40.0,18,1,7,160.0
2026-07-01 19:00:00+05:30,37.0,19,1,7,148.0
2026-07-01 20:00:00+05:30,45.0,20,1,7,180.0
2026-07-01 21:00:00+05:30,49.0,21,1,7,196.0
2026-07-01 22:00:00+05:30,41.0,22,1,7,164.0
2026-07-01 23:00:00+05:30,43.0,23,1,7,172.0
2026-07-02 00:00:00+05:30,38.0,0,2,7,152.0
2026-07-02 01:00:00+05:30,35.0,1,2,7,140.0
2026-07-02 02:00:00+05:30,35.0,2,2,7,140.0
2026-07-02 03:00:00+05:30,29.0,3,2,7,116.0
2026-07-02 04:00:00+05:30,29.0,4,2,7,116.0
2026-07-02 05:00:00+05:30,28.0,5,2,7,112.0
2026-07-02 06:00:00+05:30,28.0,6,2,7,112.0
2026-07-02 07:00:00+05:30,46.0,7,2,7,184.0
2026-07-02 08:00:00+05:30,11.0,8,2,7,44.0
2026-07-02 09:00:00+05:30,9.0,9,2,7,36.0
2026-07-02 10:00:00+05:30,10.0,10,2,7,40.0
2026-07-02 11:00:00+05:30,11.0,11,2,7,44.0
2026-07-02 12:00:00+05:30,12.0,12,2,7,48.0
2026-07-02 13:00:00+05:30,30.0,13,2,7,120.0
2026-07-02 14:00:00+05:30,37.0,14,2,7,148.0
2026-07-02 15:00:00+05:30,38.0,15,2,7,152.0
2026-07-02 16:00:00+05:30,28.0,16,2,7,112.0
2026-07-02 17:00:00+05:30,41.0,17,2,7,164.0
2026-07-02 18:00:00+05:30,38.0,18,2,7,152.0
2026-07-02 19:00:00+05:30,47.0,19,2,7,188.0
2026-07-02 20:00:00+05:30,60.0,20,2,7,240.0
2026-07-02 21:00:00+05:30,68.0,21,2,7,272.0
2026-07-02 22:00:00+05:30,58.0,22,2,7,232.0
2026-07-02 23:00:00+05:30,33.0,23,2,7,132.0
2026-07-03 00:00:00+05:30,33.0,0,3,7,132.0
2026-07-03 01:00:00+05:30,39.0,1,3,7,156.0
2026-07-03 02:00:00+05:30,34.0,2,3,7,136.0
2026-07-03 03:00:00+05:30,39.0,3,3,7,156.0
2026-07-03 04:00:00+05:30,46.0,4,3,7,184.0
2026-07-03 05:00:00+05:30,47.0,5,3,7,188.0
2026-07-03 06:00:00+05:30,48.0,6,3,7,192.0
2026-07-03 07:00:00+05:30,48.0,7,3,7,192.0
2026-07-03 08:00:00+05:30,55.0,8,3,7,220.0
2026-07-03 09:00:00+05:30,49.0,9,3,7,196.0
2026-07-03 10:00:00+05:30,48.0,10,3,7,192.0
2026-07-03 11:00:00+05:30,43.0,11,3,7,172.0
2026-07-03 12:00:00+05:30,41.0,12,3,7,164.0
2026-07-03 13:00:00+05:30,46.0,13,3,7,184.0
2026-07-03 14:00:00+05:30,53.0,14,3,7,212.0
2026-07-03 15:00:00+05:30,44.0,15,3,7,176.0
2026-07-03 16:00:00+05:30,52.0,16,3,7,208.0
2026-07-03 17:00:00+05:30,49.0,17,3,7,196.0
2026-07-03 18:00:00+05:30,45.0,18,3,7,180.0
2026-07-03 19:00:00+05:30,48.0,19,3,7,192.0
2026-07-03 20:00:00+05:30,45.0,20,3,7,180.0
2026-07-03 21:00:00+05:30,44.0,21,3,7,176.0
2026-07-03 22:00:00+05:30,50.0,22,3,7,200.0
2026-07-03 23:00:00+05:30,61.0,23,3,7,244.0
2026-07-04 00:00:00+05:30,68.0,0,4,7,272.0
2026-07-04 01:00:00+05:30,66.0,1,4,7,264.0
2026-07-04 02:00:00+05:30,61.0,2,4,7,244.0
2026-07-04 03:00:00+05:30,63.0,3,4,7,252.0
2026-07-04 04:00:00+05:30,63.0,4,4,7,252.0
2026-07-04 05:00:00+05:30,65.0,5,4,7,260.0
2026-07-04 06:00:00+05:30,62.0,6,4,7,248.0
2026-07-04 07:00:00+05:30,63.0,7,4,7,252.0
2026-07-04 08:00:00+05:30,63.0,8,4,7,252.0
2026-07-04 09:00:00+05:30,47.0,9,4,7,188.0
2026-07-04 10:00:00+05:30,41.0,10,4,7,164.0
2026-07-04 11:00:00+05:30,41.0,11,4,7,164.0
2026-07-04 12:00:00+05:30,59.0,12,4,7,236.0
2026-07-04 13:00:00+05:30,48.0,13,4,7,192.0
2026-07-04 14:00:00+05:30,35.0,14,4,7,140.0
2026-07-04 15:00:00+05:30,27.0,15,4,7,108.0
2026-07-04 16:00:00+05:30,28.0,16,4,7,112.0
2026-07-04 17:00:00+05:30,44.0,17,4,7,176.0
2026-07-04 18:00:00+05:30,66.0,18,4,7,264.0
2026-07-04 19:00:00+05:30,78.0,19,4,7,312.0
2026-07-04 20:00:00+05:30,78.0,20,4,7,312.0
2026-07-04 21:00:00+05:30,72.0,21,4,7,288.0
2026-07-04 22:00:00+05:30,84.0,22,4,7,336.0
2026-07-04 23:00:00+05:30,80.0,23,4,7,320.0
2026-07-05 00:00:00+05:30,76.0,0,5,7,304.0
2026-07-05 01:00:00+05:30,81.0,1,5,7,324.0
2026-07-05 02:00:00+05:30,84.0,2,5,7,336.0
2026-07-05 03:00:00+05:30,90.0,3,5,7,360.0
2026-07-05 04:00:00+05:30,98.0,4,5,7,392.0
2026-07-05 05:00:00+05:30,109.0,5,5,7,436.0
2026-07-05 06:00:00+05:30,106.0,6,5,7,424.0
2026-07-05 07:00:00+05:30,112.0,7,5,7,448.0
2026-07-05 08:00:00+05:30,97.0,8,5,7,388.0
2026-07-05 09:00:00+05:30,70.0,9,5,7,280.0
2026-07-05 10:00:00+05:30,58.0,10,5,7,232.0
2026-07-05 11:00:00+05:30,38.0,11,5,7,152.0
2026-07-05 12:00:00+05:30,25.0,12,5,7,100.0
2026-07-05 13:00:00+05:30,17.0,13,5,7,68.0
2026-07-05 14:00:00+05:30,18.0,14,5,7,72.0
2026-07-05 15:00:00+05:30,15.0,15,5,7,60.0
2026-07-05 16:00:00+05:30,18.0,16,5,7,72.0
2026-07-05 17:00:00+05:30,21.0,17,5,7,84.0
2026-07-05 18:00:00+05:30,23.0,18,5,7,92.0
2026-07-05 19:00:00+05:30,28.0,19,5,7,112.0
2026-07-05 20:00:00+05:30,33.0,20,5,7,132.0
2026-07-05 21:00:00+05:30,38.0,21,5,7,152.0
2026-07-05 22:00:00+05:30,41.0,22,5,7,164.0
2026-07-05 23:00:00+05:30,44.0,23,5,7,176.0
2026-07-06 00:00:00+05:30,42.0,0,6,7,168.0
2026-07-06 01:00:00+05:30,43.0,1,6,7,172.0
2026-07-06 02:00:00+05:30,48.0,2,6,7,192.0
2026-07-06 03:00:00+05:30,47.0,3,6,7,188.0
2026-07-06 04:00:00+05:30,30.0,4,6,7,120.0
2026-07-06 05:00:00+05:30,31.0,5,6,7,124.0
2026-07-06 06:00:00+05:30,34.0,6,6,7,136.0
2026-07-06 07:00:00+05:30,32.0,7,6,7,128.0
2026-07-06 08:00:00+05:30,37.0,8,6,7,148.0
2026-07-06 09:00:00+05:30,24.0,9,6,7,96.0
2026-07-06 10:00:00+05:30,33.0,10,6,7,132.0
2026-07-06 11:00:00+05:30,29.0,11,6,7,116.0
2026-07-06 12:00:00+05:30,32.0,12,6,7,128.0
2026-07-06 13:00:00+05:30,31.0,13,6,7,124.0
2026-07-06 14:00:00+05:30,28.0,14,6,7,112.0
2026-07-06 15:00:00+05:30,33.0,15,6,7,132.0
2026-07-06 16:00:00+05:30,38.0,16,6,7,152.0
2026-07-06 17:00:00+05:30,44.0,17,6,7,176.0
2026-07-06 18:00:00+05:30,41.0,18,6,7,164.0
2026-07-06 19:00:00+05:30,29.0,19,6,7,116.0
2026-07-06 20:00:00+05:30,28.0,20,6,7,112.0
2026-07-06 21:00:00+05:30,37.0,21,6,7,148.0
2026-07-06 22:00:00+05:30,43.0,22,6,7,172.0
2026-07-06 23:00:00+05:30,46.0,23,6,7,184.0
2026-07-07 00:00:00+05:30,47.0,0,7,7,188.0
2026-07-07 01:00:00+05:30,43.0,1,7,7,172.0
2026-07-07 02:00:00+05:30,36.0,2,7,7,144.0
2026-07-07 03:00:00+05:30,33.0,3,7,7,132.0
2026-07-07 04:00:00+05:30,30.0,4,7,7,120.0
2026-07-07 05:00:00+05:30,39.0,5,7,7,156.0
2026-07-07 06:00:00+05:30,39.0,6,7,7,156.0
2026-07-07 07:00:00+05:30,42.0,7,7,7,168.0
2026-07-07 08:00:00+05:30,68.0,8,7,7,272.0
2026-07-07 09:00:00+05:30,52.0,9,7,7,208.0
2026-07-07 10:00:00+05:30,50.0,10,7,7,200.0
2026-07-07 11:00:00+05:30,47.0,11,7,7,188.0
2026-07-07 12:00:00+05:30,33.0,12,7,7,132.0
2026-07-07 13:00:00+05:30,28.0,13,7,7,112.0
2026-07-07 14:00:00+05:30,26.0,14,7,7,104.0
2026-07-07 15:00:00+05:30,12.0,15,7,7,48.0
2026-07-07 16:00:00+05:30,13.0,16,7,7,52.0
2026-07-07 17:00:00+05:30,14.0,17,7,7,56.0
2026-07-07 18:00:00+05:30,10.0,18,7,7,40.0
2026-07-07 19:00:00+05:30,22.0,19,7,7,88.0
2026-07-07 20:00:00+05:30,22.0,20,7,7,88.0
2026-07-07 21:00:00+05:30,30.0,21,7,7,120.0
2026-07-07 22:00:00+05:30,29.0,22,7,7,116.0
2026-07-07 23:00:00+05:30,33.0,23,7,7,132.0
2026-07-08 00:00:00+05:30,30.0,0,8,7,120.0
2026-07-08 01:00:00+05:30,32.0,1,8,7,128.0
2026-07-08 02:00:00+05:30,35.0,2,8,7,140.0
2026-07-08 03:00:00+05:30,31.0,3,8,7,124.0
2026-07-08 04:00:00+05:30,37.0,4,8,7,148.0
2026-07-08 05:00:00+05:30,45.0,5,8,7,180.0
2026-07-08 06:00:00+05:30,41.0,6,8,7,164.0
2026-07-08 07:00:00+05:30,35.0,7,8,7,140.0
2026-07-08 08:00:00+05:30,35.0,8,8,7,140.0
2026-07-08 09:00:00+05:30,33.0,9,8,7,132.0
2026-07-08 10:00:00+05:30,27.0,10,8,7,108.0
2026-07-08 11:00:00+05:30,38.0,11,8,7,152.0
2026-07-08 12:00:00+05:30,48.0,12,8,7,192.0
2026-07-08 13:00:00+05:30,22.0,13,8,7,88.0
2026-07-08 14:00:00+05:30,17.0,14,8,7,68.0
2026-07-08 15:00:00+05:30,17.0,15,8,7,68.0
2026-07-08 19:00:00+05:30,21.0,19,8,7,84.0
2026-07-08 20:00:00+05:30,14.0,20,8,7,56.0
2026-07-08 21:00:00+05:30,13.0,21,8,7,52.0
2026-07-08 22:00:00+05:30,28.0,22,8,7,112.0
2026-07-08 23:00:00+05:30,36.0,23,8,7,144.0
2026-07-09 00:00:00+05:30,25.0,0,9,7,100.0
2026-07-09 01:00:00+05:30,19.0,1,9,7,76.0
2026-07-09 02:00:00+05:30,7.0,2,9,7,28.0
2026-07-09 03:00:00+05:30,5.0,3,9,7,20.0
2026-07-09 04:00:00+05:30,0.0,4,9,7,0.0
2026-07-09 05:00:00+05:30,1.0,5,9,7,4.0
2026-07-09 06:00:00+05:30,3.0,6,9,7,12.0
2026-07-09 07:00:00+05:30,2.0,7,9,7,8.0
2026-07-09 08:00:00+05:30,1.0,8,9,7,4.0
2026-07-09 09:00:00+05:30,0.0,9,9,7,0.0
2026-07-09 10:00:00+05:30,1.0,10,9,7,4.0
2026-07-09 11:00:00+05:30,0.0,11,9,7,0.0
2026-07-09 12:00:00+05:30,6.0,12,9,7,24.0
2026-07-09 13:00:00+05:30,6.0,13,9,7,24.0
2026-07-09 14:00:00+05:30,5.0,14,9,7,20.0
2026-07-09 15:00:00+05:30,8.0,15,9,7,32.0
2026-07-09 16:00:00+05:30,9.0,16,9,7,36.0
2026-07-09 17:00:00+05:30,12.0,17,9,7,48.0
2026-07-09 18:00:00+05:30,13.0,18,9,7,52.0
2026-07-09 19:00:00+05:30,15.0,19,9,7,60.0
2026-07-09 20:00:00+05:30,9.0,20,9,7,36.0
2026-07-09 21:00:00+05:30,5.0,21,9,7,20.0
2026-07-09 22:00:00+05:30,6.0,22,9,7,24.0
2026-07-09 23:00:00+05:30,10.0,23,9,7,40.0
2026-07-10 00:00:00+05:30,11.0,0,10,7,44.0
2026-07-10 01:00:00+05:30,9.0,1,10,7,36.0
2026-07-10 02:00:00+05:30,13.0,2,10,7,52.0
2026-07-10 03:00:00+05:30,10.0,3,10,7,40.0
2026-07-10 04:00:00+05:30,13.0,4,10,7,52.0
2026-07-10 05:00:00+05:30,15.0,5,10,7,60.0
2026-07-10 06:00:00+05:30,20.0,6,10,7,80.0
2026-07-10 07:00:00+05:30,18.0,7,10,7,72.0
2026-07-10 08:00:00+05:30,25.0,8,10,7,100.0
2026-07-10 09:00:00+05:30,36.0,9,10,7,144.0
2026-07-10 10:00:00+05:30,32.0,10,10,7,128.0
2026-07-10 11:00:00+05:30,41.0,11,10,7,164.0
2026-07-10 12:00:00+05:30,30.0,12,10,7,120.0
2026-07-10 13:00:00+05:30,20.0,13,10,7,80.0
2026-07-10 14:00:00+05:30,24.0,14,10,7,96.0
2026-07-10 15:00:00+05:30,12.0,15,10,7,48.0
2026-07-10 16:00:00+05:30,17.0,16,10,7,68.0
2026-07-10 17:00:00+05:30,17.0,17,10,7,68.0
2026-07-10 19:00:00+05:30,13.0,19,10,7,52.0
2026-07-10 20:00:00+05:30,27.0,20,10,7,108.0
2026-07-10 21:00:00+05:30,31.0,21,10,7,124.0
2026-07-10 22:00:00+05:30,31.0,22,10,7,124.0
2026-07-10 23:00:00+05:30,27.0,23,10,7,108.0
2026-07-11 00:00:00+05:30,26.0,0,11,7,104.0
2026-07-11 01:00:00+05:30,17.0,1,11,7,68.0
2026-07-11 02:00:00+05:30,14.0,2,11,7,56.0
2026-07-11 03:00:00+05:30,24.0,3,11,7,96.0
2026-07-11 04:00:00+05:30,23.0,4,11,7,92.0
2026-07-11 05:00:00+05:30,21.0,5,11,7,84.0
2026-07-11 06:00:00+05:30,21.0,6,11,7,84.0
2026-07-11 07:00:00+05:30,32.0,7,11,7,128.0
2026-07-11 08:00:00+05:30,37.0,8,11,7,148.0
2026-07-11 09:00:00+05:30,32.0,9,11,7,128.0
2026-07-11 10:00:00+05:30,30.0,10,11,7,120.0
2026-07-11 11:00:00+05:30,40.0,11,11,7,160.0
2026-07-11 12:00:00+05:30,46.0,12,11,7,184.0
2026-07-11 13:00:00+05:30,55.0,13,11,7,220.0
2026-07-11 14:00:00+05:30,55.0,14,11,7,220.0
2026-07-11 16:00:00+05:30,60.0,16,11,7,240.0
2026-07-11 17:00:00+05:30,63.0,17,11,7,252.0
2026-07-11 18:00:00+05:30,63.0,18,11,7,252.0
2026-07-11 19:00:00+05:30,58.0,19,11,7,232.0
2026-07-11 20:00:00+05:30,55.0,20,11,7,220.0
2026-07-11 21:00:00+05:30,61.0,21,11,7,244.0
2026-07-11 22:00:00+05:30,64.0,22,11,7,256.0
2026-07-11 23:00:00+05:30,66.0,23,11,7,264.0
2026-07-12 00:00:00+05:30,64.0,0,12,7,256.0
2026-07-12 01:00:00+05:30,48.0,1,12,7,192.0
2026-07-12 02:00:00+05:30,45.0,2,12,7,180.0
2026-07-12 03:00:00+05:30,41.0,3,12,7,164.0
2026-07-12 04:00:00+05:30,37.0,4,12,7,148.0
2026-07-12 05:00:00+05:30,31.0,5,12,7,124.0
2026-07-12 06:00:00+05:30,27.0,6,12,7,108.0
2026-07-12 07:00:00+05:30,27.0,7,12,7,108.0
2026-07-12 08:00:00+05:30,40.0,8,12,7,160.0
2026-07-12 09:00:00+05:30,39.0,9,12,7,156.0
2026-07-12 10:00:00+05:30,46.0,10,12,7,184.0
2026-07-12 11:00:00+05:30,53.0,11,12,7,212.0
2026-07-12 12:00:00+05:30,64.0,12,12,7,256.0
2026-07-12 13:00:00+05:30,75.0,13,12,7,300.0
2026-07-12 14:00:00+05:30,90.0,14,12,7,360.0
2026-07-12 15:00:00+05:30,77.0,15,12,7,308.0
2026-07-12 16:00:00+05:30,93.0,16,12,7,372.0
2026-07-12 17:00:00+05:30,100.0,17,12,7,400.0
2026-07-12 18:00:00+05:30,103.0,18,12,7,412.0
2026-07-12 19:00:00+05:30,88.0,19,12,7,352.0
2026-07-12 20:00:00+05:30,94.0,20,12,7,376.0
2026-07-12 21:00:00+05:30,91.0,21,12,7,364.0
2026-07-12 22:00:00+05:30,84.0,22,12,7,336.0
2026-07-12 23:00:00+05:30,84.0,23,12,7,336.0
2026-07-13 01:00:00+05:30,48.0,1,13,7,192.0
2026-07-13 02:00:00+05:30,37.0,2,13,7,148.0
2026-07-13 03:00:00+05:30,27.0,3,13,7,108.0
2026-07-13 04:00:00+05:30,30.0,4,13,7,120.0
2026-07-13 05:00:00+05:30,32.0,5,13,7,128.0
2026-07-13 06:00:00+05:30,31.0,6,13,7,124.0
2026-07-13 07:00:00+05:30,38.0,7,13,7,152.0
2026-07-13 08:00:00+05:30,35.0,8,13,7,140.0
2026-07-13 09:00:00+05:30,35.0,9,13,7,140.0
2026-07-13 10:00:00+05:30,39.0,10,13,7,156.0
2026-07-13 11:00:00+05:30,37.0,11,13,7,148.0
2026-07-13 12:00:00+05:30,39.0,12,13,7,156.0
2026-07-13 13:00:00+05:30,48.0,13,13,7,192.0
2026-07-13 14:00:00+05:30,45.0,14,13,7,180.0
2026-07-13 15:00:00+05:30,49.0,15,13,7,196.0
2026-07-13 16:00:00+05:30,48.0,16,13,7,192.0
2026-07-13 17:00:00+05:30,37.0,17,13,7,148.0
2026-07-13 18:00:00+05:30,41.0,18,13,7,164.0
2026-07-13 19:00:00+05:30,43.0,19,13,7,172.0
2026-07-13 20:00:00+05:30,50.0,20,13,7,200.0
2026-07-13 21:00:00+05:30,37.0,21,13,7,148.0
2026-07-13 22:00:00+05:30,37.0,22,13,7,148.0
2026-07-14 00:00:00+05:30,33.0,0,14,7,132.0
2026-07-14 01:00:00+05:30,37.0,1,14,7,148.0
2026-07-14 02:00:00+05:30,45.0,2,14,7,180.0
2026-07-14 03:00:00+05:30,39.0,3,14,7,156.0
2026-07-14 04:00:00+05:30,39.0,4,14,7,156.0
2026-07-14 05:00:00+05:30,40.0,5,14,7,160.0
2026-07-14 06:00:00+05:30,27.0,6,14,7,108.0
2026-07-14 07:00:00+05:30,26.0,7,14,7,104.0
2026-07-14 08:00:00+05:30,37.0,8,14,7,148.0
2026-07-14 09:00:00+05:30,44.0,9,14,7,176.0
2026-07-14 10:00:00+05:30,51.0,10,14,7,204.0
2026-07-14 11:00:00+05:30,53.0,11,14,7,212.0
2026-07-14 12:00:00+05:30,60.0,12,14,7,240.0
2026-07-14 13:00:00+05:30,54.0,13,14,7,216.0
2026-07-14 14:00:00+05:30,54.0,14,14,7,216.0
2026-07-14 15:00:00+05:30,51.0,15,14,7,204.0
2026-07-14 16:00:00+05:30,54.0,16,14,7,216.0
2026-07-14 17:00:00+05:30,46.0,17,14,7,184.0
2026-07-14 18:00:00+05:30,49.0,18,14,7,196.0
2026-07-14 19:00:00+05:30,42.0,19,14,7,168.0
2026-07-14 20:00:00+05:30,27.0,20,14,7,108.0
2026-07-14 21:00:00+05:30,23.0,21,14,7,92.0
2026-07-14 22:00:00+05:30,29.0,22,14,7,116.0
2026-07-14 23:00:00+05:30,23.0,23,14,7,92.0
2026-07-15 00:00:00+05:30,28.0,0,15,7,112.0
2026-07-15 01:00:00+05:30,30.0,1,15,7,120.0
2026-07-15 02:00:00+05:30,21.0,2,15,7,84.0
2026-07-15 03:00:00+05:30,28.0,3,15,7,112.0
2026-07-15 04:00:00+05:30,30.0,4,15,7,120.0
2026-07-15 05:00:00+05:30,29.0,5,15,7,116.0
2026-07-15 06:00:00+05:30,21.0,6,15,7,84.0
2026-07-15 07:00:00+05:30,25.0,7,15,7,100.0
2026-07-15 08:00:00+05:30,32.0,8,15,7,128.0
2026-07-15 09:00:00+05:30,37.0,9,15,7,148.0
2026-07-15 10:00:00+05:30,36.0,10,15,7,144.0
2026-07-15 11:00:00+05:30,38.0,11,15,7,152.0
2026-07-15 12:00:00+05:30,40.0,12,15,7,160.0
2026-07-15 13:00:00+05:30,42.0,13,15,7,168.0
2026-07-15 14:00:00+05:30,45.0,14,15,7,180.0
2026-07-15 15:00:00+05:30,50.0,15,15,7,200.0
2026-07-15 16:00:00+05:30,43.0,16,15,7,172.0
2026-07-15 17:00:00+05:30,52.0,17,15,7,208.0
2026-07-15 18:00:00+05:30,50.0,18,15,7,200.0
2026-07-15 19:00:00+05:30,48.0,19,15,7,192.0
2026-07-15 20:00:00+05:30,52.0,20,15,7,208.0
2026-07-15 21:00:00+05:30,53.0,21,15,7,212.0
2026-07-15 22:00:00+05:30,45.0,22,15,7,180.0
2026-07-15 23:00:00+05:30,40.0,23,15,7,160.0
2026-07-16 00:00:00+05:30,37.0,0,16,7,148.0
2026-07-16 01:00:00+05:30,40.0,1,16,7,160.0
2026-07-16 02:00:00+05:30,36.0,2,16,7,144.0
2026-07-16 03:00:00+05:30,39.0,3,16,7,156.0
2026-07-16 04:00:00+05:30,35.0,4,16,7,140.0
2026-07-16 05:00:00+05:30,35.0,5,16,7,140.0
2026-07-16 06:00:00+05:30,36.0,6,16,7,144.0
2026-07-16 07:00:00+05:30,40.0,7,16,7,160.0
2026-07-16 08:00:00+05:30,42.0,8,16,7,168.0
2026-07-16 09:00:00+05:30,54.0,9,16,7,216.0
2026-07-16 10:00:00+05:30,55.0,10,16,7,220.0
2026-07-16 11:00:00+05:30,47.0,11,16,7,188.0
2026-07-16 12:00:00+05:30,48.0,12,16,7,192.0
2026-07-16 13:00:00+05:30,50.0,13,16,7,200.0
2026-07-16 14:00:00+05:30,49.0,14,16,7,196.0
2026-07-16 15:00:00+05:30,48.0,15,16,7,192.0
2026-07-16 16:00:00+05:30,48.0,16,16,7,192.0
2026-07-16 17:00:00+05:30,44.0,17,16,7,176.0
2026-07-16 18:00:00+05:30,45.0,18,16,7,180.0
2026-07-16 19:00:00+05:30,45.0,19,16,7,180.0
2026-07-16 20:00:00+05:30,44.0,20,16,7,176.0
2026-07-16 21:00:00+05:30,52.0,21,16,7,208.0
2026-07-16 22:00:00+05:30,56.0,22,16,7,224.0
2026-07-16 23:00:00+05:30,50.0,23,16,7,200.0
2026-07-17 00:00:00+05:30,63.0,0,17,7,252.0
2026-07-17 01:00:00+05:30,67.0,1,17,7,268.0
2026-07-17 02:00:00+05:30,81.0,2,17,7,324.0
2026-07-17 03:00:00+05:30,55.0,3,17,7,220.0
2026-07-17 04:00:00+05:30,42.0,4,17,7,168.0
2026-07-17 05:00:00+05:30,38.0,5,17,7,152.0
2026-07-17 06:00:00+05:30,40.0,6,17,7,160.0
2026-07-17 07:00:00+05:30,42.0,7,17,7,168.0
2026-07-17 08:00:00+05:30,38.0,8,17,7,152.0
2026-07-17 09:00:00+05:30,36.0,9,17,7,144.0
2026-07-17 10:00:00+05:30,38.0,10,17,7,152.0
2026-07-17 11:00:00+05:30,44.0,11,17,7,176.0
2026-07-17 12:00:00+05:30,40.0,12,17,7,160.0
2026-07-17 13:00:00+05:30,40.0,13,17,7,160.0
2026-07-17 14:00:00+05:30,44.0,14,17,7,176.0
2026-07-17 15:00:00+05:30,42.0,15,17,7,168.0
2026-07-17 16:00:00+05:30,40.0,16,17,7,160.0
2026-07-17 17:00:00+05:30,46.0,17,17,7,184.0
2026-07-17 18:00:00+05:30,41.0,18,17,7,164.0
2026-07-17 19:00:00+05:30,46.0,19,17,7,184.0
2026-07-17 20:00:00+05:30,49.0,20,17,7,196.0
2026-07-17 21:00:00+05:30,69.0,21,17,7,276.0
2026-07-17 22:00:00+05:30,70.0,22,17,7,280.0
2026-07-17 23:00:00+05:30,74.0,23,17,7,296.0
2026-07-18 00:00:00+05:30,86.0,0,18,7,344.0
2026-07-18 01:00:00+05:30,77.0,1,18,7,308.0
2026-07-18 02:00:00+05:30,69.0,2,18,7,276.0
2026-07-18 03:00:00+05:30,70.0,3,18,7,280.0
2026-07-18 04:00:00+05:30,56.0,4,18,7,224.0
2026-07-18 05:00:00+05:30,41.0,5,18,7,164.0
2026-07-18 06:00:00+05:30,35.0,6,18,7,140.0
2026-07-18 07:00:00+05:30,34.0,7,18,7,136.0
2026-07-18 08:00:00+05:30,32.0,8,18,7,128.0
2026-07-18 09:00:00+05:30,35.0,9,18,7,140.0
2026-07-18 10:00:00+05:30,35.0,10,18,7,140.0
2026-07-18 11:00:00+05:30,34.0,11,18,7,136.0
2026-07-18 12:00:00+05:30,34.0,12,18,7,136.0
2026-07-18 13:00:00+05:30,38.0,13,18,7,152.0
2026-07-18 14:00:00+05:30,38.0,14,18,7,152.0
2026-07-18 15:00:00+05:30,41.0,15,18,7,164.0
2026-07-18 16:00:00+05:30,47.0,16,18,7,188.0
2026-07-18 17:00:00+05:30,44.0,17,18,7,176.0
2026-07-18 18:00:00+05:30,48.0,18,18,7,192.0
2026-07-18 19:00:00+05:30,50.0,19,18,7,200.0
2026-07-18 20:00:00+05:30,48.0,20,18,7,192.0
2026-07-18 21:00:00+05:30,53.0,21,18,7,212.0
2026-07-18 22:00:00+05:30,50.0,22,18,7,200.0
2026-07-18 23:00:00+05:30,48.0,23,18,7,192.0
2026-07-19 00:00:00+05:30,47.0,0,19,7,188.0
2026-07-19 01:00:00+05:30,53.0,1,19,7,212.0
2026-07-19 02:00:00+05:30,55.0,2,19,7,220.0
2026-07-19 03:00:00+05:30,49.0,3,19,7,196.0
2026-07-19 04:00:00+05:30,37.0,4,19,7,148.0
2026-07-19 05:00:00+05:30,43.0,5,19,7,172.0
2026-07-19 06:00:00+05:30,46.0,6,19,7,184.0
2026-07-19 07:00:00+05:30,46.0,7,19,7,184.0
2026-07-19 08:00:00+05:30,46.0,8,19,7,184.0
2026-07-19 09:00:00+05:30,40.0,9,19,7,160.0
2026-07-19 10:00:00+05:30,40.0,10,19,7,160.0
2026-07-19 11:00:00+05:30,47.0,11,19,7,188.0
2026-07-19 12:00:00+05:30,39.0,12,19,7,156.0
2026-07-19 13:00:00+05:30,45.0,13,19,7,180.0
2026-07-19 14:00:00+05:30,39.0,14,19,7,156.0
2026-07-19 15:00:00+05:30,37.0,15,19,7,148.0
2026-07-19 16:00:00+05:30,42.0,16,19,7,168.0
2026-07-19 17:00:00+05:30,47.0,17,19,7,188.0
2026-07-19 18:00:00+05:30,43.0,18,19,7,172.0
2026-07-19 19:00:00+05:30,59.0,19,19,7,236.0
2026-07-19 20:00:00+05:30,51.0,20,19,7,204.0
2026-07-19 21:00:00+05:30,69.0,21,19,7,276.0
2026-07-19 22:00:00+05:30,64.0,22,19,7,256.0
2026-07-19 23:00:00+05:30,68.0,23,19,7,272.0
2026-07-20 00:00:00+05:30,67.0,0,20,7,268.0
2026-07-20 01:00:00+05:30,51.0,1,20,7,204.0
2026-07-20 02:00:00+05:30,52.0,2,20,7,208.0
2026-07-20 03:00:00+05:30,50.0,3,20,7,200.0
2026-07-20 04:00:00+05:30,46.0,4,20,7,184.0
2026-07-20 05:00:00+05:30,44.0,5,20,7,176.0
2026-07-20 06:00:00+05:30,42.0,6,20,7,168.0
2026-07-20 07:00:00+05:30,50.0,7,20,7,200.0
2026-07-20 08:00:00+05:30,49.0,8,20,7,196.0
2026-07-20 09:00:00+05:30,41.0,9,20,7,164.0
2026-07-20 10:00:00+05:30,45.0,10,20,7,180.0
2026-07-20 11:00:00+05:30,48.0,11,20,7,192.0
2026-07-20 12:00:00+05:30,52.0,12,20,7,208.0
2026-07-20 13:00:00+05:30,55.0,13,20,7,220.0
2026-07-20 14:00:00+05:30,37.0,14,20,7,148.0
2026-07-20 15:00:00+05:30,44.0,15,20,7,176.0
2026-07-20 16:00:00+05:30,40.0,16,20,7,160.0
2026-07-20 17:00:00+05:30,33.0,17,20,7,132.0
2026-07-20 18:00:00+05:30,30.0,18,20,7,120.0
2026-07-20 19:00:00+05:30,28.0,19,20,7,112.0
2026-07-20 21:00:00+05:30,32.0,21,20,7,128.0
2026-07-20 22:00:00+05:30,35.0,22,20,7,140.0
2026-07-20 23:00:00+05:30,47.0,23,20,7,188.0
2026-07-21 00:00:00+05:30,46.0,0,21,7,184.0
2026-07-21 01:00:00+05:30,36.0,1,21,7,144.0
2026-07-21 02:00:00+05:30,35.0,2,21,7,140.0
2026-07-21 03:00:00+05:30,32.0,3,21,7,128.0
2026-07-21 04:00:00+05:30,40.0,4,21,7,160.0
2026-07-21 05:00:00+05:30,25.0,5,21,7,100.0
2026-07-21 06:00:00+05:30,15.0,6,21,7,60.0
2026-07-21 07:00:00+05:30,17.0,7,21,7,68.0
2026-07-21 08:00:00+05:30,35.0,8,21,7,140.0
2026-07-21 09:00:00+05:30,30.0,9,21,7,120.0
2026-07-21 10:00:00+05:30,24.0,10,21,7,96.0
2026-07-21 11:00:00+05:30,21.0,11,21,7,84.0
2026-07-21 12:00:00+05:30,25.0,12,21,7,100.0
2026-07-21 13:00:00+05:30,33.0,13,21,7,132.0
2026-07-21 14:00:00+05:30,34.0,14,21,7,136.0
2026-07-21 15:00:00+05:30,31.0,15,21,7,124.0
2026-07-21 16:00:00+05:30,27.0,16,21,7,108.0
2026-07-21 17:00:00+05:30,26.0,17,21,7,104.0
2026-07-21 18:00:00+05:30,14.0,18,21,7,56.0
2026-07-21 19:00:00+05:30,16.0,19,21,7,64.0
2026-07-21 20:00:00+05:30,16.0,20,21,7,64.0
2026-07-21 21:00:00+05:30,21.0,21,21,7,84.0
2026-07-21 22:00:00+05:30,26.0,22,21,7,104.0
2026-07-21 23:00:00+05:30,26.0,23,21,7,104.0
2026-07-22 00:00:00+05:30,32.0,0,22,7,128.0
2026-07-22 01:00:00+05:30,24.0,1,22,7,96.0
2026-07-22 02:00:00+05:30,16.0,2,22,7,64.0
2026-07-22 03:00:00+05:30,23.0,3,22,7,92.0
2026-07-22 04:00:00+05:30,23.0,4,22,7,92.0
2026-07-22 06:00:00+05:30,25.0,6,22,7,100.0
2026-07-22 07:00:00+05:30,24.0,7,22,7,96.0
2026-07-22 08:00:00+05:30,21.0,8,22,7,84.0
2026-07-22 09:00:00+05:30,24.0,9,22,7,96.0
2026-07-22 10:00:00+05:30,19.0,10,22,7,76.0
2026-07-22 11:00:00+05:30,31.0,11,22,7,124.0
2026-07-22 12:00:00+05:30,25.0,12,22,7,100.0
2026-07-22 13:00:00+05:30,25.0,13,22,7,100.0
2026-07-22 14:00:00+05:30,24.0,14,22,7,96.0
2026-07-22 15:00:00+05:30,17.0,15,22,7,68.0
2026-07-22 16:00:00+05:30,22.0,16,22,7,88.0
2026-07-22 17:00:00+05:30,17.0,17,22,7,68.0
2026-07-22 18:00:00+05:30,13.0,18,22,7,52.0
2026-07-22 19:00:00+05:30,15.0,19,22,7,60.0
2026-07-22 20:00:00+05:30,21.0,20,22,7,84.0
2026-07-22 21:00:00+05:30,24.0,21,22,7,96.0
2026-07-22 22:00:00+05:30,24.0,22,22,7,96.0
2026-07-22 23:00:00+05:30,33.0,23,22,7,132.0
2026-07-23 00:00:00+05:30,14.0,0,23,7,56.0
2026-07-23 01:00:00+05:30,16.0,1,23,7,64.0
2026-07-23 02:00:00+05:30,12.0,2,23,7,48.0
2026-07-23 03:00:00+05:30,14.0,3,23,7,56.0
2026-07-23 04:00:00+05:30,24.0,4,23,7,96.0
2026-07-23 05:00:00+05:30,23.0,5,23,7,92.0
2026-07-23 06:00:00+05:30,10.0,6,23,7,40.0
2026-07-23 07:00:00+05:30,16.0,7,23,7,64.0
2026-07-23 08:00:00+05:30,26.0,8,23,7,104.0
2026-07-23 09:00:00+05:30,25.0,9,23,7,100.0
2026-07-23 10:00:00+05:30,27.0,10,23,7,108.0
2026-07-23 11:00:00+05:30,26.0,11,23,7,104.0
2026-07-23 12:00:00+05:30,31.0,12,23,7,124.0
2026-07-23 13:00:00+05:30,25.0,13,23,7,100.0
2026-07-23 14:00:00+05:30,28.0,14,23,7,112.0
2026-07-23 15:00:00+05:30,28.0,15,23,7,112.0
2026-07-23 16:00:00+05:30,27.0,16,23,7,108.0
2026-07-23 17:00:00+05:30,19.0,17,23,7,76.0
2026-07-23 18:00:00+05:30,22.0,18,23,7,88.0
2026-07-23 19:00:00+05:30,24.0,19,23,7,96.0
2026-07-23 20:00:00+05:30,20.0,20,23,7,80.0
2026-07-23 21:00:00+05:30,25.0,21,23,7,100.0
2026-07-23 22:00:00+05:30,22.0,22,23,7,88.0
2026-07-23 23:00:00+05:30,26.0,23,23,7,104.0
2026-07-24 00:00:00+05:30,29.0,0,24,7,116.0
2026-07-24 01:00:00+05:30,33.0,1,24,7,132.0
2026-07-24 02:00:00+05:30,31.0,2,24,7,124.0
2026-07-24 03:00:00+05:30,35.0,3,24,7,140.0
2026-07-24 04:00:00+05:30,30.0,4,24,7,120.0
2026-07-24 05:00:00+05:30,38.0,5,24,7,152.0
2026-07-24 06:00:00+05:30,35.0,6,24,7,140.0
2026-07-24 07:00:00+05:30,40.0,7,24,7,160.0
2026-07-24 08:00:00+05:30,34.0,8,24,7,136.0
2026-07-24 09:00:00+05:30,32.0,9,24,7,128.0
2026-07-24 10:00:00+05:30,44.0,10,24,7,176.0
2026-07-24 11:00:00+05:30,39.0,11,24,7,156.0
2026-07-24 12:00:00+05:30,23.0,12,24,7,92.0
2026-07-24 13:00:00+05:30,13.0,13,24,7,52.0
2026-07-24 14:00:00+05:30,18.0,14,24,7,72.0
2026-07-24 15:00:00+05:30,16.0,15,24,7,64.0
2026-07-24 16:00:00+05:30,13.0,16,24,7,52.0
2026-07-24 17:00:00+05:30,14.0,17,24,7,56.0
2026-07-24 18:00:00+05:30,28.0,18,24,7,112.0
2026-07-24 19:00:00+05:30,24.0,19,24,7,96.0
2026-07-24 20:00:00+05:30,27.0,20,24,7,108.0
2026-07-24 21:00:00+05:30,29.0,21,24,7,116.0
2026-07-24 22:00:00+05:30,29.0,22,24,7,116.0
2026-07-24 23:00:00+05:30,31.0,23,24,7,124.0
2026-07-25 00:00:00+05:30,31.0,0,25,7,124.0
2026-07-25 01:00:00+05:30,30.0,1,25,7,120.0
2026-07-25 02:00:00+05:30,31.0,2,25,7,124.0
2026-07-25 03:00:00+05:30,30.0,3,25,7,120.0
2026-07-25 04:00:00+05:30,30.0,4,25,7,120.0
2026-07-25 05:00:00+05:30,27.0,5,25,7,108.0
2026-07-25 06:00:00+05:30,28.0,6,25,7,112.0
2026-07-25 07:00:00+05:30,24.0,7,25,7,96.0
2026-07-25 08:00:00+05:30,24.0,8,25,7,96.0
2026-07-25 09:00:00+05:30,27.0,9,25,7,108.0
2026-07-25 10:00:00+05:30,33.0,10,25,7,132.0
2026-07-25 11:00:00+05:30,33.0,11,25,7,132.0
2026-07-25 13:00:00+05:30,38.0,13,25,7,152.0
2026-07-25 14:00:00+05:30,38.0,14,25,7,152.0
2026-07-26 02:00:00+05:30,39.0,2,26,7,156.0
2026-07-26 03:00:00+05:30,39.0,3,26,7,156.0
2026-07-26 09:00:00+05:30,29.0,9,26,7,116.0
2026-07-26 10:00:00+05:30,31.0,10,26,7,124.0
2026-07-26 11:00:00+05:30,33.0,11,26,7,132.0
2026-07-26 12:00:00+05:30,29.0,12,26,7,116.0
2026-07-26 13:00:00+05:30,29.0,13,26,7,116.0
2026-07-26 16:00:00+05:30,34.0,16,26,7,136.0
2026-07-26 17:00:00+05:30,34.0,17,26,7,136.0
2026-07-27 03:00:00+05:30,30.0,3,27,7,120.0
2026-07-27 04:00:00+05:30,33.0,4,27,7,132.0
2026-07-27 05:00:00+05:30,31.0,5,27,7,124.0
2026-07-27 06:00:00+05:30,32.0,6,27,7,128.0
2026-07-27 07:00:00+05:30,32.0,7,27,7,128.0
2026-07-27 09:00:00+05:30,26.0,9,27,7,104.0
2026-07-27 10:00:00+05:30,21.0,10,27,7,84.0
2026-07-27 11:00:00+05:30,18.0,11,27,7,72.0
2026-07-27 12:00:00+05:30,13.0,12,27,7,52.0
2026-07-27 13:00:00+05:30,18.0,13,27,7,72.0
2026-07-27 14:00:00+05:30,20.0,14,27,7,80.0
2026-07-27 15:00:00+05:30,23.0,15,27,7,92.0
2026-07-27 16:00:00+05:30,22.0,16,27,7,88.0
2026-07-27 17:00:00+05:30,21.0,17,27,7,84.0
2026-07-27 18:00:00+05:30,21.0,18,27,7,84.0
2026-07-27 20:00:00+05:30,40.0,20,27,7,160.0
2026-07-27 21:00:00+05:30,48.0,21,27,7,192.0
2026-07-27 22:00:00+05:30,44.0,22,27,7,176.0
2026-07-27 23:00:00+05:30,52.0,23,27,7,208.0
2026-07-28 00:00:00+05:30,47.0,0,28,7,188.0
2026-07-28 01:00:00+05:30,33.0,1,28,7,132.0
2026-07-28 02:00:00+05:30,31.0,2,28,7,124.0
2026-07-28 03:00:00+05:30,34.0,3,28,7,136.0
2026-07-28 04:00:00+05:30,21.0,4,28,7,84.0
2026-07-28 05:00:00+05:30,21.0,5,28,7,84.0
2026-07-28 06:00:00+05:30,23.0,6,28,7,92.0
2026-07-28 07:00:00+05:30,20.0,7,28,7,80.0
2026-07-28 08:00:00+05:30,24.0,8,28,7,96.0
2026-07-28 09:00:00+05:30,19.0,9,28,7,76.0
2026-07-28 10:00:00+05:30,20.0,10,28,7,80.0
2026-07-28 11:00:00+05:30,43.0,11,28,7,172.0
2026-07-28 12:00:00+05:30,30.0,12,28,7,120.0
2026-07-28 13:00:00+05:30,3.0,13,28,7,12.0
2026-07-28 14:00:00+05:30,4.0,14,28,7,16.0
2026-07-28 15:00:00+05:30,4.0,15,28,7,16.0
2026-07-28 17:00:00+05:30,13.0,17,28,7,52.0
2026-07-28 18:00:00+05:30,21.0,18,28,7,84.0
2026-07-28 19:00:00+05:30,16.0,19,28,7,64.0
2026-07-28 20:00:00+05:30,18.0,20,28,7,72.0
2026-07-28 21:00:00+05:30,22.0,21,28,7,88.0
2026-07-28 22:00:00+05:30,18.0,22,28,7,72.0
2026-07-28 23:00:00+05:30,16.0,23,28,7,64.0
2026-07-29 00:00:00+05:30,20.0,0,29,7,80.0
2026-07-29 01:00:00+05:30,17.0,1,29,7,68.0
2026-07-29 02:00:00+05:30,23.0,2,29,7,92.0
2026-07-29 03:00:00+05:30,20.0,3,29,7,80.0
2026-07-29 04:00:00+05:30,31.0,4,29,7,124.0
